Recall Number,Product Safety Warning Number,Date,Product Safety Warning Date,Recall Heading,Name of product,Description,Hazard Description,Consumer Action,Original Product Safety Warning Announcement,Remedy Type,Units,Incidents,Remedy,Sold At Label,Sold At,Importers,Manufacturers,Distributors,Manufactured In,Custom Label,Custom Field
26-727,,27-Aug-26,,Montessori Baby Toy Sets Recalled Due to Risk of Serious Injury or Death from Choking; Violate Mandatory Standard for Toys; Sold on Amazon by Chillife Official,Chillife 5-in-1 Montessori Baby Toy Sets,"This recall involves the Chillife 5-in-1 Montessori Baby Toy Sets. The set comes with a pull string teether toy, circular stacking blocks, a sensory toy, a shape sorting cube with blocks and a suction cup spinner. The violative pull string teething toy has an off-white disc shape with a blue ball in the middle and six long, silicone pull strings of various colors running through the ball. There are also three free-spinning rings and soft push buttons on the disc. “Model: CHILLIFE01” is printed on the side of the product packaging.&nbsp;","The recalled baby toy sets contain a pull string teething toy that violates the mandatory standard for https://www.cpsc.gov/Business--Manufacturing/Business-Education/Toy-Saf… lang=""EN-US"">toys because the silicone strings are smaller and longer than permitted. The silicone strings can reach the back of children’s throat and become lodged, posing a risk of respiratory distress and deadly choking hazard.&nbsp;",,,Refund,"About 20,134",CPSC is aware of four choking incidents.  No medical attention was required.  ,"Consumers should stop using the pull string teether toys immediately, take them away from children and contact Chillife Official for a partial refund of $5.40. Consumers will be asked to destroy the toy by cutting all silicone strings and writing in permanent marker “DESTROYED” on the main body of the toy and send a photo of the destroyed toy to Chillifebabytoyrecall@outlook.com. Consumers should then dispose of the destroyed product.&nbsp;",Sold Online At,Amazon.com from July 2023 through April 2026 for about $27.&nbsp;,"Shenzhenshixingchuangyiyimaoyouxiangongsi (Shenzhen Xingchuangyi Trading Co., Ltd.) dba Chillife Official, China.",,,China,,
26-726,,27-Aug-26,,Walmart Reannounces Recall of Mainstays Nine-Drawer Fabric Dressers Due to Risk of Serious Injury or Death from Tip-Over and Entrapment Hazards; Walmart Distributed Recalled Dressers Post-Recall; Sold to Consumers Through Liquidators,Mainstays 9-Drawer Fabric Dressers,"This recall involves Mainstays-branded dressers. The fabric dressers have a black metal frame and nine brown or black fabric drawers with handles. The dressers measure about 40 inches long, 13.75 inches wide and 45 inches tall and weigh 32 pounds and were manufactured from September 2023 through December 2025. The Tracking/Lot and the manufacture date in MM/YYYY format are printed on a label under the dresser’s top panel of the dresser. “Mainstays 9-Drawer Fabric Dresser” is printed on the product order receipt and packaging.","The recalled dressers are unstable if they are not anchored to the wall, posing tip-over and entrapment hazards that can result in risk of serious injuries or death to children. The dressers violate the mandatory safety standard as required by the https://www.cpsc.gov/Business--Manufacturing/Business-Education/Busines… lang=""EN-US"">STURDY Act.",,,Refund,"About 165,250 (About 165,000 of these dressers were previously recalled in May 2026)",None reported,"Consumers should stop using the recalled dressers if they are not anchored to the wall immediately, place them in an area that children cannot access and contact Walmart for a full refund. Consumers will be asked to return the dressers’ drawers to any Walmart store and dispose of the dressers’ frame according to local and state regulations.",Sold At,"Walmart stores nationwide and online at Walmart.com from September 2023 through March 2026 for about $80. Recalled dressers were sold to consumers post-recall through the following liquidators: OMG California Community, of Riverside, California; Threads of Fenton of Fenton, Michigan, Golden Cone Electronic, Inc., of Elkhart, Indiana; and ReturnPro, of Miami, Florida. This reannouncement is intended to alert consumers who purchased the dressers from the above liquidators that the dressers have been recalled because they pose tip-over and entrapment hazards.",,"Hop Thang Interior Wood Co. Ltd., of Vietnam",,Vietnam,Retailer:,"Walmart Inc., of Bentonville, Arkansas"
26-725,,27-Aug-26,,Pressure Washers Recalled Due to Serious Risk of Injury or Death from Shock and Electrocution Hazards; Sold on Amazon by YERYORK,YERYORK Pressure Washers,"This recall involves YERYORK-branded pressure washers. The recalled, 2.5 GPM electric pressure washers are green with black, and measure about 10.24 inches deep, 16.14 inches wide and 12.01 inches high. The pressure washers come with a 500 ml foam cannon, four quick disconnect nozzles, a 32.81-foot hose and four lockable wheels. Only power washers without a GFCI are included in this recall. The brand is printed at the front of the power washer and model number YE-006 on a label on top of the unit near the handle.","The recalled pressure washers lack an integral ground-fault circuit-interrupter (GFCI) and an adequate-length power cord, posing serious risks of injury or death from shock and electrocution hazards.",,,Refund,300,None reported,"Consumers should stop using the recalled pressure washers immediately and contact YERYORK for a full refund. Consumers will be asked to unplug the pressure washer, destroy it by cutting the power cord in half, and send a photo of the destroyed power washer, showing the model number, to yeryorkrecalls@outlook.com. Consumers should then dispose of the destroyed recalled product.",Sold Online At,Amazon.com from March 2025 through June 2026 for about $120.,,"Lanzhou Xinshi Mingchen Information Technology Co., Ltd., dba YERYORK, of China",,China,,
26-724,,27-Aug-26,,Little Loves & Co. Recalls Youth Clothing with Drawstrings Due to Risk of Serious Injury or Death from Entrapment Hazard,Little Loves & Co. Youth Clothing with Drawstrings,This recall involves youth daywear sets and boy short sets with waist drawstrings. The daywear sets were sold with a crew neck shirt and joggers. The boy short sets were sold with a short sleeve shirt and shorts. The products were sold in sizes 12/18 months through youth 9/10 and were sold in a variety of colors and collage style designs. The model number and date code are printed on the neck tag. The following model numbers and date codes are included in the recall:&nbsp;&nbsp;&nbsp;&nbsp;&nbsp;&nbsp;&nbsp;&nbsp;&nbsp;&nbsp;&nbsp;&nbsp;&nbsp;&nbsp;&nbsp;&nbsp;&nbsp;&nbsp;&nbsp;&nbsp;&nbsp;Style &nbsp;&nbsp;&nbsp;&nbsp;&nbsp;&nbsp;&nbsp;&nbsp;&nbsp;&nbsp;&nbsp;&nbsp;&nbsp;&nbsp;&nbsp;&nbsp;Model Number&nbsp;&nbsp;&nbsp;&nbsp;&nbsp;&nbsp;&nbsp;&nbsp;&nbsp;&nbsp;&nbsp;&nbsp;&nbsp;&nbsp;&nbsp;&nbsp;&nbsp;&nbsp;&nbsp;&nbsp;&nbsp;&nbsp;&nbsp;&nbsp;&nbsp;&nbsp;&nbsp;&nbsp;&nbsp;&nbsp;&nbsp;&nbsp;&nbsp;&nbsp;&nbsp;&nbsp;Date Code &nbsp;&nbsp;&nbsp;&nbsp;&nbsp;&nbsp;&nbsp;&nbsp;&nbsp;&nbsp;&nbsp;&nbsp;&nbsp;&nbsp;&nbsp;&nbsp;Daywear Set&nbsp;LLC110&nbsp;12/30/25&nbsp;Boy Shorts Set&nbsp;LLC012&nbsp;3/15/25&nbsp;Boy Shorts Set&nbsp;LLC013&nbsp;4/15/25&nbsp;Boy Shorts Set&nbsp;LLC111&nbsp;3/20/26&nbsp;Boy Shorts set&nbsp;LLC112&nbsp;4/20/26&nbsp;,The drawstrings in the recalled clothing can get caught on objects and cause death or serious injury to children due to an entrapment hazard.,,,"Refund, Repair",About 590,None reported,"Consumers should take the recalled clothing away from children immediately and contact Little Loves &amp; Co. for a full refund after return of the product. Consumers should contact Little Loves &amp; Co. to receive a pre-paid shipping label to return the garment. Upon receipt, affected consumers will be issued a refund. If consumers would prefer to keep the garment, they should cut and remove the drawstring.",Sold Online At,Littlelovesandco.com and Whatnot.com from May 2025 through July 2026 for between $15 and $30.,"Little Loves & Co. LLC, of Olympia, Washington",,,China,,
26-723,,27-Aug-26,,Steelite Pressure Washers Recalled Due to Risk of Serious Injury or Death from Shock and Electrocution Hazards; Sold on Amazon by Longer 3D,Steelite Electric Pressure Washers,"This recall involves Steelite-branded pressure washers. They are red and black and measure about 30 inches high, 10 inches wide and 12 inches deep. The 2.5 gpm, electric pressure washers have a foam cannon, four quick connect nozzles and a 20-foot hose. Model “AZ6041VC” is printed on a label on the back of the pressure washer.","The recalled pressure washers lack an integral ground-fault circuit-interrupter (GFCI) and an adequate-length power cord, posing a risk of serious injury or death from shock and electrocution hazards.",,,Refund,About 128,None reported,Consumers should stop using the recalled pressure washers immediately and contact Longer 3D for a full refund. Consumers will be asked to destroy the power washer by cutting the unplugged power cord in half and send a photo of the destroyed pressure washer to 2991426091@qq.com. Consumers should then dispose of the destroyed recalled product.,Sold Online At,Amazon.com from April 2026 through June 2026 for between $45 and $92.,"Longer Technology (Hong Kong) Limited, dba Longer 3D, of China",,,China,,
26-722,,27-Aug-26,,Excel Industries Recalls Accessory LED Light Kits Due to Risk of Serious Injury from Fire Hazard,Accessory LED Light Kits used with certain ride-on mowers,This recall involves an accessory LED Light Kit containing two LED Light Bars and kit components.&nbsp;These accessory products are used on Hustler or BigDog ride-on mowers as an accessory light at the front of the mower. A black or yellow steel mounting bracket attaches to the mower footrest at the front of the mower and holds two LED Light Bars as headlights. The LED Light Bars are clear plastic with a white and a black wire and an orange plug at the end. They measure 6 inches wide and ¾ of an inch tall.&nbsp;,"The light bars can overheat or produce flames, posing a risk of serious injury from a fire hazard.",,,Refund,"About 1,800",None reported,Consumers should stop using the accessory LED Light Kits immediately and contact their point-of-sale dealers to receive a refund upon return of the light kit. Light kits installed on mowers can be removed either at the local dealer or at the consumer’s residence.,Sold At,Hustler and BigDog dealerships nationwide or online at www.hustlerturf.com/law-mower-accessories or www.bigdogmower.com/accessories from April 2020 through July 2026 for between $180 and $330.,,"Excel Industries LLC, of Hesston, Kansas",,United States,,
26-721,,27-Aug-26,,Kmaier Recalls Infant Walkers Due to Risk of Serious Injury or Death from Fall Hazard; Violate Mandatory Standard for Infant Walkers,Kmaier Infant Walkers,"This recall involves Kmaier-branded infant walkers. The pink, green or white walkers have a tray, a fabric seat and a round base with six-wheels. The walkers can be adjusted to nine different height levels. “Model No.: RV001” is printed on a label located under the walker’s seat.&nbsp;","The recalled walkers violate the mandatory standard for https://www.cpsc.gov/Business--Manufacturing/Business-Education/Busines… lang=""EN-US"">infant walkers because they can fit through a standard doorway and fail to stop at the edge of a step, posing a deadly fall hazard.",,,Refund,About 243,None reported,Consumers should stop using the recalled walkers immediately and contact Kmaier for a full refund. Consumers will be asked to disassemble the walker; destroy it by cutting the walker’s fabric seat and writing in permanent marker “Recalled” on the top of the tray; and send a photo of the destroyed walker to TargetplusSJ@outlook.com. Consumers should then dispose of the recalled product.,Sold Online At,Target.com in June 2026 for between $62 and $70.,,,,China,Retailer:,"FENUN, Inc., dba Kmaier, of Pasadena, California"
26-720,,27-Aug-26,,AudioLineOut Recalls Studio Six Headphone Amplifiers Due to Risk of Serious Injury or Death from Electrocution Hazard,Studio Six Headphone Amplifiers,"This recall involves Studio Six Headphone Amplifiers with model ST6. The amplifiers are black or silver. The amplifiers measure 15-3/4 inches high by 12 inches wide. The height for the lower level of the unit, top to bottom, is 5-3/4 inches; the height from the top of the upper level to bottom of the unit is 20-3/4 inches. In the front of the unit, there are four audio connectors for headphones. In the back, there are three sets (L and R) of RCA inputs. Also in the back is a connector for an auxiliary power device.","When the amplifiers are used with aftermarket metal base tubes, the bare metal can become electrified, posing a risk of serious injury or death from electrocution.",,,Repair,About 90,None reported,"Consumers should stop using the recalled amplifiers immediately and contact AudioLineOut for a free repair. Consumers should contact AudioLineOut at support@aloaudio.com for a prepaid shipping label to ship back the product for repair. Alternatively, consumers can utilize the originally supplied vacuum tubes.",Sold At,"Independent stereo stores nationwide and online at aloaudio.com from December 2014 through December 2022 for about $3,900.",,,"AudioLineOut LLC, of Portland, Oregon",United States,,
26-719,,27-Aug-26,,HABA USA Recalls Rainbow Rattle Grasping and Teething Toys Due to Risk of Serious Injury or Death from Choking and Ingestion Hazards,HABA Rainbow Rattle Grasping and Teething Toy,"This recall involves HABA Rainbow Rattle Grasping and Teething Toy item number 2012261001 and batch code 0925. The rattle grasping and teething toy features plastic rattling rings that produce sound when moved. Constructed from wood with multiple materials and colorful components, designed for infant grasping, sensory exploration and early play. Each HABA Rainbow Rattle Grasping and Teething Toy can be identified by the product batch code in black on one of the natural wooden hemisphere pieces and the item number found on the back side of the backer card above the barcode.","The glued knot on the elastic cord can become untied on the recalled product, allowing young children access to the small wooden and plastic pieces, posing a risk of serious injury or death from choking and ingestion hazards.",,,Refund,"About 2,000",The firm has received two reports of the knots on the elastic cord becoming untied. No injuries have been reported. ,"Consumers should stop using the rattle grasping and teething toy immediately, take it away from children and contact HABA USA to receive a full refund. Consumers will be asked to destroy the toy by cutting the elastic cord, taking a photo of it and uploading a photo of the destroyed toy with their name and address to recall@habausa.com. Consumers should then dispose of the destroyed product.&nbsp;",Sold At,"Specialty stores nationwide and online at Amazon.com, Target.com, Bellalunatoys.com, Habausa.com and Nordstrom.com from December 2025 through July 2026 for about $13.","Habermaass Corporation, Inc. dba HABA USA, of Skaneateles, New York ",,,China,,
26-718,,27-Aug-26,,Diamond Wipes International Recalls MD Wipe Outz Numbing Tattoo Wipes Due to Risk of Serious Injury or Death from Child Poisoning; Violate Mandatory Standard for Child-Resistant Packaging,MD Wipe Outz Numbing Tattoo Wipes,"This recall involves MD Wipe Outz Numbing Tattoo Wipes. The pain-relieving wipes were sold in individually wrapped 3 x 4 inches foil packets in boxes of 5, 10, 25, and 250. The Wipe Outz logo, “NUMB” and “Lidocaine Infused” is printed on the front of the packet.","The recalled numbing wipes contain lidocaine, which must be in child-resistant packaging, as required by the https://www.cpsc.gov/Business--Manufacturing/Business-Education/Busines… lang=""EN-US"">Poison Prevention Packaging Act. The packaging of the wipes is not child-resistant, posing a risk of serious injury or death from poisoning if the contents of the wipes are ingested by young children.",,,Refund,"About 55,250",None reported,Consumers should secure the wipes out of sight and reach of children immediately and contact Diamond Wipes for a full refund. Consumers will be asked to write “RECALLED” on the packet and send a photo of the marked packet to recall@diamondwipes.com. Consumers should then dispose of the packets.,Sold Online At,Amazon.com from September 2025 through June 2026 and Shopify.com from September 2025 through May 2026 for between about $7.50 for a 5-pack and $225 for a 250-pack.,,"Diamond Wipes International, Inc., of Chino, California",,United States,Retailer:,"MD Wipe Outz, of Thousand Oaks, California"
26-717,,27-Aug-26,,Conair Expands Recall of Cuisinart Grill Brushes Due to Ingestion Hazard; Over 3.6 Million Brushes Now Recalled,Metal Wire Bristle Grill Brushes,"This recall expansion involves Cuisinart metal wire bristle grill brushes. The brushes have black plastic, stainless steel, and wood handles.&nbsp;The following model numbers were previously recalled and can be found on the product packaging: CCB-100, CCB-4125, CCB-5014, CCB-6450, CCB-8012, CCB-4114, CCB-W2, and CSBS-777. The following model numbers are part of this recall expansion: CGWM-024, CGWM-059, FCB-501, CGS-W18, CCB-134, CGWM-061, CB-395, CCB-3001, CGWM-077, CGWM-058, CCB-012/021, CGWM-060, and FBH-51.&nbsp;In addition to the identified models, additional Cuisinart brand wire bristle brushes were sold individually and in sets, prior to 2020. All Cuisinart wire bristle grill brushes are included in the recall.The word “Cuisinart” is stamped on the brush handle of the identified models except FCB-501 and CCB-395, where the handle is not stamped. Some of the recalled brushes were also sold as part of the Premium Grill 10 Piece set (CGS-2010), 13 Piece Wooden Handle Grill Tool Set (CGS-W13), 14 Piece Deluxe Stainless Steel Grill Set (CGS-5014), and 20 Piece Deluxe Grill Set, (CGS-5020).The model numbers listed below are part of this recall:Model No.Brush DescriptionBrush PhotographDistribution DatesCCB-100Triple Bristle Grill Cleaning BrushJanuary 2013-March 2026CCB-41254-in-1 Grill Cleaning Brush with Stainless Steel Wire BristlesOctober 2022-March 2026CCB-5014BBQ Grill Cleaning Brush and Scraper, 16.5"" Stainless SteelJune 2009-March 2026CCB-6450Tripple Bristle Grill Brush SS Bristles&nbsp;January 2025-March 2026CCB-80122-In-1 Grill Brush Bristle/Coil&nbsp;January 2025-March 2026CCB-4114Pizza Stone Cleaning Brush&nbsp;2024CCB-W2Wood Grill Cleaning Brush (18.5"" with Pakka Wood Handle)&nbsp;&nbsp;&nbsp;&nbsp;March 2024-July 2025CSBS-777Steam Clean Grill BrushMarch 2014-July 2025CGWM-024Dual Grip Grill Brush2018-2026CGWM-05918"" Bamboo Cleaning Grill Brush2019-2026&nbsp;FCB-501Grill Dozer Steam Cleaning Grill Cleaning Tool2009-2026&nbsp;CGS-W1818-Piece Wooden Handle Grill Set2017-2026&nbsp;CCB-134Comfort Grill Cleaning Brush&nbsp; &nbsp;-&nbsp; (Colors: Black, Red, Green, Blue)2017-2026&nbsp;CGWM-06121"" Tri-Wire Grill Brush2020-2026&nbsp;CB-395Cross-Action Grill Cleaning Brush2014-2026 &nbsp;&nbsp;CCB-3001Triple Threat Grill Brush2019-2026&nbsp;CGWM-077Steam Cleaner Grill Brush2019-2026&nbsp;CGWM-0583-Piece Multi-Use Grill Cleaning SystemPrior to 2019CCB-012/021Tri-Wire 12”-Inch Grill Cleaning BrushPrior to 2019CGWM-06016” Wire Detailing Grill BrushPrior to 2019FBH-51Cleaning Brush ReplacementPrior to 2019","Small metal wire bristles can detach from the brushes and stick to the grill or food, posing an ingestion hazard and risk of serious internal injuries that could require surgery.",,,Refund,"About 1,905,805 additional brushes (Conair previously recalled 1,719,995 grill brushes in July 2026 for a total of 3,625,800)","Conair is aware of at least 54 reports and reviews where small wire bristles detached from the grill brushes, including three reports of consumers who swallowed metal bristles and sought medical treatment to remove the bristles from their digestive tract or throat.",Consumers should stop using the recalled grill brushes immediately and contact Conair for a full refund or a credit for use at Cuisinart.com for a full refund plus 20% of the cash refund amount. Consumers will be asked to discard the recalled grill brushes.,Sold At,"Walmart, Burlington, TJ Maxx and Ross and online including Amazon and Cuisinart.com from June 2009 through March 2026 for between $8 and $20.","Conair LLC of Stamford, Connecticut",,,China,,
26-716,,20-Aug-26,,CCM Hockey U.S. Recalls FMHVR Hybrid Visors and ACCHVR Replacement Visor Accessories Due to Risk of Injury from Laceration or Impact Hazards,FMHVR Hybrid Visors and ACCHVR Replacement Visor Accessories,"This recall involves the CCM Hybrid Hockey Visors, style FMHVR and replacement visor accessories, style ACCHVR. The recalled FMHVR Hybrid Visors are marked “HVR” at the top of the metal plate (above “CCM” in red). Recalled FMHVR visors have serial numbers beginning with “M/L” or “S/M.” The recalled ACCHVR Replacement Visor accessory has serial numbers beginning with “SR”. The serial number is printed at the top corner on the right- hand-side metal plate where HVR – CCM are written, inside of the visors, engraved into the polycarbonate. The following visor and visor accessories are included in the recall:&nbsp;Recalled Visors and Visor Accessories","The recalled hockey visors and replacement visor accessories can crack upon impact, posing a risk of injury due to laceration or impact hazards.",,,Replace,"About 12,957",None reported,"Consumers should stop using the recalled visors and visor accessories immediately and return the products to the nearest participating retailer for a free replacement. Consumers can choose from the FV1 full visor, FM780 combo cage, or FM580 combo cage. To find your nearest participating retailer, go to https://us.ccmhockey.com/product/storelocator. Consumers without access to a participating retailer should contact CCM directly and CCM will send a return prepaid envelope for the return of the recalled product. CCM will ship a replacement upon receipt of the returned recalled product.",Sold At,"Monkey Sports, Play It Again Sports, Pure Hockey and independent sporting goods and online at https://us.ccmhockey.com/ from May 2024 through April 2026 for about $120 for the Hybrid Visor and about $55 for the Replacement Visor accessories.","CCM Hockey U.S., Inc., of Maple Grove, Illinois",,,China,,
26-715,,20-Aug-26,,Workbless Pressure Washers Recalled Due to Risk of Serious Injury or Death from Shock and Electrocution Hazards,Workbless Electric Pressure Washers,"This recall involves Workbless-branded pressure washers, models WB0301 and WB0302. Model WB0301 is green and black and measures about 27.24 inches high, 10.83 inches wide and 8.39 inches deep. “WORKBLESS”, ""WB0301” and “ELECTRIC PRESSURE WASHER” are printed on a label on the back of the pressure washer. Model WB0302 is also green and black and measures about 29.57 inches high, 14.69 inches wide and 10.94 inches deep. “WORKBLESS”, “WB0302” and “HEAVY DUTY ELECTRIC PRESSURE WASHER” are printed on a label on the back of the pressure washer.&nbsp;&nbsp;Both models came with four quick connect nozzles and a foam cannon.","The recalled pressure washers lack an integral ground-fault circuit-interrupter (GFCI) and an adequate-length power cord, posing serious risks of injury or death from shock and electrocution hazards.",,,Refund,"About 2,200 (In addition, about 657 in Canada)",None reported,Consumers should stop using the recalled pressure washers immediately and contact&nbsp;Workbless for a full refund. Consumers will be asked to destroy the pressure washer by cutting the unplugged power cord in half and send a photo of the destroyed pressure washer to&nbsp;service@workbless.net.&nbsp;Consumers should then dispose of the destroyed recalled product.,Sold At,"Amazon.com, BestBuy, Kohls, Lowe’s, Overstock, Target and Walmart from April 2025 through July 2026 for between $97 and $140.",,,,China,Private Labeler:,"Guangzhou Ao Lian Ya Wang Luo Ke Ji You Xian Gong Si,&nbsp;dba&nbsp;Workbless, of China"
26-714,,20-Aug-26,,Koorlian Mattresses Recalled Due to Risk of Serious Injury or Death from Fire Hazard; Violate Mandatory Standard for Mattress Flammability; Sold on Amazon by Dream Bedding Technology,Koorlian Mattresses,This recall involves Koorlian branded mattresses. The mattresses are 10 inches thick and were sold in a Twin XL size. They have a white top and blue sides and were sold compressed in a box. “Dreams Bedding Technology PTE LTD” the manufacture date and prototype ID “KY15Q290” are printed on a sewn-in white label located on one side of the mattress.,"The recalled mattresses violate the mandatory flammability standard for https://www.cpsc.gov/Business--Manufacturing/Business-Education/Busines… lang=""EN-US"">mattresses, posing a risk of serious injury or death from fire.",,,Repair,About 251,None reported,Consumers should stop using the recalled mattress immediately and contact Dreams Bedding Technology to receive a free cover to put over their mattress to bring it into compliance with the mandatory flammability standards.,Sold Online At,Amazon.com from November 2025 through March 2026 for between $110 and $170.,,"Dreams Bedding Technology PTE. Ltd., of Singapore",,Singapore,,
26-713,,20-Aug-26,,JINHEZO Mini Waterproof LED Tea Lights Recalled Due to Risk of Serious Injury or Death from Battery Ingestion; Violate Mandatory Standard for Consumer Products with Button Cell Batteries; Imported by Mystic ZO,JINHEZO Mini Waterproof LED Tea Lights,This recall involves JINHEZO Mini Waterproof LED Tea Lights. The circular tea lights are clear with a white base and are about 1” in diameter and 1.14” tall. They come in a pack of 24 lights with 48 coin-cell batteries (two per light).,"The LED Tea Lights violate the mandatory safety standard for consumer products with button cell and coin batteries because the button batteries can be accessed easily by children, posing an ingestion hazard. Additionally, the packaging and product do not have the warnings required under https://www.cpsc.gov/Business--Manufacturing/Business-Education/Busines… lang=""EN"">Reese’s Law. When button cell or coin batteries are swallowed, the ingested batteries can cause serious injuries, internal chemical burns and death.",,,Refund,"About 2,798",None reported,"Consumers should stop using the recalled LED Tea Lights immediately and contact Mystic Zo for a full refund. To receive a refund, consumers will be asked to email their order number or bar code number, if available, along with a photo of the tea lights disposed of in the trash to jinhemaoyi2016@sina.com. &nbsp;Note: Button cell batteries are hazardous. Batteries should be disposed of or recycled by following local hazardous waste procedures. &nbsp;",Sold Online At,Amazon.com from March 2024 through July 2026 for between $16 to $20 per pack.,"Shenzhen Jinhe Trade Co., Ltd., dba Mystic ZO, of China",,,China,,
26-712,,20-Aug-26,,Goal Zero Recalls YETI 3000X Power Stations Due to Serious Risk of Injury from Fire and Burn Hazards,Goal Zero YETI 3000X Portable Power Stations,"This recall involves Goal Zero’s YETI 3000X power stations. The silver and black portable power stations measure about 24.4 inches high, 18.5 inches wide and 22.3 inches deep, and weigh about 92 pounds. The power stations have yellow handles and a digital display at the front with electrical ports. They sit on a rolling cart with two built-in wheels and a telescoping handle. The Goal Zero logo is printed on the front bar of the cart and on a nameplate located on the underside of the station’s lid along with “YETI 3000X”.","The recalled power station’s circuit board can overheat, posing a risk of serious injury from fire and burn hazards.",,,Repair,"About 46,200","Goal Zero has received four reports of the power stations catching fire, overheating and smoking. No injuries have been reported.",Consumers should stop using the power stations immediately and install the free repair in the form of a firmware update available through the Goal Zero application or contact Goal Zero for firmware installation at no cost.,Sold At,"REI stores nationwide and online at Costco.com, Backcountry.com, Goalzero.com and other online retailers from May 2020 through August 2025 for about $3,000.","Goal Zero, of Draper, Utah",,,China,,
26-711,,20-Aug-26,,Modine Manufacturing Company Recalls Airedale Heating and Cooling Ventilation Fans Due to Fire Hazard,Ventilation Fans in ClassMate® DX Cooling and Air Source Heat Pumps and SchoolMate® Water/Ground Source Heat Pumps,"This recall involves ventilation fans in ClassMate cooling and air source heat pumps and SchoolMate water/ground source heat pumps that supply heating, cooling and high indoor air quality in classrooms and schools in the following models:ModelVentilation Configuration (Digit 9)CMDC, D, or ECMPC, D, or ESMGH, J, K, N, or PSMWH, J, K, N, or PCMSH, J, K, N, or PThe brand name Airedale is located on a sticker on the front of the unit. The model name and serial number are found on the serial plate on the underside of the control unit.","The ventilation fan motor in the heat pumps can short circuit if water gets on the circuit board, causing the units to overheat and posing a fire hazard.",,,Repair,"About 6,061 (In addition, about 735 were sold in Canada)","Modine has received 11 reports of incidents that resulted in fires, totaling at least $2.7 million in property damage.  No injuries have been reported.",Consumers should stop using the recalled heat pumps immediately and contact Modine Manufacturing Company for written instructions to unplug the recalled ventilation fan or to switch the internal disconnect in the fan to the “off” position. Consumers should contact their Modine distributor to arrange for their free inspection and service. Service technicians will inspect and repair or replace the recalled heating and cooling OA/EA ventilation fans in all units.,Sold At,"Independent dealers nationwide from August 2013 through January 2026 for between $15,000 and $25,000. The ventilation fans are also sold separately through independent dealers for between $250 and $450.",,"Modine Manufacturing Company, of Racine, Wisconsin",,United States,,
26-710,,20-Aug-26,,KTM North America Recalls Off-Road Motorcycles Due to Risk of Serious Injury or Death from Crash Hazard,GASGAS and Husqvarna Off-Road Motorcycles,"This recall involves 2021, 2022, 2023 and 2024 off-road motorcycles. The GASGAS off-road motorcycles are red with the white GASGAS logo on both sides of the shrouds. The Husqvarna motorcycles are white, blue and yellow with the Husqvarna logo on both sides of the shrouds. The VIN and number are located on the right side of the steering head.Recalled 2021, 2022, 2023 and 2024 Off Road Motorcycles:&nbsp;Model Year&nbsp;Husqvarna Models&nbsp;Model Year&nbsp;GASGAS Model&nbsp;Model Year&nbsp;GASGAS Model&nbsp;2022&nbsp;FE 350&nbsp;2021&nbsp;EC 300&nbsp;2024&nbsp;EC 450F&nbsp;&nbsp;2022&nbsp;FE 501&nbsp;2022&nbsp;EC 250&nbsp;&nbsp;2024&nbsp;EX 250&nbsp;&nbsp;2022&nbsp;TE 150i&nbsp;&nbsp;2022&nbsp;EC 300&nbsp;&nbsp;2024&nbsp;EX 250F&nbsp;&nbsp;2022&nbsp;TE 250i&nbsp;2023&nbsp;EC 250&nbsp;&nbsp;2024&nbsp;EX 300&nbsp;&nbsp;2022&nbsp;TE 300i&nbsp;2023&nbsp;EC 300&nbsp;&nbsp;2024&nbsp;EX 350F&nbsp;&nbsp;2023&nbsp;TE 150&nbsp;2023&nbsp;EX 250&nbsp;&nbsp;2024&nbsp;EX 450F&nbsp;&nbsp;2023&nbsp;TE 250&nbsp;2023&nbsp;EX 250F&nbsp;&nbsp;2024&nbsp;EW 500F&nbsp;2023&nbsp;TE 300&nbsp;2023&nbsp;EX 300&nbsp;&nbsp;&nbsp;&nbsp;2023&nbsp;TE 300 Heritage&nbsp;2023&nbsp;EX 350F&nbsp;&nbsp;&nbsp;&nbsp;2023&nbsp;FX 350 Heritage&nbsp;2023&nbsp;EX 450F&nbsp;&nbsp;&nbsp;&nbsp;2023&nbsp;FX 350&nbsp;2023&nbsp;MC 125&nbsp;&nbsp;&nbsp;2023&nbsp;FE 450&nbsp;2023&nbsp;MC 250&nbsp;&nbsp;&nbsp;2023&nbsp;FE 450 Heritage&nbsp;2023&nbsp;MC 250F&nbsp;&nbsp;&nbsp;&nbsp;2023&nbsp;FX 450&nbsp;2023&nbsp;MC 350F&nbsp;&nbsp;&nbsp;&nbsp;2023&nbsp;TX 300&nbsp;2023&nbsp;MC 450F&nbsp;&nbsp;&nbsp;&nbsp;2023&nbsp;TX 300 Heritage&nbsp;2024&nbsp;MC 125&nbsp;&nbsp;&nbsp;&nbsp;2024&nbsp;TE 150&nbsp;2024&nbsp;MC 250&nbsp;&nbsp;&nbsp;2024&nbsp;TE 250&nbsp;2024&nbsp;MC 250F&nbsp;&nbsp;&nbsp;&nbsp;2024&nbsp;TE 300&nbsp;2024&nbsp;MC 350F&nbsp;&nbsp;&nbsp;2024&nbsp;FE 350w&nbsp;2024&nbsp;MC 450F&nbsp;&nbsp;&nbsp;&nbsp;&nbsp;2024&nbsp;FE 450&nbsp;2024&nbsp;EC 250&nbsp;&nbsp;&nbsp;2024&nbsp;FE 501w&nbsp;2024&nbsp;EC 300&nbsp;&nbsp;&nbsp;&nbsp;","The rear brake caliper can crack or break, reducing the brake system’s effectiveness, posing a risk of serious injury or death due to crash hazard.",,,Repair,"About 21,040 (In addition, about 4,140 were sold in Canada) ",None reported,Consumers should stop riding the recalled motorcycles immediately and contact an authorized GASGAS or Husqvarna Motorcycle dealer to schedule a free repair at the dealership.,Sold At,"GASGAS and Husqvarna authorized dealers nationwide from September 2020 through June 2023 for between $7,300 and $13,000.","KTM North America Inc., of Amherst, Ohio",,,Austria,,
26-702,,13-Aug-26,,Hampton Bay Halwin 52-Inch Ceiling Fans Recalled Due to Impact and Injury Hazards; Manufactured by Youngo Limited,Hampton Bay Halwin 52-inch Indoor/Outdoor Ceiling Fans,"This recall involves Hampton Bay Halwin 52-inch Indoor/Outdoor Ceiling fans with model numbers AK396H-MBK and AK396H-BN. The recalled fans have an adjustable white LED light, come in a matte black or brushed nickel finish, and include a remote. UPCs “840059614922” or “840059615370” are located on the product packaging, the rating label located on the inside of fan mounting plate (same label as the serial number), and the warranty registration card packed with the Use and Care Guide.","The fan blades can separate from the fan motor flywheel, posing impact and injury hazards to consumers.",,,Refund,"About 9,460",Youngo has received 11 reports of incidents involving the fan blades breaking or separating from the fan motor flywheel. No injuries have been reported.,"Consumers should stop using the recalled ceiling fans immediately and contact Youngo for either a full refund by ACH payment or store credit in the form of a Home Depot gift card. To receive either option, consumers should contact Youngo with proof of purchase or a photograph of the serial number (located inside the mounting plate of the ceiling fan) and a photo showing proof of disposal of the product. Alternatively, consumers may return the product to a Home Depot retail store for full store credit in the form of a Home Depot gift card or refund back to the card used for purchase.&nbsp;",Sold Exclusively At,The Home Depot stores nationwide and online from January 2023 through October 2025 for about $180.,,"Youngo Limited, of Huizhou, China",,China,,
26-701,,13-Aug-26,,Sunnyside Corporation Recalls 1-K Kerosene Heater and Appliance Fuel Containers Due to Risk of Serious Injury or Death from Flash Fire and Burn Hazard; Violates Mandatory Standards for Portable Fuel Containers,Sunnyside gallon 1-K Kerosene Heater Fluid Portable Fuel Containers,This recall involves Sunnyside gallon 1-K Kerosene Heater and Appliance Fluid Portable Fuel Containers with batch number 26082. The bottles come in white plastic containers with white caps and have a multicolor label with the words “sunnyside” and “kerosene”. The container has labels on front and back and contains warning statements and distributor information.&nbsp; The batch number is located on the upper right front of bottle.&nbsp;,"The pre-filled fuel containers violate the mandatory safety standards of the https://www.cpsc.gov/Business--Manufacturing/Business-Education/Busines… lang=""EN-US"">Portable Fuel Container Safety Act because they lack flame mitigation devices, posing a deadly risk of flash fire and burn hazard.",,,Refund,About 960  ,None reported,"Consumers should stop using the recalled fuel bottles immediately, place them out of reach of children, and contact Sunnyside for a full refund. Consumers will be asked to write “RECALLED” with permanent marker on the bottle; and submit a photo of it to info@sunnysidecorp.com. Consumers should dispose of the fuel bottles in accordance with local and state regulations.&nbsp;&nbsp;Note: Kerosene fuel is hazardous. Fuel containers should be disposed of or recycled by following local hazardous waste procedures.&nbsp;&nbsp;",Sold At,Amazon.com online and Do-It Best Hardware Stores from May 2026 through July 2026 for about $13.,,,"Sunnyside Corporation, of Wheeling, Illinois ",China,,
26-700,,13-Aug-26,,Fastbuy Recalls Zimtown Portable Gas and Fuel Cans Due to Risk of Serious Injury or Death from Burn Hazard and Child Poisoning; Violate Mandatory Standard for Portable Fuel Containers,Zimtown Portable Gas and Fuel Cans,This recall involves Zimtown Portable “Jerry” style Gas and Fuel Cans with spout. The metal 5.0 gallon (20L) fuel cans come in red and army green. The cans have a white spout and yellow vent cap. The assembled product dimensions are 4.76 x 8.49 x 19.29 inches.,"The fuel containers violate the requirement for closures under the https://www.cpsc.gov/Business--Manufacturing/Business-Education/Busines… lang=""EN-US"">Children’s Gasoline Burn Prevention Act because the closure is not child-resistant, posing a risk of burns and poisoning to children.",,,Refund,About 200,None reported,"Consumers should stop using the gas and fuel containers immediately and contact Fastbuy for a full refund. Consumers should disassemble the spout, cut it into pieces with scissors and dispose of it separately from the container. Consumers will be asked to write “RECALLED” on the container and submit photos of the product to ZimtownFuelCanrecall@outlook.com separately.",Sold Online At,Walmart.com and Zimtown.com from May 2026 through July 2026 for between $32 and $63.&nbsp;,,,,China,Retailer:,"Fastbuy Inc., dba Zimtown, of Metuchen, New Jersey&nbsp;"
26-699,,13-Aug-26,,SUGIFT Recalls SUGIFT Pressure Washers Due to Serious Risk of Injury or Death from Shock and Electrocution Hazards,"SUGIFT Electric Pressure Washers, Model LTBBHG006","This recall involves SUGIFT-branded pressure washers. The recalled, 2.8 GPM electric pressure washers are orange and black, and measure about 11.4 inches deep, 12.7 inches wide and 25.2 inches high. The pressure washers come with a touch screen, foam cannon, four quick disconnect nozzles, a 20-foot hose and two rollers. Labeling on the front of the pressure washer reads “High Pressure Washer”. The model number LTBBHG006 does not appear on the product but it was included in the Best Buy website listing.","The recalled pressure washers lack an integral ground-fault circuit-interrupter (GFCI) and, because the power cord is short, it may encourage use of an extension cord, posing serious risks of injury or death from shock and electrocution hazards.",,,Refund,13,None reported,Consumers should stop using the recalled pressure washers immediately and contact SUGIFT for a full refund. Consumers will be asked to destroy the pressure washer by cutting the power cord in half (the product should be completely turned off and unplugged from power outlet) and send a photo of the destroyed pressure washer to steven@sugift.net. Consumers should then dispose of the destroyed recalled product.,Sold Online At,bestbuy.com from July 2025 through July 2026 for about $155.,"SUGIFT, INC., of Albany, NY",,,China,,
26-698,,13-Aug-26,,CuberShop Magnetic Speed Cubes Recalled Due to Risk of Serious Injury or Death from Magnet Ingestion; Violate Mandatory Standard for Toys; Imported by SKY CUBE HK,"CuberShop Magnetic Stickerless Speed Cubes, model YJ MGC 5×5","This recall involves CuberShop’s Magnetic Stickerless Speed Cubes, model YJ MGC 5×5, listed under ASIN: B09B69Z797. The products are a handheld 5×5 mechanical puzzle cubes that consists of interlocking plastic pieces. The Speed Cubes have six colored sides and the “MGC” logo printed on the center of the cubes. The Speed Cubes come in a box with “MGC” and “5x5” printed on the sides of the box. The product’s packaging included spare magnets that were packaged separately in a sealed plastic bag.","The recalled magnetic cubes violate the https://www.ecfr.gov/current/title-16/chapter-II/subchapter-B/part-1250… lang=""EN-US"">mandatory standard for toys because the cubes were packaged with loose high-powered magnets, posing an ingestion hazard to children. When high-powered magnets are swallowed, the ingested magnets can attract each other, or other metal objects and become lodged in the digestive system. This can result in perforations, twisting, and/or blockage of the intestines, blood poisoning and death.",,,Refund,About 132,None reported,"Consumers should take the recalled loose magnets away from children, stop using them immediately, and contact SKY CUBE HK for information on how to receive a partial refund of $5. Consumers may keep the cube. Consumers will be asked to throw away the magnets and email a photo of the disposed magnets to recall@cubershop.com.",Sold Online At,Amazon.com from April 2025 through June 2025 for between $20 and $25.,"SKY CUBE HK, of China",,,China,,
26-697,,13-Aug-26,,Shengsen Prank Sound Makers Recalled Due to Risk of Serious Injury or Death from Battery Ingestion; Violate Mandatory Standard for Consumer Products with Coin Batteries; Imported by Shengsen Toys,Shengsen Prank Sound Maker,This recall involves Shengsen Prank Sound Maker. The toys were sold in sets of three and come in yellow with a black push button. “SKU: &nbsp;AJ0192-Y—3” and “ASIN: B0CB9WV7XN” are printed on the product’s packaging.,"The recalled sound maker violates the mandatory safety standard for consumer products with button cell and coin batteries because the lithium coin batteries can be accessed easily by children, posing an ingestion hazard. Additionally, the packaging and product do not have the warnings required under https://www.cpsc.gov/Business--Manufacturing/Business-Education/Busines… lang=""EN"">Reese’s Law. When button cell or coin batteries are swallowed, the ingested batteries can cause serious injuries, internal chemical burns, and death.",,,Refund,About 667,None reported,Consumers should stop using the sound maker immediately and contact Shengsen Toys for a full refund. Consumers will be asked to properly dispose of the sound maker into the trash and send a photo of the disposed product to ywpower@outlook.com.&nbsp;Note: Button cell and coin batteries are hazardous. Batteries should be disposed of or recycled by following local hazardous waste procedures. &nbsp;,Sold Online At,Amazon.com from April 2024 through April 2026 for about $8.,,,"Yiwushishengsengongyipinyouxiangongsi, dba Shengsen Toys, of China",China,,
26-696,,13-Aug-26,,Ritchey Design Recalls Carbon Bicycle Forks Due to Risk of Serious Injury or Death from Fall and Crash Hazards,Ritchey Carbon Fiber Bicycle Forks,"This recall involves Ritchey Carbon Fiber Bicycle Forks with a crown hole. The fork fits on the front of the bicycle to hold the front wheel in place. The fork is sold individually and with certain Ritchey bicycle framesets. The framesets were sold as Montebello (Hot sauce color), Septimer (Black &amp; White color) and Outback (Aurora and Winter Sage color). The individual black carbon forks were sold as WCS Carbon Mountain Adventure Fork, WCS Carbon Brevet Road Fork, WCS Carbon Adventure Gravel Fork and WCS Carbon Tapered Adventure Gravel Fork. The brand name “Ritchey” is located on the fork.","The alloy insert located in the front crown hole of the carbon fork can come loose, causing an accessory to fall off and land on the bike's front wheel, posing a risk of serious injury or death from a fall and crash hazard.",,,Repair,About 775,The firm has received one report of the alloy insert in the crown hole coming loose. No injuries have been reported.,Consumers are asked to stop using the bicycles equipped with the recalled fork immediately. Please inspect the front crown hole for any attached racks or accessories. The threaded hole located above the front wheel should be closed immediately. Consumers should register at https://ritcheylogic.com/support/recall to receive a free Ritchey Fork Crown Hole Closure Kit with instructions. All carbon bicycle forks with crown mounting holes are included in the recall.&nbsp;&nbsp;,Sold At,"Performance Bike, Chico CA, Adrenaline Bikes, Orange CA, Excel Sports Boulder, Boulder, CO and other bicycle retailers nationwide and on-line including ritcheylogic.com from July 2024 through June 2026 for between $660 and $700 (individual carbon bicycle fork) and between $1,760 and $3,500 (bike frames with carbon bicycle forks).","Ritchey Design, of Reno, Nevada",,,Taiwan,,
26-695,,13-Aug-26,,Mattresses Recalled Due to Risk of Serious Injury or Death from Fire Hazard; Violate Mandatory Standard for Mattress Flammability; Sold on Amazon by Qabefy,Qabefy Mattresses,This recall involves Qabefy-branded mattresses. They are 10 inches thick and were sold in twin sizes. They have a white top and black sides with orange trim. They were sold in a compressed box. “Item NO.: CD01101US” is printed on the product packaging.,"The recalled mattresses violate the mandatory flammability standard for https://cpsc.gov/Business--Manufacturing/Business-Education/Business-Gu… lang=""EN-US"">mattresses, posing a risk of serious injury or death from fire.",,,Refund,About 774,None reported,"Consumers should stop using the recalled mattresses immediately and contact Qabefy for a full refund. Consumers will be asked to destroy the mattress, by writing in permanent marker “Recalled,” their name and the current date on the mattress’s top surface, and to email a photo of the destroyed mattress to Sixiang2023@gmail.com. Consumers should then dispose of the recalled product.",Sold Online At,Amazon.com from November 2025 through March 2026 for between $120 and $140.,,,,China,Retailer:,"Guangzhoushi Jiatian Trading Co., Ltd, dba Qabefy, of China"
26-694,,13-Aug-26,,GigaCloud Technology USA Recalls Merax Murphy Beds Due to Risk of Serious Injury or Death from Impact and Crush Hazards,Merax Full-Size and Twin-Size Murphy Beds,"This recall involves full-size and twin-size Merax Murphy beds with model numbers GX000392AAK, GX000391AAK or GX000383AAK, all sold in white. The beds are designed to be wall-mounted and can fold into a cabinet. The following model numbers and SKU codes are included in the recall:&nbsp;Model Number&nbsp;SKU Codes&nbsp;Dimensions&nbsp;GX000392AAK&nbsp;WF530245, WF530246, WF530247, WF530248&nbsp;78.2” L x 108.4” W x 99” H&nbsp;GX000391AAK&nbsp;WF530240, WF530241, WF530242, WF530243&nbsp;78.2"" L x 93.2"" W x 99” H&nbsp;GX000383AAK&nbsp;WF324470, WF324471, WF324472&nbsp;76” L x 95.2” W x 83.8” H&nbsp;The same product may have been sold by other marketplace sellers under different brand names such as Euroco, Harper &amp; Bright Designs, Modern Luxe, Polibi, other brand names or without a brand name. The SKU code on all recalled products, regardless of brand name, is located on a sticker on the inside frame of the recalled Murphy beds.","During assembly or disassembly, the frame of the wall bed can fall onto consumers, posing deadly impact, crush and laceration hazards.",,,Repair,"About 1,250","The firm has received two reports of the Murphy beds falling during assembly, when the Murphy beds were not anchored to the wall, resulting in two injured consumers. One consumer sustained bruising to his head, neck and right shoulder and one consumer sustained a hit to his head, and scrapes and bruises on his arms.","Consumers should stop using the recalled Murphy beds immediately and contact GigaCloud Technology for a free repair kit. Consumers that have not assembled the Murphy bed will receive a repair kit consisting of unloaded piston springs, updated assembly instructions and inspection instructions. Consumers that have assembled the Murphy bed will receive inspection instructions. If the consumer determines that the Murphy bed is assembled incorrectly, GigaCloud Technology will provide the consumer with a professional installer to correct or complete the installation, at no cost to the consumer.",Sold Online At,"Amazon.com, HomeDepot.com, Wayfair.com, Walmart.com, Target.com, Overstock.com, Temu.com and other websites from May 2024 through February 2026 for between $900 and $1,100.","GigaCloud Technology (USA) Inc., of El Monte, California",,,Vietnam,,
26-693,,13-Aug-26,,Yamazuki Recalls Youth All-Terrain Vehicles (ATVs) Due to Risk of Serious Injury or Death from Crash Hazard; Violates Mandatory Standard for ATVs,"Youth All-Terrain Vehicles (ATVs), model XW-A19","This recall involves Yamazuki’s QEASET or HOVERHEART-branded youth ATVs, model XW-A19. The 40-cubic centimeters, gasoline youth ATVs were sold in blue, pink, red, green camouflage and an American flag motif. “Yamazuki, Inc.” and the model are printed on the identification plate located on the front left side of the vehicle’s frame column.","The recalled youth ATVs violate the mandatory safety standard for https://www.cpsc.gov/Business--Manufacturing/Business-Education/Busines… lang=""EN-US"">ATVs because the parking brakes fail to hold and the ATV’s speed limiting device is not set to the restricted speed required for children ages six (6) and older, posing a crash hazard. Additionally, the ATVs are missing the required rear safety reflectors, reducing visibility of the youth ATV to other vehicles, posing a deadly crash hazard.",,,Repair,"About 1,050 (Yamazuki vehicles model XW-A17 were previously recalled in June 2026)",None reported,"Consumers should stop using the recalled youth ATVs immediately and contact Yamazuki for a free repair kit, including shipping. The repair kit consists of replacement parking brake latches, rear safety reflectors, an owner’s manual storage bag and repair tools.",Sold Online At,Amazon.com and Walmart.com from September 2025 through April 2026 for between $500 to $580.,"Yamazuki Inc., of Ontario, California","Yongkang Dingchang Industry and Trade Co., Ltd, of China",,China,,
26-692,,13-Aug-26,,COMMOWNER Pressure Washers Recalled Due to Serious Risk of Injury or Death from Shock and Electrocution Hazards; Imported by AZ Home Concept,"COMMOWNER Electric Pressure Washers, model numbers HD14P-Z and HX18","This recall involves COMMOWNER-branded pressure washers. The recalled 3 GPM electric pressure washers are orange or green or blue with black parts and measure about 11 inches deep by 9 inches wide and 25 inches high. They came with a 500 ml tank, foam cannon, four quick connect nozzles, and a 33-foot hose. Model number “HD14P-Z” is printed on a label on the back of the pressure washers. When purchased, the washer may have also been listed as model number HX18.","The recalled pressure washers lack an integral ground-fault circuit-interrupter (GFCI) and, because the power cord is short, it may encourage use of an extension cord, posing serious risks of injury or death from shock and electrocution hazards.",,,Refund,"1,694",None reported,Consumers should stop using the recalled pressure washers immediately and contact AZ Home Concept for a full refund. Consumers will be asked to destroy the pressure washer by cutting the unplugged power cord in half and send a photo of the destroyed power washer to pressurewasherrecall@outlook.com. Consumers should then dispose of the destroyed recalled product.&nbsp;&nbsp;&nbsp;,Sold Online At,Amazon.com in April 2026 for about $150.,"AZ Home Concept Ltd., of China",,,China,,
26-691,,13-Aug-26,,Deli Jerry Fuel Containers Recalled Due to Risk of Serious Injury or Death from Burn Hazard and Child Poisoning; Violate Mandatory Standard for Portable Fuel Containers; Sold on Walmart.com by Deli OfficeSupplies,Deli Jerry Fuel Containers,"This recall involves Deli-branded fuel containers. They are dark green metal cans and have a cap and a plastic tube. The fuel containers were sold in 5.3-gallon (20-liter), 6.6-gallon (25-liter) and 7.9-gallon (30-liter) capacities. The brand’s Star logo and the capacity are embossed on the side of the containers.","The recalled fuel containers violate the requirement for closures under the https://www.cpsc.gov/Business--Manufacturing/Business-Education/Busines… lang=""EN-US"">Children’s Gasoline Burn Prevention Act. The closure is not child-resistant, posing a risk of burns and poisoning to children.",,,Refund,"About 1,750",None reported,Consumers should stop using the recalled fuel containers immediately and contact Deli OfficeSupplies for a full refund. Consumers will be asked to destroy the fuel container by writing in permanent maker “RECALLED” on the product and to send a photo of the destroyed fuel container to service@steelitetool.com. Consumers should then dispose of the recalled product in accordance with local and/or state disposal procedures.,Sold Online At,Walmart.com from April 2025 through June 2026 for about $36.,,,,China,Retailer:,"Ningbo DELI IMP. &amp; EXP. Co., Ltd., dba Deli OfficeSupplies, of China"
26-690,,13-Aug-26,,DUMOS Nine-Drawer Dressers Recalled Due to Risk of Serious Injury or Death from Tip-Over and Entrapment Hazards; Violate Mandatory Standard for Clothing Storage Units,DUMOS Nine-Drawer Dressers,"This recall involves DUMOS Nine-Drawer Fabric Dressers. They were sold as television stand dressers in white, black, gray and brown, have a metal frame that measures about 13.4 inches wide, 47 inches long and 31.3 inches tall, and weigh 31.5 pounds. The dressers have LED lights and built-in power outlets and ports with an attached electrical cable. SKU WMEDX-FC-TVK9CDC-RT, WMEDX-FC-TVK9CDC-GY, WMEDX-FC-TVK9CDC-BK or WMEDX-FC-TVK9CDC-WT” is printed on a label attached to the product packaging.","The recalled dressers are unstable if they are not anchored to the wall, posing tip-over and entrapment hazards that can result in risks of serious injuries or death to children. The dressers violate the mandatory safety standards as required by the https://www.cpsc.gov/Business--Manufacturing/Business-Education/Busines… lang=""EN-US"">STURDY Act.",,,Refund,"About 8,981",None reported,"Consumers should immediately stop using the recalled dressers if they are not anchored to the wall and place them in an area that children cannot access. Consumers should contact DUMOS for a full refund. Consumers will be asked to destroy the dressers by cutting the drawers in half and writing in permanent marker “RECALLED”, and to send a photo of the destroyed dressers to dumosdresserrecall@dumos.com. Consumers should then dispose of the recalled products.",Sold Online At,Amazon.com from December 2025 through June 2026 for about $54.,,"Jiangsu Jiayubo Furniture Co., Ltd., of China",,China,Retailer:,"Aosai Technology Ltd., dba DUMOS, of China"
26-689,,13-Aug-26,,TooyBing Wooden Bead Stacking Toys Recalled Due to Risk of Serious Injury or Death from Choking; Violate Small Parts Ban,TooyBing Wooden Bead Stacking Toys,"This recall involves the TooyBing Wooden Bead Stacking Toy, model TB-MZWJ. The multicolored toys consist of 25 pink, blue, red, orange, purple, green, white and yellow wooden beads, two wood sticks with yellow and red string laces attached, eight pattern cards and one wooden pegged stand. “TooyBing,” “Montessori Wooden Toy” and “Fun Bead Sequencing Games” are printed on the front of the product packaging and “Model number: TB-MZWJ” is on the back.","The recalled toys violate the https://cpsc.gov/Business--Manufacturing/Business-Education/Business-Gu… lang=""EN-US"">small parts ban because they are intended for children under three years old and the wooden beads pose a deadly choking hazard to young children.",,,Replace,"About 21,758",None reported,"Consumers should stop using the toys immediately, take them away from children, and contact TooyBing for free replacement. Consumers will be asked to destroy the toys by cutting the red and yellow string laces, writing in permanent marker “RECALLED” on the top of the wooden pegged stand and send a photo of the destroyed toy to tooybingwoodenbeadrecall@gmail.com. Consumers should then dispose of the destroyed product. Compliant replacement toys will not be available until October, and consumers will be asked to register for the replacement. TooyBing with contact registered consumers when it is available.",Sold Online At,Amazon.com from July 2023 through December 2025 for approximately $10.,,"Guangzhou Yide Toys Co., Ltd., of China",,China,Retailer:,"Guangzhou Kun Feng Mao Yi You Xian Gong Si (Guangzhou Kunfeng Trading Co., Ltd.), dba TooyBing, of China"
26-688,,13-Aug-26,,"Taleco Gear Recalls Baby Jumpers, Baby Swings and 2-in-1 Baby Jumper & Swings Due to Risk of Serious Injury or Death from Fall and Strangulation Hazards","G Taleco Gear Baby Jumpers, Baby Swings and 2-in-1 Baby Jumper & Swings","This recall involves G Taleco Gear Baby Jumpers, Baby Swings and Baby Jumper &amp; Swings, sold in black, white, gray, pink, blue and green. The following model numbers are included in the recall:&nbsp;Product Name&nbsp;Model Number&nbsp;Baby Jumper&nbsp;jumper-01&nbsp;Baby Swing&nbsp;swing-1&nbsp;2-in-1 Jumper &amp; Swing-A&nbsp;jumper-01&nbsp;2-in-1 Jumper &amp; Swing-B&nbsp;jumper-01&nbsp;The model number can be found on the fabric wash and care label sewn into the fabric seat cover.&nbsp;&nbsp;","The baby jumper, baby swing and 2-in-1 baby jumper &amp; swing can become unstable, posing fall and impact hazards. Additionally, the hanging restraint straps and seat openings can pose strangulation hazards.",,,Refund,"About 41,100 (In addition, 150 were sold in Canada)","Taleco Gear has received at least 52 reports of fall, impact and strangulation hazards, including at least 32 reports of injuries such as head bumps and a bloody nose.",Consumers should stop using the recalled products immediately and contact Taleco Gear to receive a full refund. Consumers will be provided with instructions on how to destroy the recalled products and provide photos of the destroyed parts to obtain a full refund.&nbsp;,Sold Online At,"Amazon.com, Walmart.com and TalecoGear.com from April 2021 through July 2026 for between $65 and $120.","Taleco Gear, of La Verne, California",,,China,,
26-687,,13-Aug-26,,Southern Telecom Recalls Brookstone-Branded Tabletop Fire Pits Due to Risk of Serious Burn Injury or Death from Flame Jetting and Fire Hazards,Brookstone-branded Tabletop Fire Pits,This recall involves Brookstone-branded indoor/outdoor Tabletop Fire Pits with model number BSFIREPIT01 (UPC code 680079015930); BSFIREPIT02 (UPC code 680079015947); and BSFIREPIT03 (UPC code 680079015954). The fire pits consist of a round or hexagonal concrete open reservoir intended to contain burning liquid alcohol. The model number and the UPC code are located on the bottom of the product packaging.,"Use of the fire pits can result in uncontrolled pool fires where flames burn across the surface of pooled or spilled alcohol, as well as flame jetting from fuel containers, resulting in serious or fatal burns.",,,Refund,"About 48,700","Southern Telecom has received two reports of flame jetting and flames escaping from the concrete container, resulting in two injuries including second-degree and third-degree burns.","Consumers should stop using the Brookstone-branded Tabletop Fire Pits immediately and contact Southern Telecom to receive a full refund. Consumers can email a photo of the fire pit with “Recalled,” their name, and the date written on it in permanent marker to support@customersupport123.com and then dispose of the product. Do not sell or give away these hazardous products.",Sold At,"Macy’s, Marshalls, T.J. Maxx, Indoff, iBuy, and Newton Buying Corp. stores nationwide and online at Macys.com and other websites from February 2023 through December 2024 for between $20 and $25.","Southern Telecom Inc., of Brooklyn, New York",,,China,,
26-686,,13-Aug-26,,Goody King Magnetic Building Cubes and Blocks Recalled Due to Risk of Serious Injury or Death from Magnetic Ingestion Hazard; Imported by Yi Suen Commerce,Goody King Magnetic Building Cubes and Blocks,"This recall involves Goody King-branded Magnetic Building Cubes, which are magnetic cubes sold in sets of 45, 56, 100, 120, 150 and 300. The cubes contain small, powerful magnets that allow the cubes to stick together and create 3D designs. The sets are available in a variety of themed building/landscape designs and colors. The following model numbers are included in the recall:Style Name&nbsp;Model Number(s)&nbsp;Cute Zob&nbsp;ZB150&nbsp;Dark Castle&nbsp;DK100, GC150&nbsp;Dinosaur&nbsp;DIN100&nbsp;Farm&nbsp;FM100&nbsp;Firefighter&nbsp;FF100&nbsp;Forest&nbsp;FR200, PX200, FR300&nbsp;Galaxy&nbsp;GL100&nbsp;Game&nbsp;MR200&nbsp;Grassland Forest&nbsp;FR150&nbsp;Magic&nbsp;MG100&nbsp;Mineral Adventure&nbsp;MA200&nbsp;Sky Grass&nbsp;SI150&nbsp;Solid Blocks&nbsp;SB56&nbsp;Transparent Solid Blocks&nbsp;TSB56&nbsp;Travel Game&nbsp;MR045&nbsp;Unicorn&nbsp;UN100, UN150&nbsp;Volcano Forest&nbsp;VF200&nbsp;Woods&nbsp;WD100&nbsp;The model numbers of the recalled cubes are located on the back of the product packaging.&nbsp;","The recalled magnetic building cubes contain magnets that can become loose if the cubes break or open, posing a magnet ingestion hazard to children. When high-powered magnets are swallowed, the ingested magnets can attract each other, or other metal objects, and become lodged in the digestive system. This can result in perforations, twisting, and/or blockage of the intestines, blood poisoning and death.",,,Refund,"About 213,500","Yi Suen Commerce is aware of two children who have ingested magnets from the cubes and required surgery to remove the magnets. Yi Suen Commerce is also aware of least 27 reports of the cubes breaking or opening, causing the magnets to become loose and accessible to children.",Consumers should stop using the recalled magnetic building cubes immediately and contact Yi Suen Commerce for a full refund. Consumers will be provided with a pre-paid label to return the recalled magnetic cubes to receive a refund.,Sold Online At,Online at Amazon.com from January 2024 through July 2026 for between $17 and $50.,"Yi Suen Commerce, of Hong Kong",,,China,,
26-685,,13-Aug-26,,Cooluli Recalls 10-Liter and 15-Liter Minifridges Due to Fire and Burn Hazards,"Cooluli Minifridges, 10-Liter and 15-Liter models","This recall involves 10-Liter and 15-Liter Cooluli minifridges with an internal power supply and two power input ports (AC and DC) on the back of the minifridge, instead of a single DC port. The removable power cord on the recalled minifridges does not have a “brick” power adapter (as is commonly used with laptop chargers). “Cooluli” is printed on the front of the minifridges. They were sold in a variety of colors including black, blue, green, white and red or with multicolored patterns, photos and logos. The recall includes batch numbers 1535 through 1545 and 1200000 through 1202080. The model (ITEM #:) and batch numbers are printed on a label on the inside of the minifridge door. The minifridges were sold in the Infinity, Classic, Glow Beauty and Vibe Series.","The recalled minifridges’ electrical switch can short circuit, posing fire and burn hazards.",,,Replace,"About 250,000","Cooluli has received at least 19 reports of the minifridges smoking, sparking, burning, melting, overheating or catching fire, resulting in property damages totaling more than $80,000. One consumer reported a smoke inhalation injury.","Consumers should stop using the recalled minifridges immediately and contact Cooluli for a free replacement power cord. Consumers will be asked to visit www.cooluli.com/pages/product-notices-recalls to enter the model and batch numbers to determine whether their minifridge is included in the recall. Consumers who have recalled minifridges will be instructed to unplug the minifridge, cut the power cord and submit photos to Cooluli showing the model and batch numbers of the fridge. Cooluli will provide a replacement DC power cord and permanent sticker to cover the AC port.",Sold Online At,Amazon.com and Cooluli.com from January 2019 through October 2024 for between $80 and $120.,"Lisse USA LLC, of Brooklyn, New York","Ningbo Iceberg Electronic Appliance Co., Ltd., of China",,China,,
26-677,,6-Aug-26,,Head Watersports Recalls Apeks Second Stage Scuba Regulators Recalled Due to Risk of Serious Injury or Death from Drowning Hazard,Apeks Second Stage Scuba Regulators,"This recall involves Apeks model XL4, XL4+ and XL4 Ocea second stage scuba regulators sold from April 2025 through June 2026. &nbsp;They were sold in various colors or color combinations of black, white, gray, mint or yellow, with serial numbers between 250402212 and 260402893.&nbsp; The serial number is laser-etched on the side of the regulator and also appears on the shipping carton.","The recalled second stage regulators can restrict air flow to the user at depths exceeding 45 meters (approximately 147 feet), posing risk of serious injury or death from a drowning hazard.",,,Repair,"About 1,105",None reported,Consumers should stop using the recalled second stage scuba regulators immediately and bring the product to any HEAD Watersports Authorized Retailer who will replace the valve spindle assembly at no cost to the consumer.,Sold At,"Authorized Apeks, Aqualung, and HEAD Watersports retailers and online at apeksdiving.com, aqualung.com and head.com from April 2025 through June 2026 for between $260 to $1,140.","HEAD USA, Inc. dba Head Watersports of Delray Beach, Florida",,,England,,
26-676,,6-Aug-26,,Fitueyes Recalls Laziza Dressers Due to Risk of Serious Injury or Death from Tip-Over and Entrapment Hazards; Violate Mandatory Standard for Clothing Storage Units,Laziza Dressers,"This recall involves Laziza-branded 3-in-1 Dressers. The wooden dressers were sold in white, dark brown or light brown. Each dresser has three drawers, measures about 31.4 inches long, 15.4 inches wide, 31.9 inches high; and weighs 82 pounds. “Three Drawer Dresser,” model number WE11E5080Wx3-W or WE11E5081Rx3-W and batch number SME2025112805 or SME2025102401 are printed on a label on the back of the dresser.","The recalled dressers are unstable if they are not anchored to the wall, posing tip-over and entrapment hazards that can result in risks of serious injuries or death to children. The dressers violate the mandatory safety standard as required by the https://protect.hec.checkpoint-gov.com/v2/r08/___https:/www.cpsc.gov/Bu… lang=""EN-US"">STURDY Act.",,,Refund,About 150,None reported,"Consumers should stop using the recalled dressers immediately if they are not anchored to the wall and place them in an area that children cannot access. Contact Fitueyes for a full refund. Consumers will be asked to write the word ""recalled"" on the top and all sides of the dresser with a permanent marker and to submit a photo to lazizadresserrecall@s-homooi.com. Consumers should then dispose of the recalled product.",Sold Online At,Wayfair.com from March 2024 through April 2026 for about $870.,"Fitueyes, Inc., of City of Industry, California",,,China,,
26-675,,6-Aug-26,,Wichard Groupe North America Recalls Courant Spliced Kalimba Climbing Ropes Due to Risk of Serious Injury or Death from Fall Hazard,Courant Spliced Kalimba Climbing Ropes,"This recall involves Courant Spliced Kalimba climbing ropes with part numbers MH730JZC045 (45m length) lollipop color, MH730JZC050 (50m length), lollipop color MH730JZC060 (60m length) lollipop color, MH730MCC045 (45m length) bubblegum color, MH730MCC050 (50m length) bubblegum color, and MH730MCC060 (60m length) bubblegum color, as well as any additional spliced Kalimba ropes spliced under Courant splicing protocols prior to June 15, 2026. The ropes are designed for tree climbing and pruning and are commonly used by arborists. Each rope can be identified by the brand name, part number, type (diameter) and length listed on the tag attached to the rope ends.","The spliced termination ends on the recalled ropes can fail unexpectedly, posing a risk of serious injury or death from fall hazard.",,,Replace,"About 1,050",The firm has received two reports of splices failing. No injuries have been reported.,"Consumers should stop using the recalled ropes immediately and contact Wichard Groupe North America for a free replacement rope, including shipping. Consumers will be asked to complete the registration form at https://www.wichardgroupe.us/news/post/recall-spliced-kalimba to receive a pre-paid shipping label and instructions for returning the recalled product. Consumers will be offered one of two free replacement options; one with immediate availability and the other with availability beginning mid-September.",Sold At,"Vertical Supply Group, Arbsession, RBI Corporation and nationwide retailers from January 2023 through June 2026 for between $250 and $350.","Wichard Groupe North America, of North Kingstown, Rhode Island","Courant, of Angers, France",,France,,
26-674,,6-Aug-26,,Vanderhall North America Recalls Brawley GTS Electric Recreational Off Highway Vehicles (ROVs) Due to Risk of Serious Injury or Death from Crash Hazard,Vanderhall Brawley GTS electric recreational off highway vehicles,"This recall involves all Vanderhall model years 2024, 2025, and 2026 Brawley GTS electric recreational off highway vehicles. The vehicles come in Emerald Green, Ida Rose, Ivory White, Jean Grey, Obsidian Black, and Royal Blue. The VIN Numbers for the affected vehicles range from XXXXXXXXXXXXX4933 - XXXXXXXXXXXXX6153 and can be found under the dashboard on the driver’s side of the vehicle.","The recalled recreational off highway vehicle can maintain speed or accelerate when the accelerator pedal is released, posing a risk of serious injury or death from a crash hazard.",,,Repair,About 210,The firm has received one report of a vehicle unexpectedly accelerating. No injuries have been reported.,"Consumers should stop using their vehicles immediately and contact Vanderhall North America for instructions on how to update their vehicles to firmware version 7.1.0 through the Vanderhall customer mobile app. The updated software was released on April 15, 2026, and can be identified by Vanderhall logo. Owners requiring assistance updating their firmware should contact their dealer or Vanderhall directly for assistance.&nbsp;&nbsp;",Sold At,"Vanderhall North America dealers in Utah, Ohio, Michigan, Texas, Montana, North Carolina, Oklahoma, and Arizona, from April 2024 through June 2026 for about $50,000.",,"Vanderhall North America, LLC, of Provo, Utah",,United States,,
26-673,,6-Aug-26,,KC Imports and Exports Recalls Mini Laser Pointer Keychains Due to Risk of Serious Injury or Death from Battery Ingestion; Violate Mandatory Standard for Consumer Products with Button Cell Batteries,Laser & LED Light Mini Laser Pointer Keychains,"This recall includes Laser &amp; LED Light Mini Laser Pointer Keychains with model number KKC-6071. The model number is printed on the product packaging. The keychains were sold individually and packaged in a case of 24. The lasers come in various colors including blue, white, red, black, green and purple. Labeling wrapped around the laser is a silver sticker with black and silver lettering that reads: “HJ, DANGER, LASER RADIATION, AVOID DIRECT EYE EXPOSURE, LASER DIODE, Wavelength: 630-650nm Max. Output: &lt;5mW, class IIIa LASER PRODUCT.”","The Mini Laser Pointer Keychains violate the mandatory safety standard for consumer products with button cell and coin batteries because the button batteries can be accessed easily by children, posing an ingestion hazard. Additionally, the packaging and product do not have the warnings required under https://www.cpsc.gov/Business--Manufacturing/Business-Education/Busines… lang=""EN"">Reese’s Law. When button cell or coin batteries are swallowed, the ingested batteries can cause serious injuries, internal chemical burns and death.",,,Refund,"9,600",None reported,"Consumers should stop using the recalled laser keychains immediately and contact KC Import and Export for refund. To receive a refund, email a photo of the products disposed of in the trash to kcimport90058@hotmail.com.&nbsp;&nbsp;&nbsp;Note: Button cell batteries are hazardous. Batteries should be disposed of or recycled by following local hazardous waste procedures.",Sold At,Gas stations and discount stores nationwide and online at https://www.divaatheartsj.com/&nbsp;from June 2025 through June 2026 for about 42 cents per unit.,"KC IMPORTS AND EXPORTS, Inc., of Vernon, California",,,China,,
26-672,,6-Aug-26,,Syera Projecting Finger Light Toys Recalled Due to Risk of Serious Injury from Battery Ingestion; Violate Mandatory Standard for Toys; Sold on TEMU by Senyu,Space Astronaut LED Finger Lights,This recall involves Syera-branded LED Finger Lights. They were sold in sets of 28 or 30 multi-colored lights and with 30 astronaut cards. Each finger light has three internal button cell batteries that power astronaut projections when activated. The brand name is printed on the product packaging.,"The recalled LED finger lights violate the https://cpsc.gov/Business--Manufacturing/Business-Education/Toy-Safety""… lang=""EN-US"">mandatory safety standard for toys because they contain button cell batteries that can be easily accessed by children. If button cell or coin batteries are swallowed, the ingested batteries can cause serious injuries, including internal chemical burns, and death.",,,Refund,About 184,None reported,"Consumers should stop using the recalled toys immediately, take them away from children and contact Syera for a full refund. Consumers will be asked to remove and properly dispose of the finger lights into the trash and send a photo of the disposed product to syerarecallusa@outlook.com.&nbsp;Note: Button cell batteries are hazardous. Batteries should be disposed of or recycled by following local hazardous waste procedures. &nbsp;",Sold Online At,Temu.com from December 2025 through April 2026 for between $8 and $16.,,,,China,Retailer:,"Senyu Era International Co. Limited, dba Syera, of China"
26-671,,6-Aug-26,,Little Rawr Pull String Teething Toys Recalled Due to Risk of Serious Injury or Death from Choking; Violate Mandatory Standard for Toys; Sold on Amazon by Okabesini-us,Little Rawr Silicone Pull String Teething Toys,"This recall involves Little Rawr Silicone Pull String Teething Toys. The teething toys consist of a blue disc shape with a blue ball in the center and five multi-colored, silicone tentacle-looking pull strings that run through the ball. The disc has eight soft push buttons. The pull string teething toy measures 5.7 inches wide by 5.7 inches tall by 7.8 inches long. The units were sold in their own white box.&nbsp; The “little rawr” logo is printed on the front of the box. The back of the box has the manufacturer's address and email as well as model number C-MBE-024. The identification number X004Q55E07 is printed below the barcode label. There is no identifying information on the product.","The recalled teething toys violate the mandatory standard for https://www.cpsc.gov/Business--Manufacturing/Business-Education/Toy-Saf… lang=""EN-US"">toys because the silicone strings are smaller and longer than permitted. The strings can reach the back of children’s throat and become lodged, posing a serious risk of respiratory distress and a deadly choking hazard.",,,Refund,"About 2,180","The firm is aware of one report of the toy’s strings reaching the back of a child’s throat, resulting in respiratory distress or choking.","Consumers should stop using the teething toy immediately, take it away from children and contact Okabesini-us to receive a full refund. Consumers will be asked to destroy the toy by cutting all silicone strings and writing in permanent marker “RECALLED” on the main body of the toy and send a photo of the destroyed toy and order number if available to lilrawrrecall@163.com. Consumers should then dispose of the destroyed product.&nbsp;",Sold Online At,Amazon.com from September 2025 through April 2026 for between $11 to $15.,,,,China,Retailer:,"Shenzhen Okabesini Technology Co., Ltd., dba Okabesini-us, of China"
26-670,,6-Aug-26,,A2batt Recalls EEMB Lithium Coin Battery Chargers   Due to Risk of Serious Injury or Death from Battery Ingestion; Violate Mandatory Standard for Consumer Products with Coin Batteries,EEMB Lithium-ion Coin Battery Chargers with Rechargeable 2032 Batteries,"This recall involves EEMB Lithium-ion Coin Battery Chargers with Rechargeable 2032 Batteries, model SKLC-0420-0040. The product includes the charger, four rechargeable 2032 lithium-ion batteries, and a USB cable. The brand name “EEMB” is on the front of the product and the model number “SKLC-0420-0040” is printed on the back.","The recalled battery chargers violate the mandatory standard for consumer products containing button cell or coin batteries, because the charger has lithium coin batteries that can be accessed easily by children. In addition, the coin batteries provided with the battery charger are not in child-resistant packaging, and the packaging does not have the warnings, as required by https://www.cpsc.gov/Newsroom/News-Releases/2023/Making-Families-Safer-… lang=""EN-US"">Reese’s Law. When button cell or coin batteries are swallowed, the ingested batteries can cause serious injuries, internal chemical burns and death.",,,,"About 4,930",None reported,"Consumers should stop using the charger immediately, remove the batteries and place them in an area that children cannot access. Contact A2batt to receive a full refund. Consumers will be asked to write “RECALL” on the charger. If batteries remain in packaging, dispose of the batteries according to local hazardous waste guidelines and provide a photo of the disposal to info@a2batt.com.&nbsp;Note: Button cell and coin batteries are hazardous. Batteries should be disposed of or recycled by following local hazardous waste procedures. &nbsp;",Sold Online At,Amazon.com from August 2024 through March 2026 for about $14.,,,,China,Retailer:,"EEMB USA, doing business as A2batt, Inc., of Redlands, California"
26-669,,6-Aug-26,,Play Yard and Crib Mattresses Recalled Due to Risk of Serious Injury or Death from Entrapment and Fire Hazards; Violate Mandatory Standards for Mattresses; Sold on Amazon by Voomf,Voomf Play Yard and Crib Mattresses,"This recall involves Voomf-branded play yard mattresses and crib mattresses. The tri-fold aftermarket play yard mattresses are white with a neutral-colored letter or balloon print and measure about 38 inches by 26 inches by 3 inches. “Product Model: BYL001” is printed on a label inside the mattress cover. The full-sized crib mattresses are white with an aquamarine band and a zipper along the sides, and measure about 25 inches by 27 inches by 5.5 inches. “voomf” is printed on a label on the side of the mattress.","The recalled mattresses violate the mandatory safety standard for https://www.federalregister.gov/documents/2022/02/15/2022-02414/safety-… lang=""EN-US"">crib mattresses because the mattresses may not adequately fit certain play yards, posing a deadly entrapment hazard. Babies can suffocate in gaps between an undersized mattress, or extra padding, and side walls of a product, especially when the infant’s face becomes trapped against the side and the mattress, preventing the infant from breathing. Furthermore, the full-sized crib mattresses violate the mandatory flammability standard for mattress sets, posing a risk of serious injury or death from fire.",,,Refund,"About 2,401",CPSC has received one report of inadequate mattress fit. No injuries have been reported.,"Consumers should stop using the mattresses immediately and contact Voomf for a full refund. Consumers will be asked to destroy the mattresses by writing in permanent marker ""Recalled,"" cutting the play yard mattress in half and cutting the full-sized mattress cover diagonally across the entire mattress using scissors, and to send a photo of the destroyed mattress to voomfrecall@outlook.com. Consumers should then dispose of the recalled product in accordance with local and/or state disposal procedures.",Sold Online At,Amazon.com from January 2026 through May 2026 for between $40 and $87.,"Shanghaiyuejiuyaoguojimaoyiyouxiangongsi (Shanghai Yuejiuyao International Trade Co., Ltd.), dba Voomf, of China",,,China,,
26-668,,6-Aug-26,,Liuqibax Adult Bed Rails Recalled Due to Risk of Serious Injury or Death from Entrapment and Asphyxiation; Violate Mandatory Standard for Adult Portable Bed Rails; Sold on Amazon by Luqiba,Liuqibax Adult Bed Rails,"This recall involves Liuqibax-branded adult portable bed rails, Model BR-11. The black or white bed rails measure about 30.5 inches wide by 40.5 inches tall and weigh 6 pounds. “LIUQIBAX” is printed on the product packaging.","The recalled bed rails violate the mandatory standard for https://www.cpsc.gov/Business--Manufacturing/Business-Education/Busines… lang=""EN-US"">adult portable bed rails because users can become entrapped within the bed rail or between the bed rail and the side of the mattress, posing a serious entrapment hazard and risk of death by asphyxiation. In addition, the bed rails do not bear the required hazard warning labels.",,,Refund,"About 12,000",None reported,"Consumers should stop using the recalled bed rails immediately and contact Luqiba for a full refund. Consumers will be asked to destroy the bed rails by dismantling them, cutting off the safety strap and storage bag and writing in permanent marker “RECALLED” on the upper and lower rails, and email a photo of the destroyed rails to Liuqibax@outlook.com. Consumers should then dispose of the destroyed product.",Sold Online At,Amazon.com from July 2024 through May 2026 for about $60.,"Changsha 678 Trading Co., Ltd., dba Luqiba, of China",,,China,,
26-667,,6-Aug-26,,Magnetic Fidget Sliders Recalled Due to Risk of Serious Injury or Death from Magnet Ingestion; Violate Mandatory Standard for Toys; Sold on Amazon by PIXLABBY,PIXLABBY Silicone Sensory Magnetic Fidget Sliders,"This recall involves PIXLABBY’s 6-PCS silicone magnetic fidget sliders. The fidget sliders come in various two-tone colors, yellow/red, pink/yellow, orange/purple, blue/orange, green/blue, and red/green. Each slider has a different silicone texture on the top and bottom surfaces. The fidget sliders make a clicking sound as you slide them. The “PIXABBY” logo is on the front of the box.","The magnetic fidget sliders violate https://www.ecfr.gov/current/title-16/chapter-II/subchapter-B/part-1250… lang=""EN-US"">the mandatory standard for toys because they can liberate loose high-powered magnets posing an ingestion hazard to children. When high-powered magnets are swallowed, the ingested magnets can attract each other or other metal objects and become lodged in the digestive system. This can result in perforations, twisting, and/or blockage of the intestines, blood poisoning and death.",,,Refund,860,"CPSC and the firm are aware of a report involving a child who removed the silicone casing, accessed the two small magnets inside the slider and ingested them. The child was hospitalized.","Consumers should take the fidget sliders away from children, stop using them immediately and contact PIXLABBY for a full refund. Consumers will be asked to throw away the fidget sliders and submit a photo of the disposed toys to ah1998zxc@gmail.com to receive a refund.",Sold Online At,Amazon.com from October 2025 through May 2026 for about $10.,"Huoshan County Haozhou E-commerce Co, doing business as PIXLABBY, of China",,,China,,
26-665,,6-Aug-26,,Wnttmt Baby Walkers Recalled Due to Risk of Serious Injury or Death from Fall and Entrapment Hazards; Violate Mandatory Standard for Infant Walkers; Sold on Amazon by WURUI.BABY,Wnttmt Baby Walkers,This recall involves Wnttmt-branded infant walkers. The walkers are sold in gray with a white tray and round base. The walkers have eight-wheel assemblies and three adjustable levels. “Production Batch: 202509” is printed on a tracking label located under the seat.,"The recalled infant walkers violate the mandatory standard for https://www.cpsc.gov/Business--Manufacturing/Business-Education/Busines… lang=""EN-US"">infant walkers because they can fit through a standard doorway and fail to stop at the edge of a step, posing a deadly fall hazard. In addition, the infant walkers have leg openings that allow the child to slip down until the child's head can become entrapped, posing a risk of serious injury or death.",,,Refund,"About 1,310",None reported,"Consumers should stop using the recalled infant walkers immediately and contact WURUI.BABY for a full refund. Consumers will be asked to disassemble the walker, cut the fabric seat, write “Recalled” on the top of the tray in permanent marker and send a photo of the recalled infant walker to wbabywalker-recall@outlook.com.",Sold Online At,Amazon.com from February 2026 through March 2026 for between $65 and $75.,,,,China,Retailer:,"Changsha Yuelu District Ruiwu E-Commerce Co., Ltd., dba WURUI.BABY, of China"
26-664,,6-Aug-26,,Magnetic Fidget Sliders Recalled Due to Risk of Serious Injury or Death from Magnet Ingestion; Violate Mandatory Standard for Toys: Sold on Amazon by BUSOHA,BUSOHA Magnetic Fidget Slider Toys,"This recall involves BUSOHA 6-pack Magnetic Fidget Slider Toys. Each slider comes in a two‑toned silicone casing, with one side in blue and the opposite side in gray, black, purple, dark blue, white, or green. Each color has a different texture. The silicone casing can be easily removed to expose the magnets. The front of the packaging has “MAGNETIC Fidget Slider Toys,” and all six sliders are visible through the front of the box.","The magnetic fidget sliders violate https://www.ecfr.gov/current/title-16/chapter-II/subchapter-B/part-1250… lang=""EN-US"">the mandatory standard for toys because they can liberate loose magnets posing an ingestion hazard to children. When high-powered magnets are swallowed, the ingested magnets can attract each other or other metal objects and become lodged in the digestive system. This can result in perforations, twisting, and/or blockage of the intestines, blood poisoning and death.",,,Refund,"About 2,186",None reported,"Consumers should take the fidget sliders away from children, stop using them immediately and contact BUSOHA for a full refund. Consumers will be asked to throw away the fidget sliders and submit a photo of the disposed toys to BUSHOHArecall@outlook.com to receive a refund.",Sold Online At,Amazon.com from December 2025 through May 2026 for about $7.,"Shenzhen Yuejia Mei Maoyi Youxian Gongsi (Shenzhen Yuejia Mei Trading Co., Ltd.), doing business as BUSOHA, of China",,,China,,
26-663,,6-Aug-26,,"Winston Porter and Seeday 3-Drawer, 4-Drawer, and 5-Drawer Dressers Recalled Due to Risk of Serious Injury or Death from Tip-Over and Entrapment Hazards; Violate Mandatory Standard for Clothing Storage Units","Winston Porter and Seeday 3-Drawer, 4-Drawer and 5-Drawer Dressers","This recall involves Winston Porter and Seeday 5-Drawer Dressers, and Seeday 3-Drawer Dressers and 4-Drawer Dressers. The dressers are made of wood with a white or black finish. Each drawer has two black metal knobs. The 3-Drawer Dresser measures 16.3 inches long, 30 inches wide, and 33.5 inches tall. The 4-Drawer Dresser measures 16.3 inches long, 29.5 inches wide and 34.6 inches tall. The 5-Drawer Dresser measures 16.3 inches long, 30 inches wide and 42 inches tall. The 3-Drawer dresser has model numbers DG-PB-0007 (white) or DG-PB-0013 (black) printed on the product packaging. The 4-Drawer dresser has model numbers DG-PB-0015 (white) or DG-PB-0016 (black) printed on the product packaging. The 5-Drawer dresser has model numbers DG-PB-0008 (white) or DG-PB-0014 (black) printed on the product packaging.","The recalled dressers are unstable if they are not anchored to the wall, posing tip-over and entrapment hazards that can result in risks of serious injuries or death to children. The dressers violate the mandatory safety standard as required by the https://www.cpsc.gov/Business--Manufacturing/Business-Education/Busines… lang=""EN-US"">STURDY Act.",,,Refund,"About 2,000 5-Drawer Dressers, 28 3-Drawer Dressers and 22 4-Drawer Dressers",One report of a tip-over incident with a dresser that resulted in the injury of a 3-year-old child.,"Consumers should stop using the recalled dressers immediately if they are not anchored to the wall and place them in an area that children cannot access. Consumers should contact Linyi Lingmoxuan and Seeday for instructions on how to identify affected units and dispose of the dressers to receive a full refund. Consumers will be asked to write the word ""recalled"" on the top and all sides of the dresser with a permanent marker and email a photo demonstrating disposal of the product to Winstonporterseedayrecall@outlook.com.",Sold At,The 3-Drawer Dresser was sold on Amazon.com from February 2026 through June 2026 for about $110. The 4-Drawer Dresser was sold on Amazon.com from February 2026 through June 2026 for about $130. The 5-Drawer Dresser was sold on Wayfair.com and Amazon.com from May 2025 through January 2026 for between $70 and $160.,,,,China,Retailers:,"Linyi Lingmoxuan Technology Co., Ltd., of China and Shenzhen Xinmu Home Furnishing Trading Co., Ltd., dba Seeday, of China."
26-662,,6-Aug-26,,OKK Trading Recalls Easter LED Headbands Due to Risk of Serious Injury or Death from Battery Ingestion; Violate Mandatory Standard for Toys,Easter LED Headbands,"The recall includes three Easter LED Headband models: Model 46310 is available in white, light pink, dark pink, turquoise, purple and red and features felt multicolor polka dots on the ears. Each headband is packaged in a clear plastic bag labeled “Item#46310” and “OKK Trading, Inc.” Model 46309 is available in white, light pink, turquoise and purple and features fluffy ears and light fur along the band. Each headband is packaged in a clear plastic bag labeled “Item#46309” and “OKK Trading, Inc.” Model 44694 is available in white with dark pink, light blue, red or light pink satin ear lining with a fluffy white backing and band. Each headband is packaged in a clear plastic bag labeled “Item#44694” and “OKK Trading, Inc.”","The recalled headbands violate the https://www.cpsc.gov/Business--Manufacturing/Business-Education/Toy-Saf… lang=""EN-US"">mandatory safety standard for toys with button cell and coin batteries because the lithium coin batteries can be accessed easily by children, posing an ingestion hazard. When button cell or coin batteries are swallowed, the ingested batteries can cause serious injuries, internal chemical burns, and death.",,,Refund,"About 25,200",None reported,Consumers should stop using the Easter LED Headbands immediately and contact OKK Trading for a refund. Consumers will be asked to email recall@okktoys.com a photograph showing the product being properly disposed of in the trash.&nbsp;&nbsp;Note: Button cell batteries are hazardous. Batteries should be disposed of or recycled by following local hazardous waste procedures.,Sold At,"Retail dollar stores and gift stores mostly in California, Texas and Arizona from November 2023 through April 2026 for between $1 and $2.","OKK Trading, Inc., of Vernon, California",,,China,,
26-661,,6-Aug-26,,Louisville Ladder Recalls Over One Million Attic Stairway Ladders Due to Risk of Serious Injury or Death from Fall Hazard,"Louisville, Featherlite, Lite & Century Attic Stairway Ladders with gas struts","This recall involves Louisville, Featherlite, Lite &amp; Century Attic Stairway Ladders with gas struts only. The aluminum or wood frame ladders come with handrails and fold into the attic. The ladders were sold in various frame sizes to accommodate different size attic openings in the ceiling, including 22.5, 25.5 and 30.0 inches wide and 54 and 60 inches long and ceiling heights ranging from 7 feet 8 inches up to 12 feet. The brand name and model number are located on the inside of the attic door.","The bolts on the attic stairway ladders can break while in use, posing a risk of serious injury or death from fall hazard.",,,Repair,"1,770,000 (In addition, about 13,054 were sold in Canada)","The firm has received 11 reports of a bolt breaking, including one report of an injury to the neck, head and back.","Consumers should stop using the recalled ladders immediately and register at Atticstairwayrecall.expertinquiry.com to receive a free repair kit. Consumers should have the ladder’s model number, which can be found on the inside of the attic door, available when they register. If your unit is included in the recall, the firm will send a free repair kit containing two replacement ¼” spreader bolts, washers, and lock nuts with installation instructions.",Sold At,"The Home Depot, Lowe’s, Do It Best, Orgill, and other retailers nationwide and on-line at Amazon.com from November 2012 through July 2026 for between $170 and $600.","Louisville Ladder, Inc., of Louisville, Kentucky",,,Mexico,,
26-648,,6-Aug-26,,DR Power Equipment Recalls Lawn Mowers Due to Risk of Serious Injury or Death from Laceration Hazard; Violate Mandatory Standard for Lawn Mowers,DR Power PRO MAX30 30” Walk-Behind Power Lawn Mowers,"This recall involves DR Power PRO MAX30 30” Deck Wide Cut Walk-Behind Power Lawn Mowers 10.6 FPT, Models: ES (WM25030DEN), MS (WM25030DMN) and MS Recon (WM25030DMNR). The lawn mowers are orange and black and have the “DR” logo printed on the black clippings bag, front guard, and top of the motor. The brand “PRO MAX30” is labeled on the front handlebars. The model and serial number are printed on the left side of the mower in front of the rear wheel. The following models and serial numbers are subject to the recall:&nbsp;Product&nbsp;&nbsp;Model&nbsp;&nbsp;Serial Numbers&nbsp;DR Power PRO MAX30 10.6 FPT ES&nbsp;WM25030DEN&nbsp;&nbsp;3015894821 through 3017342386&nbsp;&nbsp;DR Power PRO MAX30 10.6 FPT MS&nbsp;&nbsp;WM25030DMN&nbsp;&nbsp;3015662325 through 3017342379&nbsp;&nbsp;DR Power PRO MAX30 10.6 FPT MS Recon&nbsp;&nbsp;WM25030DMNR&nbsp;&nbsp;&nbsp;3015913138 through 3015913138&nbsp;&nbsp;","The recalled mowers violate the mandatory safety standard for walk-behind power lawn mowers because the blades can operate without the blade control system engaged or continue to operate even after the release of the control, posing a serious laceration hazard.",,,Repair,"About 320 (In addition, 9 were sold in Canada)",The manufacturer reported 19 incidents involving the mower blades staying engaged or not stopping after release of the blade control. No injuries have been reported.,"Consumers should stop using the recalled mowers immediately unless they have already received a free repair kit in the mail from DR Power and it has been installed. If the repair kit has not been installed, contact DR Power to receive updated repair instructions or schedule a free repair from an authorized dealer. Owners who have not received a repair kit should contact DR Power Equipment to receive a free repair kit or schedule a free repair from an authorized dealer.",Sold At,"Independent power equipment stores nationwide and online at drpower.com from September 2024 through September 2025 for between $1,600 and $1,800.",,"Generac Power Systems Inc., of Waukesha, Wisconsin","DR Power Equipment, of South Burlington, Vermont",United States,,
26-659,,30-Jul-26,,OCOOPA Direct Recalls 1.5 Million Rechargeable Hand Warmers Due to Risk of Serious Injury or Death from Fire and Burn Hazards; One Death Reported; Imported by Shenzhen Street Cat Technology,OCOOPA Rechargeable Hand Warmers,"The U.S. Consumer Product Safety Commission (CPSC) and Shenzhen Street Cat Technology Co., Ltd., dba OCOOPA Direct, of China, are announcing the recall of OCOOPA Rechargeable Lithium-Ion Battery hand warmers. The lithium-ion battery in the recalled hand warmers can overheat and ignite, posing a risk of serious injury or death from fire and burn hazards.&nbsp;OCOOPA Direct has received 1,480 reports of hand warmers overheating, resulting in 15 fires and 350 burn injuries, including the death of an 83-year-old consumer in San José, California in February 2026.&nbsp;&nbsp;This recall involves OCOOPA-branded rechargeable lithium-ion battery hand warmers, models UT3053, UT3056, ZLS-118, ZLS-118S, ZLS-118D, H01 and H01(PD.) The dual-sided, rechargeable hand warmers were sold in varying colors and designs, in packs of two warmers that can magnetically be joined and with a charging cable. The hand warmers have a USB-C port to charge the built-in lithium-ion batteries in each unit. The adjustable-heat hand warmers have LED indicator lights on the hard plastic shell and a silicone lanyard. “OCOOPA” is printed on the top of the hand warmers and on the product packaging. The model number and three-digit batch number are printed on the hand warmers’ underside.&nbsp;About 1.5 million hand warmers were sold online at Amazon.com, Ocoopa.com, Ocoopa.net and Walmart.com from September 2018 through May 2026 for between $15 and $60. The products were manufactured in China.&nbsp;Consumers should stop using the recalled hand warmers immediately and contact OCOOPA Direct for a full refund in the form of an OCOOPA gift card or the original form of payment. Consumers will be asked to write in permanent marker “RECALLED” on the hand warmer and submit a photo showing that marking on the hand warmer, the model number and the product’s three-digit batch number to https://www.ocoopa.com/pages/product-recalls. Consumers should dispose of recalled products with the lithium-ion battery in accordance with applicable local and state hazardous waste regulations.&nbsp;CPSC urges consumers to report any related incidents to the agency at www.SaferProducts.gov.&nbsp;","The lithium-ion battery in the recalled hand warmers can overheat and ignite, posing a risk of serious injury or death from fire and burn hazards.",,,Refund,About 1.5 million,"OCOOPA Direct has received 1,480 reports of hand warmers overheating, resulting in 15 fires and 350 burn injuries, including the death of an 83-year-old consumer in San José, California in February 2026.","Consumers should stop using the recalled hand warmers immediately and contact OCOOPA Direct for a full refund in the form of an OCOOPA gift card or the original form of payment. Consumers will be asked to write in permanent marker “RECALLED” on the hand warmer and submit a photo showing that marking on the hand warmer, the model number and the product’s three-digit batch number to https://www.ocoopa.com/pages/product-recalls. Consumers should dispose of recalled products with the lithium-ion battery in accordance with applicable local and state hazardous waste regulations.&nbsp;Note: Do not throw this defective lithium-ion battery or device in the trash, the general recycling stream (e.g., street-level or curbside recycling bins), or in used battery recycling boxes found at various retail and home improvement stores. Defective lithium-ion batteries must be disposed of differently than other batteries, because they present a greater risk of fire. Your municipal household hazardous waste (HHW) collection center may accept this defective lithium-ion battery or device for disposal. Before taking your battery or device to a HHW collection center, contact it ahead of time and ask whether it accepts defective lithium-ion batteries. If it does not, contact your municipality for further guidance.&nbsp;",Sold Online At,"Amazon.com, Ocoopa.com, Ocoopa.net and Walmart.com from September 2018 through May 2026 for between $15 and $60.","Shenzhen Street Cat Technology Co., Ltd., dba OCOOPA Direct, of China",,,China,,
26-658,,30-Jul-26,,Woodure Toddler Kitchen Step Stools Recalled Due to Risk of Serious Injury and Death from Entrapment and Fall Hazards; Imported by Shenzhen Muqiqu Creative Development,Woodure Toddler Kitchen Step Stools,"This recall involves Woodure-branded children’s tower kitchen step stools, models WD1764, WD1357, and WD1720. The tower stools were sold in plywood and measure 18 inches deep by 16.9 inches wide by 34.6 inches tall. The model number is engraved on the underside of the bottom step.","The recalled tower stools can collapse or tip over while in use, and a child’s torso can fit through the openings on the front and back sides, posing a risk of serious injury and death due to tip over, fall and entrapment hazards.",,,Repair,"About 91,000","Woodure has received 22 reports of instability or tip-overs, including 15 reported injuries with scrapes, cuts and bruises.","Consumers should stop using the recalled tower stools immediately and store them away from children. Contact Shenzhen Muqiqu Creative Development for a repair kit, which includes protective nets, stabilizing feet and installation instructions. The firm will mail the free repair kit directly to consumers.",Sold Online At,Amazon.com from July 2024 through June 2026 for between $60 and $100.,"Shenzhen Muqiqu Creative Development Co. Ltd., of China",,,China,,
26-657,,30-Jul-26,,Recall of Cpzzkq Baby Loungers Expanded Due to Risk of Serious Injury or Death from Suffocation Hazard; Violate Mandatory Standard for Infant Support Cushions; Sold on Amazon by CetoPMax,Cpzzkq Baby Loungers,"This recall involves an additional 195 Cpzzkq baby loungers sold in green and purple with “Model No: UMCDB01” printed on a stacked label located on the side of the lounger. Baby loungers in white, grayish blue, pink, zuma blue and brown were previously recalled in April 2026. All the recalled baby loungers are rectangular in shape, are made of a foam pad with a cloth cover and have “CPZZKQ” printed on a side label.","The recalled baby loungers violate the mandatory safety standard for https://www.cpsc.gov/Business--Manufacturing/Business-Education/Busines… lang=""EN-US"">infant support cushions because the padding can obstruct an infant’s breathing, posing a serious risk of injury or deadly suffocation hazard.",,,Refund,"About 2,195 (CetoPMax previously recalled 2,100 baby loungers in April 2026)",None reported,"Consumers should stop using the baby loungers immediately and contact CetoPMax for a refund. Consumers will be asked to remove the foam and pad from the baby lounger’s cover and cut the cover, foam and pad in half. Consumers should then email photos of the destroyed pieces to CetoPMaxRecall@outlook.com to receive a refund.",Sold Online At,Amazon.com from May 2026 through June 2026 for between $30 to $50.,,,,China,Retailer:,"Guangzhou Dida Electronic Commerce Co., Ltd. dba CetoPMax, of China"
26-656,,30-Jul-26,,Mommy’s Baby Lovely Deluxe Baby Doll Playsets Recalled Due to Risk of Serious Injury or Death from Choking Hazard; Violate Small Parts Ban; Sold on Temu by TOYHW,Mommy’s Baby Lovely Deluxe Baby Doll Playsets,"This recall involves Mommy’s Baby Lovely Deluxe Baby Doll Playset, model NEW319A. The recalled playset includes a baby doll, a toy stroller, and plastic accessories including a miniature potty, a baby bib, a pacifier, a plate, a spoon, two cups, two toothbrushes, two bottles of body wash, a bar of soap, and a soap dish. “Product Model: NEW319A” is printed on a sticker affixed to the front of the box.","The recalled doll playsets violate the https://cpsc.gov/Business--Manufacturing/Business-Education/Business-Gu… lang=""EN-US"">small parts ban because the toys are for children under three years old and some of the accessories are small parts, posing a deadly choking hazard.",,,Refund,"About 1,034",None reported,"Consumers should stop using the recalled toys immediately, take them away from children, and contact TOYHW for a full refund. Consumers will be asked to throw away the baby doll playset and email a photo of the disposed product to TOYHWRecall@163.com to receive a full refund.&nbsp;",Sold Online At,Temu.com from August 2024 through November 2025 for about $31.,,,,China,Retailer:,"Shantou Chenghai District Zhiwan Classroom Trading Co., doing business as TOYHW, of China"
26-655,,30-Jul-26,,Mangohood Direct Kids Kitchen Standing Towers Recalled Due to Risk of Serious Injury and Death from Entrapment and Fall Hazards; Imported by Hangzhou Xinyanchuangxin,"Mangohood Direct Kids Kitchen Standing Towers, Model LT003","This recall involves Mangohood Direct-branded children’s tower stools, model LT003. The tower stools were sold in natural bamboo, gray, and white, and measure about 35 inches tall by 16 inches wide and 18 inches deep.","The recalled tower stools can collapse or tip over while in use, and a child’s torso can fit through the openings on the front and back sides, posing a risk of serious injury and death due to tip over, fall and entrapment hazards.",,,Repair,105,None reported,"Consumers should stop using the recalled tower stools immediately and store them away from children until repaired. Contact Hangzhou Xinyanchuangxin for repair parts, which include stabilizing feet and installation instructions. The firm will mail the repair parts directly to consumers free of charge.",Sold Online At,Amazon.com from July 2025 through March 2026 for between $57 and $67.,"Hangzhou Xinyanchuangxin Tech. Co., Ltd. dba Mangohood Direct, of China",,,China,,
26-654,,30-Jul-26,,Joyin Expands Recall of Sloosh Dive Sticks Due to Risk of Serious Injury from Impalement; Violate Federal Dive Sticks Ban,"Sloosh Dive Sticks, models 40041, 40003 and 16154","This recall expansion involves Sloosh dive sticks, contained in packages of Sloosh water toys, model 40041(previously recalled) and models 40003 and 16154. The model numbers 40041 and 40003 are printed on the back of the box of Sloosh water toys, next to the bar code, and on top of one end of the dive stick, along with Joyin’s name and tracking information. The model number 16154 is printed on the polybag above the barcode, and on top of one end of the dive stick, along with Joyin’s name and tracking information.&nbsp;The Sloosh water toys Model 40041 package contains 30 pieces, including five dive sticks. The Sloosh water toys Model 40003 package contains 18 pieces, including four dive sticks. Model 16154 is sold as a set of eight dive sticks, with no additional pieces.&nbsp;&nbsp;The recalled dive sticks come in various colors, are made of hard plastic and are cylinder-shaped. Each stick measures approximately 7-inches in length and about 1-inch or less in diameter. The dive sticks with models 40041 and 40003 are packaged in a box with other pool diving toys in the Sloosh water toys package. The dive sticks with model 40041 contained in the Sloosh water toys sold prior to October 23, 2025, are being recalled. The dive sticks with model numbers 40003 and 16154 sold prior to December 31, 2025, are being recalled. Consumers can continue to use the other items contained in the Sloosh water toys package.&nbsp;&nbsp;&nbsp;","The recalled dive sticks violate the federal https://www.cpsc.gov/FAQ/Dive-Sticks"">dive sticks ban because they exceeded the compress limit, posing an impalement hazard. In shallow water, children may fall or land on a dive stick, resulting in serious piercing injuries. Facial and eye injuries are also possible when children attempt to retrieve the sticks underwater.",,,Replace,"About 404,000 (Joyin previously recalled 254,000 dive sticks on June 11, 2026, which are included in the total of 404,000)",None reported,"Consumers should stop using the recalled dive sticks immediately, take them away from children and dispose of them. Consumers will be asked to take a photo of the disposed dive sticks in the trash and email it to Joyin at support@joyin.com. Once received, Joyin will send the consumer redesigned dive sticks that meet federal regulations.",Sold Online At,"Model 40041 - sold on Amazon.com, Temu.com, Wayfair.com, Target.com and SHEIN.com from February 2019 through October 2025 for between $17 and $22. Model 40003 - sold on Amazon.com, Target.com and SHEIN.com from January 2017 through December 2025 for between $14 and $16. Model 16154 - sold on Amazon.com and Target.com from October 2023 through December 2025 for between $10 and $15.","Joyin US Corp., of Chandler, Arizona",,,China,,
26-653,,30-Jul-26,,Jake’s Fireworks Recalls World Class Fireworks “Skull Strobe” Rockets Due to Risk of Serious Injury from Explosion and Burn Hazards,World Class Fireworks “Skull Strobe” Rockets,"This recall involves World Class Fireworks “Skull Strobe” rockets. The rockets are mounted on a wooden stick and come in a black box with a picture of a skull, the brand name, the product name and a warning label. The SKU code 1004351 is found near the bottom of the product packaging.","The recalled fireworks rockets can explode prematurely before reaching their intended height, posing explosion and burn hazards.",,,Refund,"About 132,440",None reported,Consumers should stop using the fireworks rockets immediately and contact Jake’s Fireworks for a full refund. Consumers will be asked to return the fireworks devices to the retail location where they purchased the product or the nearest Jake’s Fireworks retail location.,Sold At,Fireworks stores nationwide from March 2025 through June 2026 for between $12 and $25.,"Jake’s Fireworks, Inc., of Pittsburg, Kansas",,,China,,
26-652,,30-Jul-26,,Heated Sherpa Throws and Blankets Recalled Due to Risk of Serious Injury or Death from Fire and Burn Hazards; Sold on Amazon by OCTROT,OCTROT Electric Thows and Blankets,"This recall involves OCTROT-branded electrical throws and blankets. The sherpa, heated throws and blankets were sold in gray and yellow, white with gray, white with yellow, white with blue and white with red; and in five sizes: 50 inches by 62 inches, 50 inches by 60 inches, 62 inches by 84 inches, 64 inches by 84 inches and 84 inches by 90 inches. The throws and blankets have a white controller with five temperature settings. The controller's cord has two or four small holes at the lower connection point where it connects to the controller. The brand name and model number OCT-5060, OCT-5062, OCT-6248, OCT-7284 or OCT-8490 are printed on the product packaging.","The electrical cord on the recalled throws and blankets can detach and ignite, posing a risk of serious injury or death from fire, burn and shock hazards.",,,Refund,"About 178,000","The firm has received 555 reports of blankets or throws melting, sparking and smoking, resulting in 27 fires and 15 burn or electrical shock injuries.","Consumers should stop using the recalled throws and blankets immediately and contact OCTROT for a full refund. Consumers will be asked to destroy the throws and blankets by unplugging the electrical cord and cutting it in half, and to send a photo of the destroyed product, showing the cut electrical cord, to OctrotRecall@outlook.com. Consumers should then dispose of the destroyed recalled products.",Sold Online At,Amazon.com from August 2021 through December 2025 for between $40 and $60.,,,,China,Retailer:,"Hangzhouyuefangjiajuyongpinyouxiangongsi, dba OCTROT, of China"
26-651,,30-Jul-26,,HARPPA Recalls Nordi Toddler Tower Stools Due to Risk of Serious Injury and Death from Entrapment and Fall Hazards,Nordi Foldable Toddler Tower Stools,"This recall involves HARPPA’s Nordi foldable toddler towers. The tower stools are white, black and blue with natural wood color on the stool’s step, platform and safety bars. The tower stools measure about 18 inches deep, 18 inches wide and 38.6 inches tall. “MODEL No.: HANS0002” is printed on a label on the underside of the stool’s platform.","The recalled tower stools can collapse or tip over while in use, and a child’s torso can fit through the openings on the front and back sides, posing a risk of serious injury and death due to tip over, fall and entrapment hazards.",,,Repair,"47,166 ","HARPPA has received three reports of tower stools collapsing or tipping over, resulting in two injuries, including scrapes, cuts and bruises.","Consumers should stop using the recalled stools immediately and store them away from children. Contact HARPPA for a free repair kit, including shipping. The repair kit consists of protective nets, stabilizing feet and installation instructions.&nbsp;",Sold Online At,Harppababy.com and Amazon.com from September 2023 through June 2026 for about $130.,"HARPPA, Inc., of Denver, Colorado",,,China,,
26-650,,30-Jul-26,,Golden Link Recalls Fantastic Four Cups and Captain America Popcorn Helmet Containers with LED Lights Due to Risk of Serious Injury or Death from Battery Ingestion Hazard; Violate Mandatory Standard for Consumer Products with Button Cell Batteries,Fantastic Four Drinking Cups and Captain America Popcorn Helmet Containers with LED Lights,This recall involves Fantastic Four Invisible Woman and Human Torch Drinking Cups and Captain America Popcorn Helmet Containers with LED lights. The products are souvenirs sold at movie theaters for the Fantastic Four and Captain America movie productions. The Fantastic Four Invisible Woman cups are blue and the Human Torch cups are red in color.&nbsp; The Captain America helmet containers are navy blue and silver and about 85 ounces with an opening at the top to store popcorn.&nbsp;&nbsp;,"The cups and containers violate the&nbsp;https://www.cpsc.gov/Business--Manufacturing/Business-Education/Busines… standard for consumer products with button cell and coin batteries because they contain button cell batteries that can be accessed easily by children, posing an ingestion hazard.&nbsp;In addition, the products&nbsp;do not bear the warning labels required by&nbsp;https://www.cpsc.gov/Newsroom/News-Releases/2023/Making-Families-Safer-…’s Law.&nbsp;If button cell or coin batteries are swallowed, the ingested batteries can cause serious injuries,&nbsp;including internal chemical burns, and death.",,,Refund,"About 55,350  ",None reported,Consumers should stop using the Fantastic Four Cups and Captain America Popcorn Helmet Containers immediately and contact Golden Link for a refund of the purchase price of the product. Consumers will be asked to dispose of the product and send a photo showing proof of disposal to&nbsp;productrecall@goldenlinkinc.com&nbsp;to receive a refund.&nbsp;Note:&nbsp;Button cell batteries are hazardous. Batteries should be disposed of or recycled by following local hazardous waste procedures.&nbsp;,Sold At,"The Fantastic Four Cups were sold at AMC movie theaters nationwide from March 2025 through April 2025 for about $15. The Captain America Popcorn Helmet Containers were sold at AMC Theaters, Cobb Theaters, Drive in Group, El Capitan EVO Cinemas, Goldenlink, GQT Movies, Harkins, Independent Theatre, Maya Cinemas, Reading, West Wind, Escape and Zurich Group nationwide from February through August 2025 for about $30.","Golden Link, of Middletown, New York ",,,China,,
26-649,,30-Jul-26,,Galanz Americas Recalls Retro Refrigerators Due to Risk of Serious Injury or Death from Fire and Burn Hazards; One Death Reported,Galanz Retro Refrigerators,"The U.S. Consumer Product Safety Commission (CPSC) and Galanz Americas Limited Company (Galanz Americas) are announcing the recall of Galanz Retro Refrigerators, manufactured by Zhongshan Galanz, of China, and imported by Home Depot and Galanz Americas.&nbsp;&nbsp;CPSC is aware of 34 reports of fire involving the refrigerators, one of which resulted in a fatality according to the local fire department report.&nbsp;About 121,680 refrigerators were sold at Home Depot stores nationwide and online at Amazon.com for between $330 and $520.&nbsp;The Galanz retro-style refrigerators were sold in black, blue, red and white, and measure about 58 inches high, 24 inches deep and 21 inches wide. The 7.6 cu. ft. capacity refrigerators have either left-hand opening or right-hand opening doors with handles, three adjustable glass shelves and one drawer. The top freezer has a separate door, one drawer and “Galanz” printed on front. Only refrigerators with date codes ranging from December 2018 through December 2020 and with one of the following model numbers are included in this recall: BCD-215V-62H, GLR76TRDER, GLR76TBKER, GLR76TBEER or GLR76TWEER. “Galanz,” the model number and the date code, in YYYYMM format, are printed on a white label on the upper left-hand corner on the back of the unit. &nbsp;&nbsp;","The recalled refrigerators’ internal electrical components can short circuit and ignite, posing a risk of serious injury or death from fire and burn hazards.",,,Repair,"About 121,680  ","CPSC is aware of 34 reports of fire involving the refrigerators, one of which resulted in a fatality according to the local fire department report.",Consumers should unplug and stop using the recalled refrigerators immediately until repaired and contact Galanz to schedule free in-home repair by a qualified technician.&nbsp;,Sold At,"Home Depot stores nationwide and online at Amazon.com from January 2019 to September 2022, for between $330 and $520.","Home Depot, of Georgia and Galanz Americas Limited Company, of New Jersey","Zhongshan Galanz, of China",,China ,,
26-647,,30-Jul-26,,BenQ America Recalls GV31 Portable Projectors Due to Risk of Serious Injury or Death from Fire and Burn Hazards,BenQ GV31 Portable Projectors,"This recall involves BenQ-branded portable projectors, model GV31. The white, circular projectors measure about 5.2 inches by 8 inches by 7.5 inches; weigh about 3.7 pounds and are powered by a rechargeable lithium-ion battery. The projectors sit on a gray base and have a built-in speaker, a carrying strap, a lens and control buttons at the top. They were shipped with a remote control. The brand name and model number are printed on the label on the underside of the projector’s gray base.&nbsp;","The recalled projectors’ lithium-ion battery can overheat, posing a risk of serious injury or death from fire and burn hazards.",,,"Replace, Repair","About 1,249 (In addition, about 240 were sold in Canada)","The firm has received three reports of the projector overheating, including one incident resulting in burns on hands.","Consumers should stop using the projectors immediately and contact BenQ for a free battery repair or replacement projector, including shipping. Consumers will be asked to register at https://www.benq.com/en-us/support/gv31recall.html and receive a prepaid label and package to return the recalled product.&nbsp;&nbsp;&nbsp;Note: Do not throw this recalled projector with lithium-ion battery in the trash, the general recycling stream (e.g., street-level or curbside recycling bins), or used battery recycling boxes found at various retail and home improvement stores. Recalled lithium-ion batteries must be disposed of differently than other batteries, because they present a greater risk of fire. Your municipal household hazardous waste (HHW) collection center may accept this recalled lithium-ion battery or device for disposal. Before taking your battery or device to a HHW collection center, contact that office ahead of time and ask whether it accepts recalled lithium-ion batteries. If it does not, contact your municipality for further guidance.&nbsp;",Sold Online At,"BenQ Store, BenQ INFTY lab, Iconic Micro, Memory Express and Amazon.com from July 2023 through May 2026 for between $500 and $600.","BenQ America Corp., of Costa Mesa, California ",,,China,,
26-646,,30-Jul-26,,5-Drawer Dressers Recalled Due to Risk of Serious Injury or Death from Tip-Over and Entrapment Hazards; Violate Mandatory Standard for Clothing Storage Units; Sold on Amazon by KAIFAM,KAIFAM 5-Drawer Dressers,"This recall involves KAIFAM 5-Drawer Dressers. The recalled dressers are made of metal and come in white and black. The dressers measure 15.7 inches wide, 31.5 inches long and 53.5 inches tall, and weigh 94.1 pounds. “SKU: N-YSXR0055B” and “Item: Steel Cabinet” are printed on the product packaging.","The recalled dressers are unstable if they are not anchored to the wall, posing tip-over and entrapment hazards that can result in risks of serious injuries or death to children. The dressers violate the mandatory safety standards as required by the https://www.cpsc.gov/Business--Manufacturing/Business-Education/Busines… lang=""EN-US"">STURDY Act.",,,Refund,"About 1,980",None reported,"Consumers should stop using the recalled dressers immediately if they are not anchored to the wall and place them in an area that children cannot access. Contact KAIFAM for instructions on how to identify affected units and receive a full refund. Consumers will be asked to write “RECALLED” on the top, front, and sides of the dressers with a permanent marker and remove all five drawers. Consumers will be asked to email photos of the marked and disassembled dressers to KAIFAM_recall@outlook.com to receive a full refund.&nbsp;&nbsp;",Sold Online At,Amazon.com from September 2023 through June 2026 for about $180.,,,,China ,Retailer:,"Luoyang Siqi Trading Co., Ltd., dba KAIFAM, of China&nbsp;"
26-645,,30-Jul-26,,15-Drawer Dressers Recalled Due to Risk of Serious Injury or Death from Tip-Over and Entrapment Hazards; Violate Mandatory Standard for Clothing Storage Units; Sold on Amazon by Enhomee-Direct,"EnHomee 15-Drawer 51"" Dressers","This recall involves EnHomee 15-Drawer 51"" Dressers. The recalled dressers come in white, brown, and black. The dressers have 15 fabric drawers, and the frames are made of metal. They are 11.8 inches wide, 51.2 inches tall, 39.3 inches long, and weigh 44.8 pounds. Only orders placed on or before April 10, 2026, are part of this recall.&nbsp;","The recalled dressers are unstable if they are not anchored to the wall, posing tip-over and entrapment hazards that can result in risks of serious injuries or death to children. The dressers violate the mandatory safety standards as required by the https://www.cpsc.gov/Business--Manufacturing/Business-Education/Busines… lang=""EN-US"">STURDY Act.&nbsp;",,,Refund,"About 12,800",None reported,Consumers should stop using the recalled dressers immediately if they are not anchored to the wall and place them in an area that children cannot access. Contact EnHomee-Direct for instructions on how to identify affected units and dispose of the dressers to receive a full refund. Consumers will be asked to submit a photo to enhomeestore@gmail.com demonstrating disposal of the product.&nbsp;,Sold Online At,Amazon.com from August 2024 through April 2026 for about $140.&nbsp;,"Hong Kong Baojia International Co. Ltd., dba Enhomee-Direct, of China ","Changzhou Jiaxuan Intelligence Furniture Co., Ltd., of China",,China,,
26-632,,30-Jul-26,,Trsmima Zipline Kits and Zipline Spring Brakes Recalled Due to Fall and Collision Hazards; Manufactured by Trsmima,TT Trsmima Zipline Kits and Zipline Spring Brakes,"This recall involves TT Trsmima Zipline Kits and Heavy Duty Stainless Steel Zipline Spring Brakes. TT Trsmima zipline kits include components and instructions to install a 76- to 200-foot-long backyard zipline for use by both children and adults. Kit components include a cable, a turnbuckle or ratchet strap, a green or blue plastic seat, a waist belt or harness, a black or blue trolley, a spring brake and additional small hardware needed to complete the installation.&nbsp; Some of the zipline trolleys include the name “TT TRSMIMA” in white lettering and some of the plastic seats include a label stating in part, “Manufacturer Name: HuNanBoLuoDianZiShangWuYouXianGongSi.” The TT Trsmima Heavy Duty Stainless Steel Zipline Spring Brakes include black stoppers on each end, no labeling or instructions, and were sold as separate components for installation with the purchaser’s zipline.&nbsp;","The zipline kit’s steel cable, turnbuckle and seat can detach or break during use, posing a fall hazard. The zipline spring brakes are not stiff enough to safely slow a rider down and the kit design does not include an emergency brake, posing collision and fall hazards.",,,Refund,"About 60,720 zipline kits and about 19,120 sold-separately spring brakes","The Firm has received 21 reports of the turnbuckle, cable or seat included in the zipline kit breaking or detaching during use, resulting in consumer falls and at least eight injuries such as fractures, sprains, bruises and scratches. The Firm has received 19 reports of the spring brake in the kit or the sold-separately spring brakes failing to safely slow a rider down, resulting in consumers colliding with trees and/or falling, including at least 12 injuries such as fractures, concussions and abrasions.","Consumers should stop using the TT Trsmima zipline kits and zipline spring brakes immediately and contact Trsmima for a full refund. Consumers will be asked to uninstall the zipline kits and destroy them by cutting the safety belt, seat rope and if included in their model, rachet strap, in half and then discarding all kit components, including the cable, spring brake, turnbuckle and trolley in the trash. Consumers will be asked to dispose of the stand-alone spring brakes in the trash. Consumers of the kits and stand-alone spring brakes will both be asked to send photo(s) of the destroyed and discarded products to the firm to receive a full refund.",Sold At,Amazon.com from March 2020 through May 2026 for between $45 and $285 for the zipline kits and for between $14 and $48 for the sold-separately spring brakes.,,"HuNanBoLuoDianZiShangWuYouXianGongSi D/B/A Trsmima or Hunan Pineapple Electronic Commerce Co., Ltd., of China",,China,,
26-639,,23-Jul-26,,Peony Design Recalls Personalized Baby Bibs and Stroller Bags Due to Risk of Serious Injury or Death from Choking Hazard,Personalized Baby Bibs and Stroller Bags,"This recall involves Peony Design personalized handmade baby bibs and stroller bags. The bibs have scalloped edges, a snap closure, and personalized embroidery on the front. The bibs were sold in fabric designs of geese, strawberries, heart tulip, plaid checks, and floral print. The stroller bags were made in coordinating fabrics including heart tulip, plaid check, floral print, and Winnie the Pooh. Each stroller bag has two straps with snaps at the ends for attachment and is personalized with embroidery and a ruffle around the top edge.","The snap can detach from the recalled bibs and stroller bags, posing a risk of serious injury or death from a choking hazard to young children.",,,Refund,About 52,The firm received three reported incidents of a broken snap on a bib and a broken snap on two stroller bags. No injuries have been reported.,"Consumers should&nbsp; take the recalled baby bibs and stroller bags away from children immediately, stop using them, and contact Peony Design to receive a full refund. Consumers will be asked to discard the recalled baby bibs and stroller bags.",Sold Online At,Etsy.com from October 2025 through July 2026 for between $15 and $45.,,"Peony Design Co., of Howell, MI",,USA,,
26-638,,23-Jul-26,,CuddleCubs Creations Teething Toy Sets Recalled Due to Risk of Serious Injury or Death from Choking; Violate Mandatory Standard for Toys; Sold on Amazon by YouRfocus,CuddleCubs Creations Baby Highchair Teething Toy Sets,"This recall involves the CuddleCubs Creations highchair teething toy set, colors “BlueOrange” and “YellowOrange”. The sets come with a suction-cup pull-string teether set featuring a chick-shaped teether and pull-string toy. The violative pull string teething toy has an orange bug-shaped center ball with six long, silicone pull strings of various colors running through the ball, and one light-green center string.","The recalled teething toy sets contain a pull string teething toy that violates the mandatory standard for https://www.cpsc.gov/Business--Manufacturing/Business-Education/Toy-Saf… lang=""EN-US"">toys because the silicone strings are smaller and longer than permitted. The strings can reach the back of a child’s throat and become lodged, posing a risk of respiratory distress and a deadly choking hazard.",,,Refund,About 106,None reported,"Consumers should stop using the pull string teething toys immediately, take them away from children and contact YouRfocus for a full refund. Consumers will be asked to destroy the toy by cutting all silicone strings and writing in permanent marker “DESTROYED” on the main body of the toy and send a photo of the destroyed toy to cuddlecubscreation@126.com. Consumers should then dispose of the destroyed product.&nbsp;",Sold Online At,Amazon.com from December 2024 through April 2026 for between $15 and $19.,"Foshanshi Kaijinying Dianzishangmao Youxiangongsi (Foshan Kaijinying Electronic Commerce Co., Ltd.), dba YouRfocus, of China",,,China,,
26-637,,23-Jul-26,,OeyUoc Pool Drain Covers Recalled Due to Risk of Serious Injury or Death from Entrapment and Drowning Hazards; Violate Virginia Graeme Baker Pool & Spa Safety Act; Sold Exclusively on Amazon by Yuanxinxiang,OeyUoc Pool Drain Covers,"This recall involves the OeyUoc white pool drain cover, sold as a replacement pool drain cover for swimming pools. The OeyUoc Pool Drain Cover has no labeling or product identification on the product itself. The pool cover comes in a clear packaging with “X00501CQ7P,” “OY-WG1048E-1P,” “OeyUoc WG1048…Skimmer Lid SP1030” and “MADE IN CHINA” printed on the label. The pool cover included two stainless steel screws.","The recalled drain covers violate the entrapment protection standards of the https://www.cpsc.gov/Business--Manufacturing/Business-Education/FAQ?p=3… lang=""EN-US"">Virginia Graeme Baker Pool and Spa Safety Act (VGBA), posing deadly entrapment and drowning hazards to consumers.",,,Refund,About 404,None reported,"Pool owners, pool operators and consumers should stop using pools with the recalled pool drain cover immediately and contact Yuanxinxiang for a full refund. To receive a refund, remove the drain cover from the pool, write “RECALL” with a permanent marker on the cover, take a photo of the marked cover and email it to Yuanxinxiang at OeyUocChina@163.com. If feasible, disable the drain cover by cutting the perimeter structure to prevent reinstallation or further functional use, then dispose of the cover. Ensure all pools and spas have VGBA-compliant drain covers and teach children to stay away from drains.",Sold Online At,Amazon.com from April 2026 through June 2026 for about $18.,,,,China,Retailer:,"Shenzhen Yuanxinxiang Trade Co., Ltd., dba Yuanxinxiang, of China"
26-636,,23-Jul-26,,Sviyatp Pool Drain Covers Recalled Due to Risk of Serious Injury or Death from Entrapment and Drowning Hazards; Violate Virginia Graeme Baker Pool & Spa Safety Act,Sviyatp Pool Drain Covers,"This recall involves the Sviyatp white pool drain cover, sold as a replacement pool drain cover for swimming pools. The Sviyatp Pool Drain Cover has no labeling or product identification on the product itself. The pool drain cover comes in clear packaging with “X0050114ZZ,” “SV-SP1030-001,” “Sviyatp Dual Suction Outlet,” and “MADE IN CHINA” printed on the label. The pool drain cover included two stainless steel screws.","The recalled drain covers violate the entrapment protection standards of the https://www.cpsc.gov/Business--Manufacturing/Business-Education/FAQ?p=3… lang=""EN-US"">Virginia Graeme Baker Pool and Spa Safety Act (VGBA), posing deadly entrapment and drowning hazards to consumers.",,,Refund,About 670,None reported,"Pool owners, pool operators and consumers should stop using pools with the recalled pool drain covers immediately and contact Sviyatp for a full refund. To receive a refund, consumers will be asked to remove the drain cover from the pool, write “RECALL” with a marker on the cover, take a photo, then dispose of it. If feasible, disable the drain cover by cutting the perimeter structure to prevent reinstallation or further functional use. Send the photo to Sviyatp by email at SviyatpRecall@qq.com. Ensure all pools and spas have VGBA-compliant drain covers and teach children to stay away from drains.",Sold Online At,Amazon.com from March 2026 through June 2026 for about $18.,,,,China,Retailer:,"Shenzhen Meilanxiang Trading Co., Ltd., dba Sviyatp, of China"
26-635,,23-Jul-26,,Aojieni Silicone Recalls Sili Factory Pull String Teething Toys Due to Risk of Serious Injury or Death from Choking; Violate Mandatory Standard for Toys,Sili Factory Pull String Teething Toys,"This recall involves Aojieni Silicone pull string teething toys. The teething toys consist of a pink disc shape with a pink ball in the center and five multi-colored, silicone tentacle-looking pull strings that run through the ball. The disc has seven soft push buttons. The brand name and “Pulling Toy” is printed on the front of the product packaging, and the batch number DS250238 on the back of packaging.","The recalled teething toys violate the mandatory standard for https://www.cpsc.gov/Business--Manufacturing/Business-Education/Toy-Saf… lang=""EN-US"">toys because the silicone strings are smaller and longer than permitted. The strings can reach the back of children’s throat and become lodged, posing a serious risk of respiratory distress and deadly choking hazard.",,,Refund,"About 5,918","CPSC is aware of one report of the toy’s strings reaching the back of a child’s throat, resulting in gagging. No injuries have been reported.","Consumers should stop using the teething toy immediately, take it away from children and contact Aojieni Silicone to receive a full refund. Consumers will be asked to destroy the toy by cutting all silicone strings and writing in permanent marker “RECALLED” on the main body of the toy and send a photo of the destroyed toy to info@silifactory.com. Consumers should then dispose of the destroyed product.",Sold Online At,Amazon.com from May 2025 through April 2026 for between $11 to $15.,,"Shenzhen Aojieni Silicone Technology Co., LTD., of China",,China,,
26-634,,23-Jul-26,,12-Drawer Fabric Dressers Recalled Due to Risk of Serious Injury or Death from Tip-Over and Entrapment Hazards; Violate Mandatory Standard for Clothing Storage Units; Sold on Amazon by Romorgniz,Romorgniz 12-Drawer Fabric Dressers,"This recall involves Romorgniz 12-Drawer Fabric Dressers. The recalled dressers come in white, brown, and black. The dressers have 12 fabric drawers and the frames are made of metal. They measure 11.8 inches wide by 31.7 inches tall by 55 inches long. Only orders placed before April 1, 2026, are part of this recall.","The recalled dressers are unstable if they are not anchored to the wall, posing tip-over and entrapment hazards that can result in risks of serious injuries or death to children. The dressers violate the mandatory safety standards as required by the https://www.cpsc.gov/Business--Manufacturing/Business-Education/Busines… lang=""EN-US"">STURDY Act.",,,Refund,"About 10,040",None reported,Consumers should stop using the recalled dressers if they are not anchored to the wall immediately and place them in an area that children cannot access. Contact Romorgniz for instructions on how to identify affected units and dispose of the dressers to receive a full refund. Consumers will be asked to submit a photo to Romorgnizrecall@outlook.com demonstrating disposal of the product.,Sold Online At,Amazon.com from May 2025 through March 2026 for about $90.,"Baituo Innovation Technology Co. Ltd., dba Romorgniz, of China","Changzhou Jiaxuan Intelligence Furniture Co., Ltd., of China",,China,,
26-633,,23-Jul-26,,EnHomee 9-Drawer Fabric Dressers Recalled Due to Risk of Serious Injury or Death from Tip-Over and Entrapment Hazards; Violates Mandatory Standard for Clothing Storage Units; Sold on Walmart.com by Raybee-Direct,EnHomee 9-Drawer Fabric Dressers,"This recall involves EnHomee 9-Drawer Fabric Dressers. The recalled dressers come in white, brown, gray, and black. The dressers have nine fabric drawers, and the frames are made of metal. They are 15.3 inches wide, 27.5 inches tall, 47.2 inches long, and weigh 41.3 pounds. Only orders placed before March 30th 2026, are part of this recall.","The recalled dressers are unstable if they are not anchored to the wall, posing tip-over and entrapment hazards that can result in risk of serious injuries or death to children. The dressers violate the mandatory safety standards as required by the https://www.cpsc.gov/Business--Manufacturing/Business-Education/Busines… lang=""EN-US"">STURDY Act.",,,Refund,"About 16,809",None reported,Consumers should stop using the recalled dressers immediately if they are not anchored to the wall and place them in an area that children cannot access. Contact Raybee-Direct for instructions on how to identify affected units and dispose of the dressers to receive a full refund. Consumers will be asked to submit a photo to RaybeeRecall@outlook.com demonstrating disposal of the product.&nbsp;,Sold Online At,Walmart.com from September 2023 through March 2026 for about $80.,"Changsha Yiman Keji Youxian Gongsi, dba Raybee-Direct","Xuzhou Mingquanhe Household Co., Ltd., of China",,China,,
26-630,,16-Jul-26,,MNIENT Adult Portable Bed Rails Recalled Due to Risk of Serious Injury or Death from Entrapment and Asphyxiation; Violate Mandatory Standard for Adult Portable Bed Rails,MNIENT Adult Portable Bed Rails,"This recall involves MNIENT-branded adult portable bed rails, model LQX-110055. The recalled bed rails have a white frame with black foam rubber handle grips, a black fabric pouch, and measure about 13 inches wide by 39 inches high.&nbsp;The MNIENT brand name and model number are on the front of the product packaging and on the product label located on the black fabric pouch.","The recalled bed rails violate the mandatory standard for&nbsp;https://www.cpsc.gov/Business--Manufacturing/Business-Education/Busines… portable bed rails because users can become entrapped within the bed rail or between the bed rail and the side of the mattress, posing a serious entrapment hazard and risk of death by asphyxiation. The bed rails do not meet structural stability or retention strap requirements, posing a fall hazard. Additionally, the bed rails’ push pins and push pin holes are incorrectly sized, posing a laceration hazard.",,,Refund,About 330,None reported,"Consumers should stop using the recalled adult portable bed rails immediately and contact Zhuzhoushizuisuanshangmaoyouxiangongsi&nbsp;for a&nbsp;full refund.&nbsp;Consumers will be asked to cut the foam padding on the bed rail handle grips, take a photo of the destroyed bed rail and email the photo to&nbsp;mnientrecall@outlook.com.",Sold At,Amazon.com from January 2026 through March 2026 for about $66.,"Zhuzhoushizuisuanshangmaoyouxiangongsi, of China",,,China,,
26-629,,16-Jul-26,,Target Recalls Cat & Jack Children’s Sandals Due to Risk of Serious Injury or Death from Choking Hazard,Cat & Jack Children’s Sandals,This recall involves Cat &amp; Jack-branded children’s sandals. The sandals are tan and have two raffia straps with gold buckles and plastic pearls. The brand is printed on the shoe’s sole and bottom. The sandals were sold in sizes 5T through 12T.,"The sandals’ decorative pearls can fall off, posing a risk of serious injury or death from a choking hazard.",,,Refund,"About 211,000",Target has received 23 reports of the shoe’s pearls falling off. No injuries have been reported.,"Consumers should stop using the recalled sandals immediately, take them away from children and contact Target for a full refund. Consumers will be asked to return the sandals to any store or use a prepaid label to return the sandals by mail.",Sold At,Target stores nationwide and online at target.com from January 2026 through May 2026 for about $20.,"Target, of Minneapolis, Minnesota",,,Cambodia,,
26-628,,16-Jul-26,,SDADI Kitchen Step Stools Recalled Due to Risk of Serious Injury and Death from Entrapment and Fall Hazards; Imported by Yiwushi Bihe Trading,"SDADI Kitchen Step Stools, models LT01 and LT05","SDADI Kitchen Step Stools are wooden standing towers for kids. The towers were sold under model numbers LT05 and LT01 in gray, white, espresso, pink and natural wood colors, and measure about 35 inches high, 15 to 18 inches wide and 18 inches deep. The stools were manufactured in China.","The recalled tower stools can collapse or tip over while in use, and a child’s torso can fit through the openings on the front and back sides, posing a risk of serious injury and death due to tip over, fall and entrapment hazards.",,,Refund,"5,952","Yiwushi Bihe is aware of eight reports of instability or tip-overs, including four reported injuries such as scrapes, cuts, and bruises.","Consumers should stop using the recalled tower stools immediately, store them away from children and contact Yiwushi Bihe Trading for a full refund.",Sold At,"Amazon.com, Walmart.com, Target.com, and Best Buy.com from April 2024 through September 2025 for between $45 and $155.","Yiwushi Bihe Trading Co., Ltd., of China",,,China,,
26-627,,16-Jul-26,,Noerishia Adult Portable Bed Rails Recalled Due to Risk of Serious Injury or Death from Entrapment and Asphyxiation; Violates Mandatory Standard for Adult Portable Bed Rails; Sold on Amazon by Hurzein,Noerishia Adult Portable Bed Rails,"This recall involves Noerishia adult portable bed rails. The bed rails come in black, measure 24 inches wide by 36 inches tall, are made of carbon steel, and weigh 8.4 pounds.&nbsp; “Model: KDB-504B” and “Batch: SO2025111104” are printed on the product packaging. The Noerishia branding “Noerishia” and “Model: KDB-504B” are printed on the instruction manual.&nbsp;","The recalled bed rails violate the mandatory standard for https://protect.hec.checkpoint-gov.com/v2/r08/___https:/www.cpsc.gov/Bu… lang=""EN-US"">adult portable bed rails because users can become entrapped within the bed rail or between the bed rail and the side of the mattress, posing a serious entrapment hazard and risk of death by asphyxiation. In addition, the bed rails do not bear the required hazard warning labels.",,,Refund,About 504,None reported,"Consumers should stop using the recalled adult portable bed rails immediately and contact Hurzein for a refund. Consumers will be asked to cut off the gray foam handgrip padding and cut the securing straps in half, to render them unusable, then take a photo of the destroyed bed rail and send it to NoerishiaBedRailsRecall@outlook.com.",Sold Online At,Amazon.com from March 2026 through April 2026 for about $100.,,,,China,Retailer:,"Dongguan Shinneng Huizheng Network Technology Co., Ltd., dba Hurzein"
26-626,26-130,16-Jul-26,4-Dec-25,Jobon Torch Lighters Recalled Due to Risk of Serious Injury or Death from Fire and Burn Hazards; Violate Mandatory Standard for Multipurpose Lighters,Jobon butane torch lighters,"This recall involves Jobon butane torch lighters. The lighters have a side ignition trigger and hands-free operation lock. The lighters come in gray/brown, gold/black and camouflage print. “JOBON” is printed on the side of the lighter.","The lighters violate the mandatory safety standard for multipurpose https://www.cpsc.gov/Business--Manufacturing/Business-Education/Busines… lang=""EN-US"">lighters because they do not have the required child-resistant mechanisms posing a risk of serious injury or death from fire and burn hazards. In addition, the lighters failed to meet the pre-market lighter submission requirement needed to demonstrate that the lighters feature child-resistant mechanisms and ensuring their safety and compliance with U.S. regulations.",CPSC urges consumers to stop using the&nbsp;lighters immediately and dispose of them in accordance with local disposal requirements. Do not sell or give away these hazardous lighters.&nbsp;,"WASHINGTON, D.C. – The U.S. Consumer Product Safety Commission (CPSC) is warning consumers to immediately stop using Jobon butane torch lighters. The lighters violate the mandatory standard for multipurpose lighters because they do not have the required child-resistant mechanisms, posing a risk of serious injury or death from fire and burn hazards.CPSC issued a Notice of Violation to the seller, Wenzhou Zhongbang Smoking Set Manufacturing Co., Ltd., doing business as&nbsp;Jobon Official Store, of China. Jobon Official Store has not agreed to recall these lighters or offer a remedy to consumers.&nbsp;About 13,000 lighters were sold online at Amazon.com and about 150 lighters at Alibaba.com from April 2021 through September 2025 for about $20.&nbsp;The lighters were sold in a gray/brown color combination and have a side ignition trigger and a hands-free operation lock. “JOBON” is printed on the side of the lighter. CPSC is aware the firm may have also sold similar lighters in a gold/black color combination and camouflage print.&nbsp;These products were manufactured in China.&nbsp;CPSC urges consumers to stop using the&nbsp;lighters immediately and dispose of them in accordance with local disposal requirements. Do not sell or give away these hazardous lighters.&nbsp;",Refund,"13,200",None reported,"Consumers should stop using the recalled lighters immediately and contact Jobon Official Store for a full refund. Consumers will be asked to write ""RECALLED"" in permanent marker on the lighter, submerge it in water in a bowl and send a photo of the marked and submerged lighter to wzzhongbang@yeah.net. Consumers should then dispose of the recalled product in accordance with state and local waste disposal procedures.&nbsp;",Sold Online At,Amazon.com and Alibaba.com from April 2021 through September 2025 for between $5 and $20.,,,,China,Seller:,"Wenzhou Zhongbang Smoking Set Manufacturing Co., Ltd., doing business as Jobon Official Store, of China"
26-625,,16-Jul-26,,Madewell Recalls Women’s Sweaters Due to Risk of Serious Injury or Death from Burn Hazard; Violate Mandatory Standard for Clothing Textiles,Madewell Double V-Neck Pullover and V-Neck Cardigan Sweaters,This recall involves two styles of Madewell-branded Double V-Neck Pullover and V-Neck Cardigan women’s sweaters. The sweaters were sold with or without buttons in light blue and cream and in sizes XS through L. The sweaters have long sleeves and a V-neck. “Madewell” and the size are printed on the neck label and “Style #NT611” or “Style #NT612” and “HO24” on the sewn-in side seam label.,"The recalled sweaters violate the mandatory standard for https://www.cpsc.gov/Business--Manufacturing/Business-Education/Busines… lang=""EN-US"">clothing textiles, posing a risk of serious burn injuries or death.",,,Refund,"About 5,900",The firm has received one report of the sweater catching on fire. No injuries have been reported.,Consumers should stop using the recalled sweaters immediately and contact Madewell for a full refund in the original form of payment or store credit. Consumers will be asked to destroy the sweaters by cutting them in half and send a photo of the destroyed sweater to 24-7@madewell.com. Consumers should then dispose of the destroyed product.,Sold At,Madewell and T.J. Maxx stores nationwide and online at Madewell.com from December 2024 through October 2025 for between $138 and $148.,"J. Crew Group, LLC of New York, New York",,"Madewell Inc., of New York, New York",China,,
26-624,,16-Jul-26,,Huish Outdoors Recalls Hollis Diving Regulators Due to Risk of Serious Injury or Death from Drowning,Hollis 200LX Second Stage Diving Regulators,This recall involves Hollis 200LX second stage diving regulators. The regulators are used for Scuba diving and are made of black and red plastic and metal. “200LX” and “Hollis” are engraved on top of the regulator. The product serial number is located under the mouthpiece. The following serial number ranges are included in this recall:&nbsp;Serial Number Ranges&nbsp;C3753 – C77735&nbsp;S73202 – S84427&nbsp;HA00001 – HA14873&nbsp;LX001698 – LX009896&nbsp;,"The regulator inlet tube can crack and break, posing a risk of serious injury or death from drowning.",,,Repair,"About 7,200 (In addition, about 370 were sold in Canada)",Huish Outdoors has received 17 reports of the diving regulator inlet tube breaking. No injuries have been reported.,Consumers should&nbsp;stop using the recalled diving regulators immediately and return their regulator to the nearest authorized Hollis dealer for a free repair. Consumers can visit www.hollis.com/dealer-locator/ to find their nearest authorized Hollis dealer. Consumers can also contact Huish Outdoors for instructions on how to obtain a prepaid shipping label and return the product by mail for a free repair.&nbsp;&nbsp;,Sold At,Diving supply stores nationwide from May 2017 through February 2026 for about $330.,"Huish Outdoors, LLC, of Salt Lake City, Utah",,,Taiwan,,
26-623,,16-Jul-26,,Warren James Recalls the Copper Cup Found in Flashgitz Relic Lunch Boxes Due to Risk of Serious Injury or Death from Lead Poisoning,Space King No Girls Allowed Relic Lunch Boxes (Cups only),"This recall involves the copper cup found in the Flashgitz-branded Space King No Girls Allowed Relic Lunch Boxes. The Relic Box is a retro style lunch box containing a limited-edition bundle of collectibles for fans of the web cartoon Space King.&nbsp; The contents of the box are a metal figurine, a zippo lighter case, a drinking cup and a pack of condoms. The box also contains a strip of paper warning that the “Chastity Seals” is a novelty item and not intended for use. The lunch box is red with “Space King” written in red and orange lettering at the top on the front, and a picture of the Space king characters below it. Only the copper cups are included in this recall.","The cup in the lunch boxes contains high lead concentration levels for drinking vessels, posing a lead poisoning hazard. Lead is toxic if ingested by adults or children and can cause adverse health issues.",,,Replace,"About 7,000",None reported,Consumers should stop using the recalled cups immediately and contact the firm for instructions on how to receive a replacement cup. Consumers who purchased the lunch boxes directly from Warren James will be sent a free replacement cup to the address previously provided in the original purchase order. Consumers should dispose of the cups in accordance with their local waste disposal requirements. The lunch box and other items that came with the box can continue to be used.,Sold At,Flashgitz shop from September 2025 through October 2025 for about $25.,,,"Warren James, Inc., of Santa Monica, California",China,,
26-622,,16-Jul-26,,Wade Logan Annyka 9-Drawer Fabric Dressers Recalled Due to Risk of Serious Injury or Death from Tip-Over and Entrapment Hazards; Violate Mandatory Standard for Clothing Storage Units; Imported by Ningbo Jiangdong Peter International Trading,Wade Logan Annyka 9-Drawer Fabric Dressers,"This recall involves Wade Logan Annyka 9-Drawer Fabric Dressers. The recalled dressers are made of fabric and a metal frame, and were sold in black, brown, gray, and white. The dresser has 9 fabric drawers, is 39.4 inches long by 11.8 inches wide by 39.4 inches tall and weighs 33 pounds. The dressers have the SKU number and color printed on a label located on the outer packaging (e.g., “SKU: HD016GRY” and “COLOR: GRAY”).","The recalled dressers are unstable if they are not anchored to the wall, posing tip-over and entrapment hazards that can result in risks of serious injuries or death to children. The dressers violate the mandatory safety standard as required by the https://www.cpsc.gov/Business--Manufacturing/Business-Education/Busines… lang=""EN-US"">STURDY Act.",,,Refund,About 180,None reported,Consumers should stop using the recalled dressers if they are not anchored to the wall immediately and place them in an area that children cannot access. Contact Ningbo Jiangdong Peter International Trading for instructions on how to identify affected units and dispose of the dressers to receive a full refund. Consumers will be asked to submit a photo to annykarecall@yeah.net demonstrating disposal of the product.,Sold Online At,Wayfair.com from September 2023 through May 2026 for about $98.,"Ningbo Jiangdong Peter International Trading Co. Ltd., of China","Wuxi Leclaire Home Products Co., Ltd., of China",,China,,
26-621,,16-Jul-26,,Currey & Company Recalls Nottaway Chandeliers Due to Risk of Serious Injury or Death from Electrocution Hazard,Nottaway Chandelier Fixtures,"This recall involves Currey &amp; Company’s Nottaway chandeliers. The iron with brass frame light fixtures were sold in gold, bronze and champagne finishes and in two sizes. The two-tier chandeliers measure about 44 inches in diameter and 44.5 inches high and have an adjustable drop of 51 to 119 inches and nine 50-watt bulbs. The three-tier chandeliers measure about 60 inches in diameter and 63.5 inches high and have an adjustable drop of 70 to 138 inches and 18 40-watt bulbs. “Currey &amp; Company” and the model number 9000-1129, 9000-1130, 9000-1254, 9000-1255, 9000-1314 are printed on a label atop the fixture’s ceiling canopy. Nottaway and the model are printed on the product order receipt. Only chandeliers with no visible screw on the outside of the top distributor cap are included in this recall.","The recalled chandeliers lack proper electrical grounding, posing a risk of serious injury or death from electrocution hazard.",,,Replace,About 447,None reported,"Consumers should stop using the recalled chandeliers immediately and contact Currey &amp; Company for a free replacement chandelier, including shipping and installation at no cost to the consumer. Currey &amp; Company will reimburse consumers for the full cost to remove the recalled chandelier and to install the new one by a licensed electrician and provide a prepaid label and package to return the recalled product.",Sold At,"Currey &amp; Company showrooms, Wayfair and lighting stores nationwide and on Curreyandcompany.com, Wayfair.com and other websites from November 2025 through May 2026 for between $3,500 and $5,200.",,"Currey &amp; Company, of Atlanta, Georgia",,Philippines,,
26-620,,16-Jul-26,,TOMY Recalls Boon PIVOT Collapsible Toddler Tower Kitchen Step Stools Due to Risk of Serious Injury and Death from Tip-Over and Fall Hazards,Boon PIVOT Collapsible Toddler Tower Kitchen Step Stools,"This recall involves Boon PIVOT Toddler Tower Kids Kitchen Step Stools. The metal and plastic tower stools were sold in gray and white and measure about 22 inches wide, 23 inches deep, and 35 inches tall. “boon” is visible along the top rail, and a warning label is visible along the side of the standing platform.","The recalled toddler towers can tip over while in use, posing a risk of serious injury and death, due to tip over and fall hazards.",,,Repair,"116,908 (In addition, about 2,033 were sold in Canada)",TOMY is aware of 11 reports involving the towers being unstable and shifting or leaning. No injuries have been reported.,Consumers should stop using the recalled tower stools immediately and store them away from children until repaired. Contact TOMY for a stabilizing repair part and installation instructions. The firm will mail the free repair parts directly to consumers.,Sold Online At,"Target.com, Amazon.com and Babylist.com from January 2023 through June 2026 for around $150.","TOMY International, Inc., of Oak Brook, Illinois",,,China,,
26-619,,16-Jul-26,,Liizousuda Paint Thinner Bottles Recalled Due to Risk of Serious Injury or Death from Child Poisoning; Violate Mandatory Standard for Child-Resistant Packaging; Sold on Amazon.com by Shenzhen Gudebo Technology,Liizousuda Paint Thinner,This recall involves Liizousuda paint thinner bottles. The paint thinner comes in a clear bottle with a black cap and a wraparound label. The label states “Odorless Mineral Spirit” and “Artist Oil Thinning Medium” in large text.,"The paint thinner contains low-viscosity petroleum distillates, which must be in child-resistant packaging, as required by the https://protect.hec.checkpoint-gov.com/v2/r08/___https://www.cpsc.gov/B… lang=""EN-US"">Poison Prevention Packaging Act. The bottles are not child-resistant, posing a risk of serious injury or death from poisoning if the contents are swallowed by young children. Additionally, petroleum distillates can get into the lungs, causing chemical pneumonia and/or pulmonary damage, which can be fatal.",,,Replace,"About 4,200",None reported,"Consumers should secure the recalled paint thinner out of the sight and reach of children immediately and contact Shenzhen Gudebo Technology for information on how to obtain a replacement bottle with a child-resistant closure, into which consumers should transfer the recalled bottle’s contents.",Sold Online At,Amazon.com from March 2025 through February 2026 for about $10.,,,,China,Retailer:,"Shenzhen Gudebo Technology Co. Ltd., of China"
26-618,,16-Jul-26,,Panasonic Recalls Electric Toaster Ovens Due to Shock and Fire Hazards,Electric Toaster Ovens,"This recall involves all Panasonic Electric Toaster Ovens, Model No. NB-G200. The Electric Toaster Ovens are stainless steel with the temperature knob located on the bottom. The brand name Panasonic is written on the front of the product. The Electric Toaster has six cooking menus with pre-set buttons, with a digital timer (up to 25 minutes) and temperature settings (250-Degree F to 500-Degree F). The model number is located on the name plate label on the back of the Electric Toaster Oven.","The power cord insulation can be insufficient due to a protective fiberglass sleeve not covering it adequately, posing a risk of shock and/or fire hazard.",,,Refund,"About 11,480 (In addition, about 2,184 were sold in Canada)","There have been four consumer reports of tripped circuit breakers or outlets, and one report that the product stopped working. No fires or injuries have been reported.",Consumers should stop using the recalled Electric Toaster Oven immediately and contact Panasonic for a full refund.,Sold Online At,"Amazon.com, Costco.com, Panasonic.com and other online platforms nationwide from October 2024 through April 2026 for about $170.","Panasonic Corporation of North America, of Newark, New Jersey","Panasonic Manufacturing (Xiamen) Co., Ltd, of Xiamen, Fujian, China",,China,,
26-617,,16-Jul-26,,Oitnlaughter Projecting Finger Light Toys Recalled Due to Risk of Serious Injury or Death from Battery Ingestion; Violate Mandatory Standard for Toys; Sold on Amazon by Delightmi,Oitnlaughter LED Finger Lights,"This recall involves Oitnlaughter-branded LED Finger Lights. They were sold in sets of 36 multi-colored lights. Each finger light has three internal button cell batteries that power projections of the six animal designs (tiger, elephant, rabbit, panda, butterfly and duck) when the&nbsp; finger light is &nbsp;activated.","The recalled finger lights violate the https://cpsc.gov/Business--Manufacturing/Business-Education/Toy-Safety""… lang=""EN-US"">mandatory safety standard for toys because they contain button cell batteries that can be easily accessed by children. If button cell or coin batteries are swallowed, the ingested batteries can cause serious injuries, including internal chemical burns, and death.",,,Refund,"About 1,012",None reported,"Consumers should stop using the recalled toys immediately, take them away from children and contact Delightmi for a full refund. Consumers will be asked to properly dispose of the finger lights into the trash and send a photo of the disposed product to delightmi@outlook.com.&nbsp;&nbsp;Note: Button cell batteries are hazardous. Batteries should be disposed of or recycled by following local hazardous waste procedures. &nbsp;",Sold Online At,Amazon.com from July 2025 through April 2026 for about $14.,,,,China,Retailer:,"Shenzhen Dami Trading Co., Ltd., dba Delightmi, of China"
26-611,,9-Jul-26,,Greenworks Tools Recalls 24V and 48V Kobalt Yard Power Tools with USB-C Batteries Due to Risk of Serious Injury from Fire Hazard,"Kobalt 24V and 48V Trimmers, Blowers, Mowers, Chainsaws and Pruning Saws with USB-C Batteries","This recall involves Kobalt yard power tools, including trimmers, blowers, mowers, chainsaws and pruning saws that use 24V Kobalt-branded batteries with a USB-C charging port. The batteries with a USB-C charging port come in 3.0Ah, 4.0Ah, 5.0Ah, 6.0Ah, and 8.0Ah. The 6.0Ah and 3.0Ah batteries were also sold separately from the tool.&nbsp; Only products with the USB-C batteries are included in the recall.Product Description&nbsp;Model Number&nbsp;Kobalt 24V 12” String Trimmer and 270CFM/100 MPH Blower Combo Kit with (1) 3.0Ah Battery&nbsp;Kit: KOC 1024-06&nbsp;Blower: KHB 2524-06&nbsp;Trimmer: KST 1224-06&nbsp;Battery: KB 324-06&nbsp;Kobalt 48V (2x24V) 17” Deck Push Mower Kit with (2) 4.0Ah Batteries&nbsp;Tool: KM 4224A-06&nbsp;Battery: KB 424-06&nbsp;Kobalt 48V (2x24V) 21” Deck Push Mower Kit with (2) 5.0Ah Batteries&nbsp;Tool: KM 5224A-06&nbsp;Battery: KB 524-06&nbsp;Kobalt 48V (2x24V) 21” Deck Self-Propelled Mower Kit with (2) 6.0Ah Batteries&nbsp;Tool: KMS 6224A-06&nbsp;Battery: KB 624-06&nbsp;Kobalt 48V (2x24V) 21” Deck Dual Blade Self-Propelled Mower Kit with (2) 8.0Ah Batteries&nbsp;Tool: KMSD 8224A-06&nbsp;Battery: KXB 824-06&nbsp;Kobalt 48V (2x24V) Kobalt 14” Chainsaw Kit with (2) 4.0Ah Batteries&nbsp;Tool: KCS 4224-06&nbsp;Battery: KB 424-06&nbsp;Kobalt 24V 6” Pruning Saw Kit with (1) 3.0Ah Battery&nbsp;Tool: KMCS 2024-06&nbsp;Battery: KB 324-06&nbsp;Kobalt 24V 270 CFM/100 MPH Blower Kit with (1) 3.0Ah Battery&nbsp;Tool: KHB 324-06&nbsp;Battery: KB 324-06&nbsp;Kobalt 48V (2x24V) 600 CFM/150 MPH Blower Kit with (2) 4.0Ah Batteries&nbsp;Tool: KHB 4248-06&nbsp;Battery: KB 424-06&nbsp;Kobalt 48V (2x24V) Bristle Brush Kit with (2) 3.0Ah Batteries&nbsp;Tool: KABK 3265-06&nbsp;Battery: KB 324-06&nbsp;Kobalt 24V 12” 2-in-1 String Trimmer Kit with (1) 3.0Ah Battery&nbsp;Tool: KST 2024-06&nbsp;Battery: KB 324-06&nbsp;Kobalt 48V (2x24V) 15” Attachment Capable String Trimmer Kit with (2) 3.0Ah Batteries&nbsp;Tool: KMS 3248-06&nbsp;Battery: KB 324-06&nbsp;Kobalt 24V Power Cleaner Kit with (1) 3.0Ah Battery&nbsp;Tool: KPC 3024-06&nbsp;Battery: KB 324-06&nbsp;Kobalt 24V 6.0Ah Battery 2-Pack&nbsp;Kit: KB 624D-06&nbsp;Battery: KB 624-06&nbsp;Kobalt 24V 3.0Ah Battery 2-Pack&nbsp;Kit: KB 324D-06&nbsp;Battery: KB 324-06&nbsp;Kobalt 24V 3.0Ah Battery&nbsp;KB 324-06&nbsp;Kobalt 48V (2x24) 15” Trimmer and 600 CFM Blower Combo Kit with (2) 4.0Ah Batteries&nbsp;Kit: KOC 4248-06&nbsp;Blower: KHB 6048-06&nbsp;Trimmer: KMS 1524-06&nbsp;Battery: KB 424-06&nbsp;Kobalt 48V (2x24V) 14” Chainsaw (Tool Only)&nbsp;KCS 1448-06&nbsp;Kobalt 48V (2x24V) 600 CFM/150 MPH Blower (Tool Only)&nbsp;KHB 6048-06&nbsp;Kobalt 48V (2x24V) 15” Attachment Capable String Trimmer (Tool Only)&nbsp;KMS 1524-06&nbsp;","Charging the lithium-ion batteries through the USB-C port while the batteries are inserted in the yard power tools can cause the batteries to short-circuit, posing a risk of serious injury from fire hazard.",,,Replace,"About 554,780","The firm has received 34 reports of the batteries producing smoke, sparking or catching fire while the batteries are inserted in the tool and charging with the USB-C port. No injuries or property damage have been reported.","Consumers should stop charging the batteries with the USB-C port while the batteries are inserted in the yard power tools immediately and contact Greenworks Tools to receive a free replacement battery. Consumers will be asked to complete the registration form at https://www.greenworkstools.com/pages/kobalt-product-recall to receive replacement batteries without the USB-C port, a charger adapter, a warning label to affix on the yard power tool, an updated product manual and a pre-paid shipping label along with instructions for returning the recalled batteries.",Sold At,Lowe’s stores nationwide and online at Lowes.com from January 2026 through May 2026 for between $20 and $482.,"Greenworks North America, LLC, dba Greenworks Tools, of Mooresville, North Carolina",,,China and Vietnam,,
26-610,,9-Jul-26,,Flaunt Recalls Magsafe Battery Chargers Due to Risk of Serious Injury or Death from Fire and Burn Hazards,Flaunt MagSafe Battery Chargers,"This recall involves the Flaunt MagSafe Battery Charger power banks with model number E33A. ""FLAUNT"" is engraved on the front right side of the power bank and there is a small circular button in the bottom center of the front side of the power bank. The back label of the unit is marked “FLAUNT” and “Model: E33A”. The power banks were sold in melon, black, lavender and white. The chargers measure 3 by 2 by 0.25 inches and weigh around 3.2 ounces.","The lithium-ion battery in the recalled power banks (chargers) can overheat and ignite, posing a risk of serious injury or death from fire and burn hazards.",,,Refund,"About 1,400","The firm has received five reports of the power banks overheating and catching fire, including one report of a burn to a consumer’s hand, one report of a burn to a consumer’s arm and four reports of minor property damage.","Consumers should stop using the recalled power banks immediately and contact Flaunt for a full refund of the $65 purchase price in the form of a check or as an $80 store credit at flauntcases.com. Consumers will be asked to register at www.flauntcases.com/pages/recall and submit two photographs. One photo should show the front of the power bank with the word “Recalled”, the consumers initials, and the registration date written on it in permanent marker. The second photo should show the model number E33A located on the back of the power bank. Consumers will receive an email with instructions on disposing the charger in accordance with local and state regulations.&nbsp;Note: Do not throw this recalled power bank with lithium-ion battery in the trash, the general recycling stream (e.g., street-level or curbside recycling bins), or used battery recycling boxes found at various retail and home improvement stores. Recalled lithium-ion batteries must be disposed of differently than other batteries, because they present a greater risk of fire. Your municipal household hazardous waste (HHW) collection center may accept this recalled lithium-ion battery or device for disposal. Before taking your battery or device to a HHW collection center, contact that office ahead of time and ask whether it accepts recalled lithium-ion batteries. If it does not, contact your municipality for further guidance.&nbsp;",Sold Online At,flauntcases.com from May 2024 through April 2025 for about $65.,"iDecoz Inc. dba Flaunt, of Brooklyn, New York and Case-Mate, of Atlanta, Georgia",,,China,,
26-609,,9-Jul-26,,WonderStone Infant Walkers Recalled Due to Risk of Serious Injury or Death from Fall Hazard; Violate Mandatory Standard for Infant Walkers; Sold on Walmart.com by Wonder Stone Toys,WonderStone Infant Walkers,"This recall involves WonderStone-branded Infant Walkers sold in green and pink. The walkers have a gray fabric seat, a white tray with a detachable music box, six wheels, a foot pad and a white hand lever. “Model No: 616” or “Model No: 616-1” is printed on a white label located under the tray.","The recalled infant walkers violate the mandatory standard for https://www.cpsc.gov/Business--Manufacturing/Business-Education/Busines… lang=""EN-US"">infant walkers because they can fit through a standard doorway and fail to stop at the edge of a step, posing a risk of serious injury or death due to a fall hazard.",,,Refund,About 70,None reported,"Consumers should stop using the recalled infant walkers immediately and contact Wonder Stone Toys for a full refund. Consumers will be asked to disassemble the walker, remove and cut the fabric seat, write “Recalled” on the top of the tray in permanent marker and send a photo of the disassembled infant walker showing the cut seat and marked tray to wonderstonerecall@outlook.com.",Sold Online At,Walmart.com in April 2026 for about $80.,,,,China,Retailer:,"Zhangzhoushi Jingqu Trading Co., Ltd., dba Wonder Stone Toys, of China"
26-608,,9-Jul-26,,Moodooy Bed Rails Recalled Due to Risk of Serious Injury or Death from Entrapment and Asphyxiation; Violate Mandatory Standard for Adult Portable Bed Rails; Sold on Amazon by Yuezhang,Moodooy Adult Portable Bed Rails,This recall involves the Moodooy-branded adult portable bed rail. The bed rail has a white frame with black trim and a black storage pocket. The brand name “Moodooy” and model “F311” are printed on the storage pocket. The bed rail is about 12 inches wide by about 21 inches tall to about 23 inches tall (when extended).&nbsp;,"The recalled bed rails violate the mandatory standard for https://www.cpsc.gov/Business--Manufacturing/Business-Education/Busines… lang=""EN-US"">adult portable bed rails because users can become entrapped within the bed rail or between the bed rail and the side of the mattress, posing a serious entrapment hazard and risk of death by asphyxiation. In addition, the bed rails do not bear the required hazard warning labels.",,,Refund,About 228,None reported,"Consumers should stop using the recalled adult portable bed rails immediately and contact YUEZHANG for a full refund. Consumers will be asked to cut the black safety strap in half, write “RECALLED” on the upper and lower bed rails with a permanent marker, take a photo of the marked bed rail with the buyer's name on a piece of paper, and email the photo to Moodooy-recall@outlook.com.",Sold Online At,Amazon.com in February 2026 for about $38.,,,,China,Retailer:,"shenzhenshiyuezhangwangluokejiyouxiangongsi (Shenzhen Yuezhang Network Technology Co., Ltd.), doing business as YUEZHANG, of China"
26-607,,9-Jul-26,,Biometric Gun Safes Recalled Due to Serious Injury Hazard and Risk of Death; Sold Exclusively on Amazon.com by BBRKIN,BBRKIN and MouTec Biometric Firearm Safes,"This recall involves BBRKIN and MouTec Biometric Gun Safes with model number QHXP029B. The gray steel safes are used to store firearms and valuables. The safes measure about 14 inches by 12 inches by 57 inches, have one shelf and can store approximately five firearms. The recalled safes have the following serial number range: SQC200034980 - SQC202319171. The serial number is on a label on the lower right corner of the front of the safes. The brand name “MouTec” or “BBRKIN” is on the upper right corner of the front of the safes.","The biometric lock on the gun safes can be opened by unauthorized users, posing a serious injury hazard and risk of death.",,,Repair,"9,100",None reported,"Consumers should immediately stop using the biometric feature of the recalled safe, remove the batteries from the safe, and only use the key when storing firearms. Contact BBRKIN to receive a free repair kit.",Sold At,Amazon.com from March 2020 through February 2024 for between $260 and $409.,"Jomani International Inc., of Monterey Park, California",,"Ningbo Moyumaoyi Co. Ltd., dba BBRKIN, of China ",China,,
26-606,,9-Jul-26,,Best Buy Recalls Insignia® Gas Ranges Due to Risk of Serious Injury from a Fire Hazard,Insignia Front Control Gas Ranges,This recall involves Insignia gas ranges with model numbers NS-RGFGSS1 and&nbsp;NS-RGFCGS2. The recalled ranges are stainless steel with five front-knobs on the oven with the “Insignia” label on the bottom of the oven door. A label with the model number can be found on the inside of the range’s bottom drawer.&nbsp;&nbsp;,"The recalled ranges’ front-mounted knobs can be activated accidentally by humans or pets, posing a risk of serious injury from a fire hazard.",,,Repair,"About 3,820 (in addition, about 700 were sold in Canada)",The firm has received one report of the knobs being activated by accidental contact. No injuries have been reported.,"Consumers should stop using the recalled oven immediately and visit Best Buy’s recall website at https://www.recallrtr.com/range to participate in the recall.&nbsp;The firm is offering all consumers a free set of compatible knob covers with instructions for their gas range. The firm will send the knob covers to the consumers after they confirm that their gas range is involved in the recall.&nbsp;&nbsp;Consumers are cautioned to keep children and pets away from the knobs, to check the range knobs to ensure they are off before leaving home or going to bed, and not to leave objects on the range when the range is not in use.",Sold At,"Best Buy stores nationwide and online at www.bestbuy.com from November 2020 through March 2026 for between $280 and $1,470.","Best Buy Purchasing LLC, of Richfield, Minnesota",,,China,,
26-605,,9-Jul-26,,Conair Recalls Cuisinart Propel+ Four Burner 3-In-1 Gas Grills Due to Risk of Serious Injury from Laceration Hazard,Cuisinart Propel+ Four Burner 3-in-1 Gas Grill with pizza oven,"This recall includes the stainless-steel Cuisinart Propel+ Four Burner 3-in-1 Gas Grill, featuring a griddle, a stove top burner and a pizza oven with tempered glass located on top of the lid of the grill. The model number CGG-6331 can be found on the label on the inside of the right-hand metal door, along with the serial number.","The tempered glass window in the pizza oven can shatter during use, posing a risk of serious injury from laceration hazard.",,,Refund,"About 12,660 (In addition, about 83 were sold in Canada)",The firm has received 37 reports of shattered glass during use; one fire was reported. No injuries have been reported.,"Consumers should stop using the recalled Cuisinart Propel+ Four Burner 3-in-1 Gas Grill immediately and visit Conair’s website to check if their grill is included in the recall. If affected, follow the instructions to safely remove the tempered glass window on the pizza oven and upload two photographs to the firm’s website; one of the removed glass, and one of the grill’s serial number. Upon verification, consumers will receive a $500 refund by check or be reimbursed for the original purchase amount with proof of receipt. After receiving their refund, consumers should write the word “Recall” with a black sharpie marker on the tempered glass and dispose of it.",Sold At,"Lowe's, Walmart and on-line at cuisinart.com from December 2024 through May 2026 for between $500 and $750.","Conair LLC, of Stamford, Connecticut, dba Cuisinart",,,China,,
26-603,,2-Jul-26,,Winco Fireworks International Recalls Roman Candles 8 Shot Fireworks Due to Risk of Serious Injury from Explosion and Burn Hazards,Roman Candles 8 Shot 3-Pack Firework Devices,"This recall involves the Roman Candles 8 Shot firework devices, Model Number RCLR-W8012. The recalled products were sold in colors red, white and blue and weigh approximately 2 pounds. The firework measures 21 inches by 1 inch by 3.5 inches. The product packaging has a red, white and blue label that has the word “Hometown” written on it. The label has images of American flags in the background.","The recalled fireworks can malfunction, and shots can blow out the side of the tube, posing a risk of serious injury from explosion and burn hazards.",,,Refund,"About 13,500",None reported,Consumers should stop using the recalled fireworks immediately and return the fireworks to the store where they were purchased for a full refund. Consumers will receive the refund in the form of cash or a refund to their original form of payment.,Sold At,Pyro City stores and various fireworks store nationwide from April 2026 through June 2026 for between $17 and $19.,"Winco Fireworks International, LLC, of Grandview, Missouri",,,China,,
26-602,,2-Jul-26,,Winco Fireworks International Recalls Unity 7 Shot 200 Gram Aerial Cake Fireworks Due to Risk of Serious Injury from Explosion and Burn Hazards,Unity 7 Shot 200 Gram Aerial Cake Firework Devices,"This recall involves the Unity 7 Shot 200 Gram Aerial Cake firework devices, model MEF6096. The recalled products were sold in colors red, white and blue and weigh approximately one-third of a pound. The size measures 2.9 inches by 2.9 inches by 3.9 inches. The product has a red, white and blue label that has the word “Unity” written on it. The label has images of American flags in the background. The date codes between 03.16.2026 and 05.18.2026 and model number MEF6096 are under the barcode on the back of the package.","The recalled fireworks can tip over, posing a risk of serious injury from explosion and burn hazards.",,,Refund,"About 87,120",None reported,Consumers should stop using the recalled fireworks immediately and return the fireworks to the store where they were purchased for a full refund. Consumers will receive the refund in the form of cash or a refund to their original form of payment.,Sold At,"Pyro City stores, and other independent fireworks stores nationwide from January 2026 through May 2026 for between $6 and $8.","Winco Fireworks International, LLC, of Grandview, Missouri",,,China,,
26-601,,2-Jul-26,,Conair Recalls Over One Million Cuisinart Grill Brushes Due to Ingestion Hazard,Metal Wire Bristle Grill Brushes,"This recall involves Cuisinart metal wire bristle grill brushes. The brushes have black plastic, stainless steel, and wood handles. The following model numbers are included in this recall and can be found on the product packaging: CCB-100, CCB-4125, CCB-5014, CCB-6450, CCB-8012, CCB-4114, CCB-W2, and CSBS-777. The word “Cuisinart” is stamped on the brush handle. Some of the recalled brushes were also sold as part of the Premium Grill 10 Piece set (CGS-2010), 13 Piece Wooden Handle Grill Tool Set (CGS-W13), 14 Piece Deluxe Stainless Steel Grill Set (CGS-5014), and 20 Piece Deluxe Grill Set, (CGS-5020).&nbsp;Only the model numbers listed below are part of this recall:&nbsp;Model No.&nbsp;Brush Description&nbsp;Brush Photograph&nbsp;Distribution Dates&nbsp;CCB-100&nbsp;Triple Bristle Grill Cleaning Brush&nbsp;&nbsp;&nbsp; January 2013-March 2026&nbsp;CCB-4125&nbsp;4-in-1 Grill Cleaning Brush with Stainless Steel Wire Bristles&nbsp;&nbsp;&nbsp;&nbsp;&nbsp;&nbsp;&nbsp;&nbsp;October 2022-March 2026&nbsp;CCB-5014&nbsp;BBQ Grill Cleaning Brush and Scraper, 16.5"" Stainless Steel&nbsp;&nbsp;June 2009-March 2026&nbsp;CCB-6450&nbsp;Triple Bristle Grill Brush SS Bristles&nbsp;&nbsp;&nbsp;January 2025-March 2026&nbsp;CCB-8012&nbsp;2-In-1 Grill Brush Bristle/Coil&nbsp;&nbsp;&nbsp;&nbsp; January 2025-March 2026&nbsp;CCB-4114&nbsp;Pizza Stone Cleaning Brush&nbsp;&nbsp;&nbsp;&nbsp;&nbsp;&nbsp;&nbsp;&nbsp;&nbsp;&nbsp; 2024&nbsp;CCB-W2&nbsp;Wood Grill Cleaning Brush (18.5"" with Pakka Wood Handle)&nbsp;&nbsp;&nbsp;&nbsp;&nbsp;&nbsp;&nbsp;&nbsp;&nbsp;&nbsp;&nbsp;&nbsp; March 2024-July 2025&nbsp;CSBS-777&nbsp;Steam Clean Grill Brush&nbsp;&nbsp;March 2014-July 2025&nbsp;","Small metal wire bristles can detach from the brushes and stick to the grill or food, posing an ingestion hazard and risk of serious internal injuries that could require surgery.",,,Refund,"About 1,719,995","Conair is aware of at least 54 reports and reviews where small wire bristles detached from the grill brushes, including three reports of consumers who swallowed metal bristles and sought medical treatment to remove the bristles from their digestive tract or throat.",Consumers should stop using the recalled grill brushes immediately and contact Conair for a full refund or a credit for use at Cuisinart.com for a full refund plus 20% of the cash refund amount. Consumers will be asked to discard the recalled grill brushes.,Sold At,"Burlington, TJ Maxx and Ross stores and online including Amazon.com and Cuisinart.com from June 2009 through March 2026 for between $8 and $20.","Conair LLC, of Stamford, Connecticut",,,China,,
26-600,,2-Jul-26,,Junpower CR2032 Lithium Coin Batteries Recalled Due to Risk of Serious Injury or Death from Battery Ingestion Hazard; Violate Federal Statute for Child-Resistant Packaging of Coin Batteries; Sold on Amazon by JSNJ_Tech Store,Junpower CR2032 Batteries,"This recall involves Junpower CR2032 Batteries (20 pieces) in specific packaging (Packaging model 2023-V3). The product is packaged in a white box labeled “JUNPOWER Household Batteries,” with four packs inside, each pack contains five batteries.","The lithium coin batteries are not sold in child-resistant packaging and do not bear the warning labels as required under https://protect.hec.checkpoint-gov.com/v2/r08/___https://www.cpsc.gov/N… lang=""EN-US"">Reese’s Law. When button cell or coin batteries are swallowed, the ingested batteries can cause serious injuries, including internal chemical burns and death.",,,Replace,"About 67,000",None reported,"Consumers should stop using the recalled coin batteries immediately, place them in an area that children cannot access and contact Junpower for a free replacement battery. Consumers should visit Junpower’s recall page at https://www.cognitoforms.com/Junpower2032/recall and follow instructions to register for the recall. Consumers will be asked to write in permanent marker the date, their initials and the word ""Recalled"" on the product. Consumers should submit a photo of the marked product and properly dispose of the batteries to receive a replacement battery.&nbsp;Note: Button cell and coin batteries are hazardous. Batteries should be disposed of or recycled by following local hazardous waste procedures. &nbsp;",Sold Online At,Amazon.com from December 2023 through September 2024 for between $8 and $9.,"Changzhou Niujie Battery Technology Co., Ltd., dba JSNJ_Tech, of China",,,China,,
26-599,,2-Jul-26,,Cooper Lighting Recalls Metalux Optimized High Bay LED Light Fixtures Due to Fire Hazard,Metalux Optimized High Bay (OHB) LED Light Fixtures,"This recall involves Metalux Optimized High Bay (OHB) LED light fixtures used indoors in commercial structures with high ceilings such as warehouses and commercial bays. The fixtures are painted white metal and measure between 2 feet and 4 feet in length and between 1 foot and 1.5 feet in width, with a plastic diffuser lens cover. The catalog number and date code are printed on the product label inside of the fixture channel cover, behind the tray and can be accessed by removing two screws. The date code is in a two-digit mm/dd/yy format representing the month, day and year.Catalog Number&nbsp;Date Code&nbsp;OHB-60SE&nbsp;April 2020 through December 2022&nbsp;OHBL-60SE&nbsp;October 2022 through May 15, 2025&nbsp;OHBL-100SE&nbsp;October 2022 through May 15, 2025&nbsp;","The LED’s board can overheat or come into contact with the lens or nearby combustible materials, posing a fire hazard.",,,"Replace, Repair","About 42,000",The firm has received nine reports of the light fixtures catching fire. No injuries or property damage have been reported.,Consumers should stop using the recalled light fixtures immediately and contact Cooper Lighting to schedule a free repair or replacement. Consumers will be asked to complete a form at www.content.cooperlighting.com/ohb-recall to register the light fixtures and schedule a repair or replacement.,Sold At,Cooper Lighting authorized distributors nationwide from April 2020 through May 2025 for between $425 and $950.,,"Cooper Lighting, LLC, of Peachtree City, Georgia",,Mexico,,
26-598,,2-Jul-26,,Target Recalls Gigglescape™ Under the Sea Popping Toy Due to Choking Hazard,Gigglescape™ Under the Sea Popping Toy,"This recall involves Gigglescape Under the Sea Popping Toys. The recalled toys have a clear plastic dome attached to a blue plastic base shaped like a whale. There are colored balls inside the dome, which pop up when the child pushes an external plunger at the top of the dome. The recalled popping toys have the Gigglescape brand printed on the front of the package and imprinted on the bottom of the blue plastic base.","The clear plastic dome can detach from the blue plastic base, making the small plastic balls inside the toy accessible to children, posing a choking hazard.",,,Refund,"About 49,000","Target is aware of nine reports of the dome detaching, allowing access to the plastic balls, with one report of a child that began to choke.",Consumers should stop using the recalled toy immediately and return it to any Target store for a full refund or contact Target to receive a prepaid return label to return the Gigglescape Under The Sea Popping Toy by mail.&nbsp;,Sold Exclusively At,Target stores nationwide from August 2025 through January 2026 for about $10.,"Target, of Minneapolis, Minnesota",,,China,,
26-596,,2-Jul-26,,AMASKY Nursing Pillows Recalled Due to Risk of Serious Injury or Death from Suffocation; Violate Mandatory Standards for Nursing Pillows and Infant Support Cushions; Sold on Amazon by Pretty-Life,AMASKY Nursing Pillows,"This recall involves AMASKY Nursing Pillows. The nursing pillows are C-shaped and sold in white with a crocodile pattern as well as other various colors and patterns. “Brand: AMASKY,” “Model No.: BXP99/BXP93/BXP94/BXP96/BXP97” and “Batch Number: 202506001” are printed on a label attached to the pillow.","The recalled nursing pillows advertised for infant feeding and tummy time violate the mandatory safety standards for https://protect.hec.checkpoint-gov.com/v2/r08/___https://www.cpsc.gov/B… lang=""EN-US"">nursing pillows and https://protect.hec.checkpoint-gov.com/v2/r08/___https://www.cpsc.gov/B… lang=""EN-US"">infant support cushions because they can obstruct an infant’s breathing, posing a serious risk of injury or death from suffocation.",,,Refund,"4,008",None reported,Consumers should stop using the recalled nursing pillows immediately and contact Pretty-Life for a full refund. Consumers will be asked to cut the pillow in half and send a photo of the destroyed pillow to amasky@126.com.,Sold At,Amazon.com from January 2026 through March 2026 for between $24 and $30.,,,,China,Retailer:,"Xishentang Dongguan Trading Co, Ltd., dba Pretty-Life, of China"
26-595,,2-Jul-26,,Rowenta Recalls Cordless Vacuum Cleaners Due to Risk of Serious Injury from Fire and Burn Hazards,Rowenta Cordless Vacuum Cleaners with lithium-ion battery,"This recall involves cordless vacuum cleaners with a recalled lithium-ion battery that is housed in the handle of the device. The vacuum is sold in red, black and silver. There are two models, X-Force Flex 14.60 Animal, model number RH99A2U1 and X-Force Flex 15.60 Animal, model number RH99F2U1. The Versatile X-Force’s lithium-ion battery model number is ZR0097U2 with a date code that begins with either 23 or 24.&nbsp; The batteries were sold separately or with the vacuum cleaners.","The recalled lithium-ion battery in the vacuum cleaner can overheat and ignite, posing a risk of serious injury from fire and burn hazards.&nbsp;",,,Repair,"About 3,660",The firm has received two reports of the lithium-ion battery overheating or not charging and an additional 65 reports globally. No injuries have been reported.,"Consumers should stop using the vacuum immediately and remove the recalled lithium-ion battery from the handle. Visit the company's website at https://www.rowentausa.com/recall-campaign-xforce to register for the recall. Consumers will be asked to upload a photograph of the model number and date code for the battery. Upon verification that the battery is recalled, the firm will send a free replacement lithium-ion battery to the consumer. Consumers will be asked to dispose of the lithium-ion battery in accordance with local and state regulations.Note: Do not throw this recalled lithium-ion battery or device in the trash, the general recycling stream (e.g., street-level or curbside recycling bins), or used battery recycling boxes found at various retail and home improvement stores. Recalled lithium-ion batteries must be disposed of differently than other batteries, because they present a greater risk of fire. Your municipal household hazardous waste (HHW) collection center may accept this recalled lithium-ion battery or device for disposal. Before taking your battery or device to a HHW collection center, contact that office ahead of time and ask whether it accepts recalled lithium-ion batteries. If it does not, contact your municipality for further guidance.",Sold At,"Williams Sonoma, Crate &amp; Barrel and online at Rowenta.com, Shopify.com, Amazon.com and Walmart.com from July 2023 through January 2026 for between $250 and $550.","Groupe SEB USA dba Rowenta USA, of Parsippany, New Jersey",,,"Vacuum Manufactured in: France 

Battery Manufactured in: China",,
26-594,,2-Jul-26,,Projecting LED Finger Light Toys Recalled Due to Risk of Serious Injury or Death from Battery Ingestion; Violate Mandatory Standard for Toys; Sold on Amazon by POPOOO,POPOOO Jungle Safari LED Finger Lights,This recall involves POPOOO Jungle Safari LED Finger Lights. They were sold in sets of 24 multi-colored lights with white fingertip covers. Each finger light has three internal button cell batteries that power projections of the jungle safari characters when activated.&nbsp; “POPOOO” and “LED FINGER LIGHTS” are printed on the product’s blue packaging.,"The recalled LED finger lights violate the https://cpsc.gov/Business--Manufacturing/Business-Education/Toy-Safety""… lang=""EN-US"">mandatory safety standard for toys because they contain button cell batteries that can be easily accessed by children. If button cell or coin batteries are swallowed, the ingested batteries can cause serious injuries, including internal chemical burns, and death.",,,Refund,"62,490",None reported,"Consumers should stop using the recalled finger lights immediately, take them away from children and contact POPOOO for a full refund. Consumers will be asked to remove and properly dispose of the finger lights into the trash and send a photo of the disposed product to bopoorecall@outlook.com.Note: Button cell batteries are hazardous. Batteries should be disposed of or recycled by following local hazardous waste procedures.",Sold At,Amazon.com from December 2024 through March 2026 for about $13.,,,,China,Retailer:,"Shenzhen Bopu Product Design Co., Ltd., dba POPOOO, of China"
26-593,,2-Jul-26,,Diamond Wipes International Recalls CVS Health Medicated Hemorrhoidal Wipes Due to Risk of Serious Injury or Death from Child Poisoning; Violate Mandatory Standard for Child-Resistant Packaging,CVS Health Medicated Hemorrhoidal Wipes,"This recall involves CVS Health Medicated Hemorrhoidal Wipes. The pain-relieving wipes were sold in boxes of 20 individually wrapped packets of flushable wipes. The CVS Health logo, a yellow heart, “Rapid Pain Relief” and “Medicated Hemorrhoidal Wipes” is printed on the front of the packet and the box.","The recalled medicated wipes contain lidocaine, which must be in child-resistant packaging, as required by the https://www.cpsc.gov/Business--Manufacturing/Business-Education/Busines… lang=""EN-US"">Poison Prevention Packaging Act. The packaging of the wipes is not child-resistant, posing a risk of serious injury or death from poisoning if the contents of the wipes are ingested by young children.",,,Refund,"About 75,315",None reported,Consumers should secure the wipes out of sight and reach of children immediately and contact CVS for a full refund. Consumers will be asked to return unopened packets of wipes with the retail box packaging to any CVS store.,Sold At,CVS and CVS Pharmacy stores nationwide and online at www.cvs.com from April 2020 through April 2026 for about $16.,,"Diamond Wipes International, Inc. of Chino, California",,United States,Retailer:,"CVS Health, of Woonsocket, Rhode Island"
26-592,,2-Jul-26,,Topyond Pool Drain Ports with Covers Recalled Due to Risk of Serious Injury or Death from Entrapment and Drowning Hazards; Violate Virginia Graeme Baker Pool & Spa Safety Act; Sold by Jialyduu,Topyond Pool Drain Port with Cover,"This recall involves Topyond white pool drain port with cover, sold as a Port Replacement Drainer for swimming pools. The plastic unit comes in a cardboard box with “SP-2850V” printed in bold, and a label which reads: “X004F4YG5X, Topyond Pool Drain Port Repl. MADE IN CHINA”. Included in the box are stainless steel screws. The Topyond Pool Drain Port measures 9.1 inches by 6.7 inches and has a 2.3-inch opening for connection. There is no labeling or product identification on the product itself.","The recalled drain ports with covers violate the entrapment protection standards of the https://www.cpsc.gov/Business--Manufacturing/Business-Education/FAQ?p=3… lang=""EN-US"">Virginia Graeme Baker Pool and Spa Safety Act (VGBA), posing deadly entrapment and drowning hazards to consumers.",,,Refund,About 304,None reported,"Pool owners, pool operators and consumers should stop using pools with the recalled pool drain port and cover immediately and contact Topyond for a full refund. To receive a refund, consumers should remove the drain cover from the pool, write “RECALL” with a marker on the cover, take a photo, then dispose of it. If feasible, disable the drain cover by cutting the perimeter structure to prevent reinstallation or further functional use. Send the photo to Topyond by email at topyondrecal@outlook.com. Ensure all pools and spas have VGBA-compliant drain covers and teach children to stay away from drains.",Sold Online At,Amazon.com from May 2024 through May 2026 for about $46.,,,,China,Seller:,"Changsha Jiali Duo Technology Co., Ltd., dba Topyond, of China"
26-591,,2-Jul-26,,Vevor Recalls Baby Loungers Due to Risk of Serious Injury or Death from Entrapment and Fall Hazards; Violate Mandatory Standard for Infant Sleep Products,VEVOR baby loungers,"This recall involves VEVOR baby loungers. The recalled baby loungers are made of a foam sleeping pad and padded bumpers with a cloth cover and have a ribbon at one end. They were sold in the following colors and prints: snow deer, good night, forest friends (oval), forest friends (backpack), and green. “VEVOR” is printed on an attached tag on the outside of the baby lounger’s cover.","The recalled baby loungers violate the mandatory safety standard for https://www.cpsc.gov/Business--Manufacturing/Business-Education/Busines… lang=""EN-US"">infant sleep products. The sides are too low to contain an infant and the enclosed openings at the foot of the loungers are wider than allowed, posing serious risks of fall and entrapment hazards to infants. In addition, the baby loungers do not have a stand, posing a fall hazard if used on elevated surfaces. These violations create an unsafe sleeping environment and can cause death or serious injury.",,,Refund,About 237,None reported,"Consumers should stop using the recalled baby loungers immediately and contact Vevor for a full refund. Consumers will be asked to remove the foam and pad from the baby lounger’s cover and cut the cover, foam and pad in half. Consumers will email photos of the destroyed pieces to recalling@vevor.com to receive a full refund.&nbsp; &nbsp;",Sold At,"VEVOR.com, Amazon.com and Wayfair.com from November 2024 through January 2026 for about $30.",,,"Sanven Technology Ltd., dba Vevor, of Rancho Cucamonga, California",China,,
26-582,,25-Jun-26,,Combination Smoke and Carbon Monoxide (CO) Detectors Recalled Due to Risk of Serious Injury or Death from Failure to Alert Consumers to Fire; Sold Exclusively on Amazon.com by Treatlife Technology,Treatlife Smoke and Carbon Monoxide (CO) Detectors,"This recall involves Treatlife Smoke and Carbon Monoxide (CO) Detectors. The alarms are AA battery operated and have a colored light and test button. The alarms are white and circular in shape. The FCC ID “2ANDL-XR3"" and the date of manufacture “2023.DEC.02” are printed on the bottom side of the alarm. ","The recalled detectors can fail to alert consumers of a fire, posing a risk of serious injury or death from smoke inhalation or burns.",,,Refund,About 20,None reported,"Consumers should contact Treatlife Technology to receive a full refund. Consumers should continue using the recalled detectors until they purchase and install a replacement detector. Once a new detector is installed, consumers should write “recalled” on the recalled product, remove the batteries, dispose of the detector in their household garbage, and dispose of the batteries in accordance with local and state regulations.",Sold Online At,Amazon.com from November 2025 through April 2026 for about $40.&nbsp;,"Treatlife Technology Co. Ltd., of China",,,China,,
26-581,,25-Jun-26,,Daikin Comfort Technologies Manufacturing Recalls Amana Air Conditioners and Heat Pumps Due to Risk of Serious Injury from Fire and Burns,Amana Window-Room-Air-Conditioners (WRAC) and Through the Wall (TTW) air conditioners or heat pumps,"This recall involves certain Amana brand Window-Room-Air-Conditioners and Through the Wall air conditioners or heat pumps. The products are white-colored, and the brand name is printed on most of the units’ control covers. The units are used to provide room climate control. They most often are installed at hotels, apartment buildings, and commercial spaces.&nbsp;The model number is located on the front of the unit on the front edge of the base pan on a white sticker.&nbsp; Recalled units have a model number beginning with PB, AH or AE. The serial number is under the bar code that is under the model number. The model numbers in the recall include:&nbsp;Product&nbsp;Model Name&nbsp;Model Type&nbsp;Through the Wall (TTW)&nbsp;PBH113J35AA&nbsp;Heat Pump&nbsp;PBH093J35AA&nbsp;Heat Pump&nbsp;PBH073J35AA&nbsp;Heat Pump&nbsp;PBE123J35AA&nbsp;Air Conditioner&nbsp;PBE093J35AA&nbsp;Air Conditioner&nbsp;Window-Room-Air-Conditioners (WRAC)&nbsp;AH183J35AA&nbsp;Heat Pump&nbsp;AH123J35AA&nbsp;Heat Pump&nbsp;AH093J35AA&nbsp;Heat Pump&nbsp;AE183J35AA&nbsp;Air Conditioner&nbsp;AE123J35AA&nbsp;Air Conditioner&nbsp;AE093J35AA&nbsp;Air Conditioner&nbsp;","The heating element can remain energized during a ground fault, despite being turned off, posing a risk of fire or burn injury to consumers.",,,Refund,"About 13,514 (In addition, about 53 were sold in Canada) ",DCT has received one report of plastic on the unit melting. No injuries have been reported.,"Consumers should stop using the recalled products immediately and contact Daikin Comfort Technologies Manufacturing, Inc. (DCT) to submit a request for a full refund. Consumers will be required to provide their contact information, cut the product’s cord, and then upload a photo of the product’s serial number and cut cord in order to receive a full refund of the unit.&nbsp;",Sold At,"Through direct sales and heating and cooling dealers nationwide from April 2025 through December 2025 for between $850 and $1,500.","Daikin Comfort Technologies Manufacturing, Inc., of Houston, Texas",,,India,,
26-580,,25-Jun-26,,Honlyne LED Party Favors Recalled Due to Risk of Serious Injury or Death from Battery Ingestion; Violate Mandatory Standard for Consumer Products with Button Cell Batteries; Sold by Huizhou Rongheng Network Technology,Honlyne LED Party Favors,"This recall involves Honlyn LED party favors. The party favors include 20 LED hair fiber optic clips, 16 LED glasses, 16 foam glow sticks, 10 light-up flower crowns, 40 finger lights and 200 glow sticks. “Light Up Party Toy” is printed on the front of the product packaging. “Brand: Honlyne,” “Product Name: Glow in the Dark Party Supplies” and “Mo. Number: HON-302HE” are printed on back of the product packaging. One side of the packaging bears several hazard warnings for small parts and button cell batteries.","The LED party favors violate the mandatory safety standard for consumer products because the battery compartment within the light-up products contains button cell batteries that can be easily accessed by children. When button cell or coin batteries are swallowed, the ingested batteries can cause serious injuries, internal chemical burns and death.",,,Refund,"About 13,400",None reported,"Consumers should stop using the recalled party favors immediately and contact Huizhou Rongheng Network Technology for a full refund. Consumers will be asked to take a clear photo of the recalled products in the trash and email the photo to joeyrong@vip.sina.com to receive a refund. Upon verification, Huizhou Rongheng Network Technology will issue a refund.&nbsp;Note: Button cell batteries are hazardous. Batteries should be disposed of or recycled by following local hazardous waste procedures.&nbsp;",Sold Online At,Amazon.com from June 2024 through December 2025 for about $49 per set.,"ABGA Advanced Trading Co., Ltd., of Walnut, California",,,China,Retailer:,"Huizhou Rongheng Network Technology, of China"
26-579,,25-Jun-26,,Montessori Busy Board Toys Recalled Due to Risk of Serious Injury or Death from Magnet Ingestion; Violate Mandatory Standard for Toys; Sold on Amazon by Small Fish,Small Fish Montessori Busy Board Toys,"This recall involves Small Fish Montessori Busy Board toys, model 2512JX02. The busy board consists of a wooden base with six multi-colored removable square activity panels, including flipping mirror, abacus, finger spinner, spinning gear, rain maker and bead maze panels. “Montessori Busy Board” and model number “2512JX02” are printed on labels on the back of the package.","The busy boards violate the https://www.cpsc.gov/Business--Manufacturing/Business-Education/Toy-Saf… lang=""EN-US"">mandatory safety standard for toys because magnets can detach, posing a deadly ingestion hazard. When high-powered magnets are swallowed, the ingested magnets can attract each other, or other metal objects and become lodged in the digestive system. This can result in perforations, twisting, and/or blockage of the intestines, blood poisoning and death.",,,Refund,"About 1,013",None reported,Consumers should stop using the recalled busy boards and immediately take them away from children. Consumers can contact Small Fish for information on how to receive a full refund. Consumers will be asked to throw away the recalled busy board and email a photo of the disposed product to smallfishrecall@163.com.,Sold Online At,Amazon.com from March 2026 through May 2026 for about $16.,,,"Lesonic Technology Co., Ltd., dba Small Fish, of China",China,,
26-578,,25-Jun-26,,Raychy Children's Light Sneakers Recalled Due to Risk of Serious Injury or Death from Battery Ingestion; Violate Mandatory Standard for Consumer Products with Coin Batteries; Imported by Carina and Rambo,Raychy Children's Light Sneakers Unisex,"This recall involves Raychy Children's Light Sneakers Unisex. The sneakers are available in red, black, and blue, each featuring a distinctive spiderweb-patterned on top of the sneakers and soles that light up when walking. The shoes bear the ""Fashion"" label printed on the tongue.","The recalled sneakers violate the mandatory standard for consumer products with button cell and coin batteries because the lithium coin batteries can be accessed easily by children, posing an ingestion hazard. Additionally, the packaging and product do not have the warnings required under https://www.cpsc.gov/Business--Manufacturing/Business-Education/Busines… lang=""EN"">Reese’s Law. When button cell or coin batteries are swallowed, the ingested batteries can cause serious injuries, internal chemical burns, and death.",,,Refund,About 500,None reported,"Consumers should stop using the sneakers immediately and contact Carina and Rambo for a refund. Consumers will be asked to cut the shoe tongue, write ""RECALLED"" on both sides of the sneakers using a permanent marker, and provide a photo of disposal to raychyrecall@outlook.com in order to receive the refund.&nbsp;Note: Button cell and coin batteries are hazardous. Batteries should be disposed of or recycled by following local hazardous waste procedures.",Sold Online At,Amazon.com in January 2026 for about $28.,"Shenzhen Qicheng Trading Co., Ltd., dba Carina and Rambo, of China",,,China,,
26-577,,25-Jun-26,,Shield Line Recalls MedPride Baby Oil Bottles Due to Risk of Serious Injury or Death from Child Poisoning; Violate Mandatory Standard for Child-Resistant Packaging,MedPride Baby Oil,"This recall involves MedPride Baby Oil bottles. The baby oil comes in a clear bottle with a pink cap and a white and pink front and back label. The front label bears the “MedPride” logo. The label contains “Baby Oil” in pink lettering, “Helps smooth, soften &amp; moisturize skin”, and “Hypoallergenic” in blue lettering. The back label contains directions, warnings, and manufacturer information in blue lettering.","The baby oil contains low-viscosity hydrocarbons, which must be in child-resistant packaging, as required by the https://www.cpsc.gov/Business--Manufacturing/Business-Education/Busines… lang=""EN-US"">Poison Prevention Packaging Act. The baby oil’s packaging is not child-resistant, posing a risk of serious injury or illness from poisoning if the contents are swallowed by young children. Additionally, petroleum distillates can get into the lungs, causing chemical pneumonia and/or pulmonary damage, which can be fatal.",,,Refund,"About 8,420",None reported,Consumers should secure the baby oil out of sight and reach of children immediately and contact Shield Line for a refund. Consumers will be asked to submit a photo of the recalled product in the trash to receive a full refund.,Sold At,"Various discount and medical supply stores primarily in the New York tri-state area, such as 1$ Zone and Yong Tai Discount and online at Amazon.com by HL Medical from November 2025 through March 2026 for about $8.",,,"Shield Line LLC, of Branchburg, New Jersey",India,,
26-576,,25-Jun-26,,Southern Telecom Expands Recall of Lomi Waxing Kits Due to Risk of Serious Injury or Death from Fire and Burn Hazards; Additional Model and Reported Incidents,Lomi Roll-On Waxing Kits,"This recall involves the Lomi Roll-On Waxing Kit with Wax Cartridge &amp; Wax Strips, model numbers LOMB2003PK and LOMB2004PK. The recalled boxed kits included a handheld wax warmer, a wax cartridge, wax strips, a power cord and a user’s manual. The Lomi logo is printed on the front of the white and pink warmer and on the outside of the product packaging. The model number is printed on a label on the bottom of the wax warmer.","The roll-on warmers’ power cord can overheat and short circuit, posing a risk of serious injury or death from fire, burn and electrical shock hazards.",,,Refund,"About 14,700 (Southern Telecom previously recalled the waxing kits on June 13, 2024)",Southern Telecom has received two additional reports of the warmer power cord overheating. No injuries have been reported.,"Consumers should stop using the recalled waxing kits immediately and contact Southern Telecom for a full refund. Consumers will be asked to destroy the kits by unplugging the warmer’s electrical cord, cutting it in half, and upload a photo of the destroyed product, showing the cut electrical cord, to https://support.customersupport123.com/hc/en-us/requests/new. Consumers should then dispose of the destroyed product.",Sold At,"Ross, DD's, Variety Wholesalers and Burlington stores nationwide from February 2025 through December 2025 for about $13.","Southern Telecom Inc., of New York",,,China,,
26-575,,25-Jun-26,,Super Off-Road Solar Power Banks Recalled Due to Overheating; Imported by Spector & Co.,"Super Off-Road 12,000 mAh Solar Wireless Power Banks","This recall involves the Super Off-Road 12,000 mAh Solar Wireless Power Bank, a power bank with solar charging capability. The product can be used to charge devices wirelessly. The power bank is black and measures about 3.4 inches wide by 6.5 inches high.","The solar power bank’s lithium-ion battery can swell and overheat, posing a burn hazard to consumers.",,,Refund,"About 7,400 (In addition, about 4,964 were sold in Canada)",The firm has received two reports of the power bank’s battery swelling. No injuries have been reported.,"Consumers should stop using the recalled power banks immediately and visit spectroandco.com/recall to register for a full refund. The refund will be in the form of a check which will be mailed to consumers. Consumers should dispose of the camera in accordance with local and state regulations.&nbsp;&nbsp;Note: Do not throw this recalled lithium-ion battery or device in the trash, in the general recycling stream (e.g., street-level or curbside recycling bins), or in used battery recycling boxes found at various retail and home improvement stores. Recalled lithium-ion batteries must be disposed of differently than other batteries, because they present a greater risk of fire. Your municipal household hazardous waste (HHW) collection center may accept this recalled lithium-ion battery or device for disposal. Before taking your battery or device to a HHW collection center, contact that office ahead of time and ask whether it accepts recalled lithium-ion batteries. If it does not, contact your municipality for further guidance.",Sold At,Given away as promotional items by various companies from January 2019 through December 2023.,"Spector & Co., of Saint Laurent, of Quebec, Canada",,,China,,
26-574,,25-Jun-26,,Yamazuki Recalls Youth All-Terrain Vehicles (ATVs) Due to Risk of Serious Injury or Death from Crash; Violate Mandatory Standard for ATVs,XW-A17 Electric Youth All-Terrain Vehicles (ATVs),"This recall involves XW-A17 Electric Youth ATVs sold under brand names including Sunderwell in blue, green, orange and pink. “Model:XW-A17” is printed on the identification plate located on the front left side of the frame column. “Yamazuki, Inc. certifies that this ATV complies with ANSI/SVIA 1-2023 Standard. “This ATV is subject to the Yamazuki, Inc. ATV Action Plan filed with and approved by the U.S. Consumer Product Safety Commission” is also printed on the identification plate.","The recalled youth ATVs violate the mandatory safety standard for https://www.cpsc.gov/Business--Manufacturing/Business-Education/Busines… lang=""EN-US"">ATVs because they are missing brake lights, reducing visibility of the youth ATV to other vehicles, posing a deadly crash hazard.",,,Repair,About 200,None reported,Consumers should stop using the recalled youth ATVs immediately and contact Yamazuki for a free repair kit.,Sold Online At,Amazon.com and Walmart.com from October 2025 through December 2025 for between $500 and $600.,"Yamazuki Inc., of Ontario, California","Yongkang Ruihe Metal Products Co. Ltd., of China",,China,,
26-507,,25-Jun-26,,Kith Retail Recalls Children’s Loungewear Sets Due to Risk of Serious Injury from Burn Hazard; Violate Mandatory Standards for Children’s Sleepwear,Kids Kithmas Plaid Lounge Sets,"This recall involves Kith-branded children’s loungewear sets. The recalled woven pajamas consist of a long-sleeved shirt with buttons, a front pocket and matching pants. The loungewear sets were sold in black and red plaid print in sizes 9-12 months through XL (14/16). “Kith” is embroidered on the front pocket and left leg of the pants. “Kith Kids” and the size are printed on the sewn-in neck label. “RN140659” and “KHK190026” are printed on the sewn-in side seam label.","The recalled children’s loungewear sets violate the mandatory flammability standards for https://www.cpsc.gov/Business--Manufacturing/Business-Education/Busines… lang=""EN-US"">children’s sleepwear, posing a risk of serious burn injuries.",,,Refund,"About 130 (In addition, nine in Canada)",None reported,Consumers should stop using the loungewear immediately and contact Kith Retail for a full refund. Consumers will be asked to destroy the pajamas by cutting them in half and to send a photo of the destroyed pajamas to recalls@kithnyc.com then dispose of the product. Consumers should refer to the instructions at kith.com/pages/recall.,Sold At,Kith stores nationwide and online at www.kith.com from December 2025 through January 2026 for about $75.,"Kith Retail Inc. of Brooklyn, New York",,,India,,
26-569,,18-Jun-26,,CooCooBaby Baby Loungers Recalled Due to Risk of Serious Injury or Death from Suffocation and Fall Hazards; Violates Mandatory Standard for Infant Sleep Products,CooCooBaby Baby Loungers,"This recall involves the “Classic” and “Deluxe” CooCooBaby Baby Loungers. The recalled baby loungers are made of a foam sleeping pad and padded bumpers with a cloth cover and were sold in multiple styles and colors. The Deluxe lounger has buttons at the foot, and the Classic lounger has a ribbon tie at the foot. “CooCooBaby” and the manufacturing information can be found on tags on the side of both baby loungers.","The baby loungers violate the mandatory standard for https://www.cpsc.gov/Business--Manufacturing/Business-Education/Busines… lang=""EN-US"">Infant Sleep Products because the sides are shorter than the minimum side height limit to secure the infant; the sleeping pad’s thickness exceeds the maximum limit, posing a suffocation hazard; and an infant could fall out of an enclosed opening at the foot of the lounger or become entrapped. The portable loungers do not have a stand, posing a fall hazard. These violations create an unsafe sleeping environment for infants, posing a risk of serious injury or death.",,,Refund,"About 2,355",None reported,"Consumers should stop using the baby loungers immediately and contact CooCooBaby for a full refund. Consumers should remove the sleeping pad, cut up the sides of the baby lounger and the sleeping pad and email a photo of the destroyed lounger to support@coocoobabyofficial.com to obtain a full refund issued to the original payment method.",Sold Online At,CooCooBabyOfficial.com and Amazon.com from December 2024 through March 2026 for between $35 and $70.,,,,China,Retailer:,"CooCooBaby, of China"
26-568,,18-Jun-26,,Joolz Recalls Aer2 Car Seat Adapters for Strollers Due to Risk of Serious Injury from Fall Hazard,Joolz Aer2 Car Seat Adapters for Joolz Aer 2 Stroller,This recall involves the Aer2 Car Seat Adapters for Joolz Aer2 Strollers.&nbsp; The adapters are designed to transfer the car seat from a car to the stroller. The black adapters are sold in a set of two and are made of plastic. They are sold as accessories. Only the car seat adapters are involved in the recall; the stroller is not involved in the recall.&nbsp;A product identifier starting with NL311 can be found on the inside of the adapter.,"The recalled car seat adapters can fail to properly attach to the stroller, which may allow the car seat to fall, posing a risk of serious injury from a fall hazard.",,,Refund,"About 3,840 (In addition, about 148 were sold in Canada)",The firm has received one report of the car seat adapters detaching from the strollers. No injuries have been reported.,"Consumers should stop using the Joolz Aer2 Car Seat Adapters immediately, detach them from the stroller and go to http://joolzcarseatadapter.expertinquiry.com to register for a full refund. The firm will provide a video on how to remove the Joolz Aer2 Car Seat Adapters from the stroller. Consumers must return the recalled adapter sets using the prepaid shipping label to receive a refund. Full refunds will be reimbursed via an electronic payment method or a virtual prepaid gift card to use anywhere.&nbsp;",Sold At,"Bloomingdale’s, Nordstrom, and specialty stores nationwide, and online at www.joolz.com, www.bloomingdales.com, www.nordstrom.com, and www.amazon.com from June 2025 to May 2026 for about $50.","Joolz USA Inc., of New York, New York",,,China,,
26-567,,18-Jun-26,,SHEIN Distribution Corporation Recalls Michley Children’s Pajamas Due to Risk of Serious Injury or Death from Burn Hazard; Violate Mandatory Standard for Children’s Sleepwear,Michley Children’s Pajamas,"This recall involves Michley-branded children’s pajamas. The recalled one-piece pajamas were sold in green with a dinosaur patch, pink with a bunny patch, yellow with a giraffe patch and purple with a rabbit patch; and in sizes 80 through 130. “Michley” and the size are printed on a sewn-in seam label.","The recalled children’s pajamas violate the mandatory flammability standard for https://www.cpsc.gov/Business--Manufacturing/Business-Education/Busines… lang=""EN-US"">children’s sleepwear, posing a risk of serious burn injuries or death.",,,Refund,About 160,None reported,Consumers should stop using the recalled pajamas immediately and contact SHEIN for a full refund. Consumers will be asked to destroy the pajamas by cutting them in half and send a photo of the destroyed pajamas to uscsteam@shein.com. Consumers should then dispose of the destroyed product.&nbsp;,Sold Online At,SHEIN.com from May 2025 through December 2025 for about $25. The third-party seller has not responded to CPSC’s Notice of Violation. CPSC issued a Product Safety Warning for products sold by the seller.,"SHEIN Distribution Corporation, of Los Angeles, California",,,China,,
26-566,,18-Jun-26,,Bada Boom Fireworks Recalls Pyro Diablo “Diablo Rising” Fireworks Due to Risk of Serious Injury or Death from Explosion and Burn Hazards; Violate Fireworks Ban,Pyro Diablo “Diablo Rising” 9 Shots,"This recall involves Pyro Diablo branded “Diablo Rising” 9 Shots fireworks device, model PD-C5001. The packaging displays an orange dragon on a blue and purple background. The brand name, product name, item number and warning labels are located on the top and front of the package.&nbsp;","The recalled fireworks violate the ban for aerial https://www.cpsc.gov/Business--Manufacturing/Business-Education/Busines… lang=""EN-US"">fireworks devices intended to produce audible effects because they have a pyrotechnic composition that exceeds the federal limit, posing deadly explosion and burn hazards. Overloaded fireworks can result in a greater than expected explosion.",,,Refund,"About 1,060",None reported,Consumers should stop using the recalled fireworks devices immediately and contact Bada Boom Fireworks for a full refund. Consumers will be asked to return the fireworks device to Bada Boom Fireworks retail locations.,Sold At,Bada Boom Fireworks locations in Pennsylvania from March 2026 through May 2026 for about $45.,"Bada Boom Fireworks, of Blakeslee, Pennsylvania",,,China,,
26-565,,18-Jun-26,,Arizer Solo III Portable Vaporizers Recalled Due to Fire and Burn Hazards; Risk of Serious Injury or Death; Imported by 7111495 Canada,Arizer Solo III portable electronic vaporizers (Intergalactic/Black color only),"This recall involves the Arizer Solo III Intergalactic (Black), a portable electronic vaporizer powered by an internal lithium-ion battery. The unit features a rigid anodized aluminum housing. It includes a front-facing digital display for temperature and device settings, with a stainless steel heating chamber and removable glass components. Only devices with serial numbers beginning with the following prefixes are included in this recall:&nbsp;&nbsp;M3B1G5&nbsp;M3F4G6&nbsp;M35C43&nbsp;M3PN54&nbsp;M3SR42&nbsp;M38G53&nbsp;M3G576&nbsp;&nbsp;M3C121&nbsp;The serial number is etched on the bottom of the device and is also printed on the outside of the product packaging. UPC 628078802274 is printed on the product packaging.","The internal lithium-ion battery can explode or ignite, posing fire and burn hazards.",,,Replace,"About 5,000",The firm has received four reports of the battery exploding or igniting.,"Consumers should stop using the Arizer Solo III portable electronic vaporizers immediately and contact 7111495 Canada regarding a replacement Solo III V2 unit. Consumers who register for the recall and have serial numbers confirmed to fall within the affected serial number ranges will receive instructions to dispose of the recalled device. Consumers will be asked to submit a photograph showing the word “recalled” written on their device in permanent marker and confirm that they have disposed of the device in accordance with applicable laws and regulations before receiving a replacement Solo III V2 unit.&nbsp;Note: Do not throw this recalled lithium-ion battery or device in the trash, the general recycling stream (e.g., street-level or curbside recycling bins), or used battery recycling boxes found at various retail and home improvement stores. Recalled lithium-ion batteries must be disposed of differently than other batteries, because they present a greater risk of fire. Your municipal household hazardous waste (HHW) collection center may accept this recalled lithium-ion battery or device for disposal. Before taking your battery or device to a HHW collection center, contact that office ahead of time and ask whether it accepts recalled lithium-ion batteries. If it does not, contact your municipality for further guidance.",Sold At,"Specialty, health and wellness and adult novelty stores nationwide and on Arizer.com from May 2025 through January 2026 for about $300.","7111495 Canada Inc., dba Arizer Tech, of Waterloo, Ontario  ",,,China,,
26-564,,18-Jun-26,,Veseacky Pajama Sets Recalled Due to Risk of Serious Injury or Death from Burn Hazard; Violate Mandatory Standards for Children’s Sleepwear,Veseacky Pajama Sets,"This recall involves Veseacky pajama sets. The pajama sets consist of a long-sleeve, button-up top with a front pocket and matching pants. They were sold in various colors and prints. The pajama sets have the size and care instructions printed on a sewn-in side seam label. The model number “C0001-NB 130-LCUS” is on a barcode sticker on the packaging.","The pajama sets violate the mandatory safety standards for https://www.cpsc.gov/Business--Manufacturing/Business-Education/Busines… lang=""EN-US"">children’s sleepwear, posing a risk of serious injury or death to children from burns.",,,Refund,"About 3,700 units",None reported,Consumers should stop using the recalled pajama sets immediately and contact Veseacky for a full refund. Consumers will be asked to destroy the pajamas by cutting them in half and send a photo of the destroyed pajama set to Veseackypajamarecall@outlook.com. Consumers should then dispose of the destroyed product.&nbsp;,Sold Online At,Amazon.com from October 2020 through January 2026 for about $29.,"Shenzhen City ShengRu Fu Shi Company Ltd., doing business as Veseacky, of China",,,China,,
26-562,,18-Jun-26,,GOPO Toys Recalls Pull String Teething Toys Due to Risk of Serious Injury or Death from Choking; Violate Mandatory Standard for Toys,GOPO TOYS Pull String Teething Toys,"This recall involves GOPO TOYS pull string teething toys. The teething toys consist of an off-white disc shape with a gray ball in the center and six multi-colored, silicone tentacle-looking pull strings that run through the ball. The disc has seven soft push buttons. The brand name and “Pull String Toy” is printed on the front of the product packaging, and the batch number 250905, 250530, 250120, 240315, 231005 or 230610 on the back of packaging.","The recalled teething toys violate the mandatory standard for https://www.cpsc.gov/Business--Manufacturing/Business-Education/Toy-Saf… lang=""EN-US"">toys because the silicone strings are smaller and longer than permitted. The strings can reach the back of children’s throat and become lodged, posing a serious risk of respiratory distress and deadly choking hazard.",,,Refund,"About 70,410","The firm is aware of three reports of the toy’s strings reaching the back of a child’s throat, resulting in respiratory distress or choking.","Consumers should stop using the teething toy immediately, take it away from children and contact GOPO Toys to receive a full refund. Consumers will be asked to destroy the toy by cutting all silicone strings and writing in permanent marker “DESTROYED” on the main body of the toy and send a photo of the destroyed toy to recalls@gopotoys.com. Consumers should then dispose of the destroyed product.&nbsp;&nbsp;",Sold Online At,Amazon.com from August 2023 through March 2026 for between $11 to $15.&nbsp;,,,"GOPO Toys LLC, of San Bernardino, California",China,,
26-561,,18-Jun-26,,BABESIDE Doll and Stroller Children’s Toys Recalled Due to Risk of Serious Injury or Death from Choking Hazard; Violate Small Parts Ban; Sold on Amazon by HYBDOLLS,BABESIDE Doll and Stroller Toys,"This recall involves BABESIDE-branded doll and stroller toys. The play toy sets consist of a pink with red stroller, a baby doll dressed in pink and 23 accessories, including a pink and white plate with a fork and spoon, orange juice and milk feeding bottles, a toy pacifier with clip, a milk carton, a bib, a diaper bag, a diaper, a tissue bag with tissues, lotion and baby powder bottles, a small plush bear, a pair of shoes, two sets of clothes and a soft carrier.","The recalled toys violate the https://cpsc.gov/Business--Manufacturing/Business-Education/Business-Gu… lang=""EN-US"">small parts ban because they are intended for children under three and the small pacifier poses a deadly choking hazard to young children. In addition, the eyes on the plush bear can detach, also posing a choking hazard.",,,Repair,"About 2,200",None reported,"Consumers should stop using the recalled toys’ plush bear and pacifier immediately, take them away from children and contact HYBDOLLS for free replacement similar toy accessories, including shipping. Consumers will be asked to destroy the toy’s plush bear and pacifier by cutting the bear in half and writing in permanent marker “X” on the pacifier and send a photo of the destroyed and marked accessories to support@babeside.com. Consumers should then dispose of the destroyed accessories.",Sold Online At,Amazon from July 2025 through January 2026 for about $40.,,"Huizhou Huitong Crafts Co. Ltd., of China",,China,,
26-563,,16-Jun-26,,Spa Drain Covers Recalled Due to Risk of Serious Injury or Death from Entrapment and Drowning Hazards; Violate Virginia Graeme Baker Pool & Spa Safety Act; Sold on Amazon by Arrogantf,Arrogantf Spa Drain Covers,"This recall involves Arrogantf white spa/hot tub suction covers that are sold for use as Hot Tub Jet Cover, Spa Drain Covers. The plastic unit comes packaged in a clear plastic bag with a label affixed to the bag which reads: X004TW6LTF, Arrogantf, BWG 3-3/4"" 100gpm, BSC334-AF. Included in the bag is a smaller clear bag with two screws. There is no labeling or product identification on the product itself.","The recalled drain covers violate the entrapment protection standards of the https://www.cpsc.gov/Business--Manufacturing/Business-Education/FAQ?p=3… lang=""EN-US"">Virginia Graeme Baker Pool and Spa Safety Act (VGBA), posing entrapment and drowning hazards to consumers.",,,Refund,About 340,None reported,"Spa owners, spa operators and consumers should stop using spa/hot tubs with the recalled pool drain covers immediately. To receive a refund, consumers should remove the drain cover from the spa/hot tub, write “RECALL” with a marker on the cover, take a photo, then dispose it. If feasible, disable the drain cover by cutting the perimeter structure to prevent reinstallation or further functional use. Send the photo to Arrogantf by email at lufen1624@outlook.com.&nbsp; &nbsp;Ensure all pools and spas have VGBA-compliant drain covers and teach children to stay away from drains.&nbsp;&nbsp;",Sold Online At,Amazon.com from September 2025 through March 2026 for about $16.,,,,China,Seller:,"Shenzhen Fuxiangyue Technology Co., Ltd., dba Arrogantf, of China."
26-557,,11-Jun-26,,Coffeemakers Recalled Due to Risk of Serious Injury from Burn Hazard; Imported by Kidisle,Kidisle Coffeemakers,"This recall involves Kidisle-branded hot and iced coffee machines. The single-serve coffeemaker is designed with black, white and gray colors, measures about 11 inches high and 6 inches wide, and has a 50-ounce detachable water tank. The coffeemakers can brew 6 to 14 ounces of cupped or ground coffee. Model “KC101B” is printed on a sticker on the coffeemakers’ underside and the brand name on the product order receipt.","The recalled coffeemakers can become clogged, causing hot liquid or steam to build up and be released unexpectedly during use, posing a risk of serious injury from burn hazard.",,,Refund,"About 17,600","CPSC is aware of at least 107 reports of the coffeemakers releasing hot liquid or steam unexpectedly, resulting in at least 27 reported injuries, including first and second-degree burns that required medical treatment.","Consumers should stop using the coffeemakers immediately and contact Kidisle for a full refund. Consumers will be asked to destroy the coffeemaker by unplugging and cutting the power cord, write “Recalled” in permanent marker on it, and send a photo of the destroyed product with a visible model number and cut power cord, to KidisleKC101Brecall@outlook.com.",Sold Online At,"Amazon.com, Walmart.com and eBay.com from June 2024 through April 2026 for about $49.","Kidisle, of China ","ChangShaShiMengQiSiDianZiShangMaoYouXianGongSi, of China",,China,,
26-556,,11-Jun-26,,Yamaha Recalls UMAX Bistro and Bistro Deluxe Vehicles Due to Injury Hazard,Model Year 2019-2025 UMAX Bistro and Bistro Deluxe Vehicles,"This recall involves Model Year 2019-2025 UMAX Bistro and Bistro Deluxe gas and electric vehicles. The gas models are J0G (YUM2A) with serial number 0000104-0601120. The electric models are J5D (YUM2E) with serial number 0000116-0000230. The food and merchandise service vehicles have a four-lid ice chest, sliding snack tray, and a vertical display case (Bistro Deluxe) with slanted shelves for displaying goods. The units were sold in white, green, red, teal, and brown colors. The serial number can be located under the rear cargo area, on the frame of the unit. Yamaha is written on the sides and on the front and back of the vehicle.","The recalled Bistro and Bistro Deluxe vehicles have an inaccurate weight capacity certification label. This could result in the vehicle being overloaded, which poses an injury hazard.",,,Repair,"About 1,101 (In addition, about 75 were sold in Canada)",None reported,Consumers should immediately stop using the recalled UMAX Bistro and Bistro Deluxe vehicles and contact an authorized Yamaha Golf Car dealer to schedule a free replacement of the label. A Yamaha dealer will replace the label at the vehicle’s location.,Sold At,"Yamaha Golf Car dealers nationwide beginning July 2018 through May 2026 for between $17,495 and $29,060.","Yamaha Golf-Car Company, of Kennesaw, Georgia",,,Japan,,
26-555,,11-Jun-26,,Houoto 642-2150V Pool Drain Covers Recalled Due to Risk of Serious Injury or Death from Entrapment and Drowning Hazards; Violate Virginia Graeme Baker Pool & Spa Safety Act; Sold on Amazon by Prosperity goes straight up,Houoto 642-2150V Pool Drain Covers,This recall involves Houoto 642-2150V Pool Drain Covers that are sold for use in swimming pools. The drain covers measure 7-5/8 inches in diameter and the screw hole spacing is 7 inches. They are white and made of ABS plastic. The brand and model number can be found on the product’s order receipt.,"The drain covers do not bear the required product markings, in violation of the mandatory safety standard under the https://www.cpsc.gov/Business--Manufacturing/Business-Education/Busines… lang=""EN-US"">Virginia Graeme Baker Pool and Spa Safety Act (VGBA), posing risk of serious injury or death from entrapment and drowning hazards. The drain covers also fail to meet safety requirements because they are missing statements regarding the service life of the covers and installation and maintenance instructions.",,,Refund,About 595,None reported,"Pool owners, pool operators and consumers should stop using pools with the recalled pool drain covers immediately. To receive a refund, consumers will be asked to remove the drain cover from the pool, destroy or otherwise render the drain cover unusable, write in permanent maker “Recalled” on the removed cover, and send a photo of the marked cover to houoto@163.com. Ensure all pools and spas have VGBA-compliant drain covers and teach children to stay away from drains.",Sold Online At,Amazon.com from January 2026 through May 2026 for about $18.,,"Foshan Nanhai District Haichen Tengfei Hardware Factory, of China",,China,Retailer:,"Tingting Specialty Store, dba Prosperity goes straight up, of China&nbsp;"
26-554,,11-Jun-26,,The Black Sheep Fam Recalls Children’s Pajamas Due to Risk of Serious Injury or Death from Burn Hazard; Violates Mandatory Flammability Standards for Children’s Sleepwear,Girls’ Sleepshirt and Kids’ Unisex Jogger Pajama Sets,"This recall involves The Black Sheep Fam Kids’ Unisex Jogger Pajama Sets and Girls’ Sleepshirts. The recalled pajamas were sold in various children’s sizes, colors and prints. Sizes include 2T, 3T, 4T, XS, SM, M and L. The size and “Black Sheep Fam Kids” are printed the neck label of the pajamas. The Girls’ Sleepshirts have “Made in China” and “96% polyester 4% spandex” printed on the sewn-in side seam label. The Kids’ Jogger Pajama sets have “RN# 169608” “Made in Guatemala” and “95% cotton 5% spandex” printed on the sewn-in side seam label.","The recalled children’s pajamas violate the mandatory flammability safety standard for https://www.cpsc.gov/Business--Manufacturing/Business-Education/Busines… lang=""EN-US"">children’s sleepwear, posing a risk of serious burn injuries or death to children.",,,Refund,"About 2,100",None reported,"Consumers should stop using the pajamas immediately and contact The Black Sheep Fam for a full refund. Consumers will be asked to cut the products in half and email a photo of the destroyed garment to hello@theblacksheepfam.com, then dispose of the product.",Sold At,"Theblacksheepfam.com, Maisonette.com, Etsy.com, Instagram.com, and Facebook.com from October 2023 through February 2026 for between $40 and $50.&nbsp;",,,,China and Guatemala,Retailer:,"The Black Sheep Fam, of Kewaskum, Wisconsin"
26-553,,11-Jun-26,,Arctic Zone Titan Pro Coolers Recalled Due to Risk of Serious Injury or Death from Choking Hazard; Imported by California Innovations and Sold at Costco,Arctic Zone Titan Pro Coolers,"This recall involves Arctic Zone Titan Pro 40 can-capacity, iceless coolers. The rectangular coolers were sold in black and brown and have a built‑in bottle opener. The zipperless coolers are collapsible and measure about 15 inches wide, 12 inches deep and 12 inches high when open. The coolers have a hard-top lid with a front latch, a front insulated compartment with a front zippered pocket, two mesh side pockets, a shoulder strap with pad and grab handles. “Titan Pro by Arctic Zone” is printed on the front of the coolers and style number 10006348 is on a sewn-in label inside the front zippered pocket.","The recalled coolers’ latch magnet can detach, posing risk of serious injury or death from a choking hazard.",,,Repair,"About 2,500",None reported,"Consumers should stop using the coolers immediately and contact California Innovations for a free replacement latch, including shipping. Consumers will also receive replacement instructions and a tool to remove the existing latch and replace it with the new latch.",Sold At,Costco stores nationwide in March 2026 for about $40.,"California Innovations Inc., of Canada",,,Vietnam,,
26-552,,11-Jun-26,,7-Drawer Dressers Recalled Due to Risk of Serious Injury or Death from Tip-Over and Entrapment Hazards; Violate Mandatory Standard for Clothing Storage Units; Sold on Amazon.com by Hasuit Direct,Hasuit 7-Drawer Dressers,"This recall involves Hasuit 7-Drawer Dressers. The recalled dressers have seven drawers, are made of wood and come in black. They are 27.6 inches wide, 44.5 inches tall, 15.8 inches long and weigh 102 pounds. SKU: AJ-DJ502571_1” is printed on the products packaging (box).","The recalled dressers are unstable if they are not anchored to the wall, posing tip-over and entrapment hazards that can result in risks of serious injuries or death to children. The dressers violate the mandatory safety standards as required by the https://www.cpsc.gov/Business--Manufacturing/Business-Education/Busines… lang=""EN-US"">STURDY Act.",,,Refund,,None reported,"Consumers should stop using the recalled dressers immediately if they are not anchored to the wall and place them in an area that children cannot access. Consumers will be asked to pull out all seven drawers for destruction and write on the cabinet in permanent marker the word ""RECALLED,"" take a photo of the cabinet and drawers and then email the photo to hasuitrecall@outlook.com. Consumers should then dispose of the recalled product.",Sold Online At,Amazon.com in February 2026 for about $160.,,,,China,Retailer:,"Shenzhen DUOMENGDUO Electronic Commerce Co., Ltd., dba Hasuit Direct, of China"
26-551,,11-Jun-26,,Nimood Adult Portable Bed Rails Recalled Due to Risk of Serious Injury or Death from Entrapment and Asphyxiation Hazards; Violate Mandatory Standard for Adult Portable Bed Rails,Nimood Adult Portable Bed Rails,"This recall involves Nimood branded adult portable bed rails, models C3 Pro, C4 Pro, C5 Pro, and C5 Pro 2.0 sold for use on adult beds. The model numbers may be found on the assembly instructions, if kept. The C3 Pro bed support railing is made of white metal tubing with a rounded black foam rubber grip handle, and includes a fabric pouch, black strap, and a detachable adjustable magnetic motion light bar. The C3 Pro has two support legs and measures 16.7 inches wide, 26 inches long, and has an adjustable height between 28.9 to 44.9 inches.&nbsp;&nbsp;The C4 Pro bed support railing is made of black metal tubing with a rounded black foam rubber grip handle, and includes a fabric pouch, black strap, and a detachable adjustable magnetic motion light bar. The C4 Pro has two support legs with an adjustable height between 30.3 to 43.2 inches, an adjustable width between 26.4 to 35.8 inches, and an adjustable length between 25.2 and 32.9 inches.&nbsp;&nbsp;The C5 Pro bed support railing has a foldable frame made of black metal tubing with a rounded black foam rubber grip handle, and includes a fabric pouch, black strap, and a detachable adjustable magnetic motion light bar. The bed support railing has a foldable frame made of black metal and black foam padding on the grip handle. The C5 Pro has two support legs with an adjustable height between 29.5 to 42.4 inches, an adjustable width between 26 to 35.8 inches, and a length of 24.4 inches.&nbsp;The C5 Pro 2.0 bed support railing has a foldable frame made of black metal tubing with a rounded black foam rubber grip handle, and includes a fabric pouch, black strap, and a detachable adjustable motion light that is attached by Velcro. The bed support railing has a foldable frame made of black metal and black foam padding on the grip handle. The C5 Pro 2.0 has two support legs with an adjustable height between 30.3 to 40.3 inches, an adjustable width between 28.3 to 34.3 inches, and a length of 25.2 inches.&nbsp;","The recalled bed rails violate the mandatory standard for https://www.cpsc.gov/Business--Manufacturing/Business-Education/Busines… lang=""EN-US"">adult portable bed rails, because users can become entrapped within the bed rail or between the bed rail and the side of the mattress, posing a serious entrapment hazard and risk of death by asphyxiation. The bed rails do not meet structural stability or retention strap requirements, posing a fall hazard. Furthermore, the bed rails’ push pins and push pin holes are incorrectly sized, posing a laceration hazard. In addition, the bed rails do not bear the required hazard warning labels.",,,Refund,"About 6,187",None reported,"Consumers should stop using the recalled bed rails immediately and contact Nimood US for a full refund.&nbsp; Consumers will be asked to destroy the bed rail by cutting the black fabric mesh bag off the rail and the black safety strap in half, write “RECALLED” on a piece of paper, take a photo of this alongside the disassembled bed rail and send a photo of the marked bed rail to nikeouzhou@hotmail.com. Consumers should then dispose of the recalled product.",Sold Online At,Amazon.com and Nimood.com from November 2024 through January 2026 for between $55 and $80.,,,,China,Seller:,"shenzhenshinikezhinengshebeiyouxiangongsi (Shenzhen Nike Intelligent Equipment Co., Ltd.) dba Nimood US, of China"
26-550,,11-Jun-26,,Kawasaki Motors USA Recalls Model Year 2026 Teryx4 H2 and Teryx5 H2 Recreational Off-Road Vehicles Due to Impact and Injury Hazards,Model Year 2026 Teryx4 H2 and Teryx5 H2 recreational off-road vehicles,"This recall involves Model Year 2026 Kawasaki Teryx4 H2 and Teryx5 H2 recreational off-road vehicles with the following model numbers: KRT1000D, KRT1000F and KRT1000G. Each unit has a unique VIN number located on the right rear of the main frame underneath the rear fender and above the rear wheel. The vehicles have either “Teryx4 H2” or “Teryx5 H2” on the driver and front passenger doors and the Kawasaki logo on both the left and right side above the rear wheels. The recalled vehicles were sold in lime green color. Model numbers are printed on the owner’s manual.","The drive converter sheave can break in certain circumstances, resulting in metal fragments being discharged within the engine compartment and surrounding area, posing impact and injury hazards.",,,Repair,"About 3,585",Kawasaki has received 19 reports of incidents involving drive converter sheave breakage. No injuries have been reported.,"Consumers should stop using the recalled vehicles immediately and contact a Kawasaki dealer to schedule a free repair. A technician will replace the moveable clutch sheave assembly, install a clutch cover guard and reprogram the Engine Control Unit (ECU) on the vehicle. Kawasaki is contacting all known purchasers directly.&nbsp;",Sold At,"Authorized Kawasaki dealers nationwide from June 2025 to January 2026 for between $37,200 and $43,700.",,"Kawasaki Motors Manufacturing Corp., U.S.A., of Lincoln, Nebraska","Kawasaki Motors Corp. U.S.A., of Foothill Ranch, California",United States,,
26-543,,11-Jun-26,,Hopelight Adult Portable Bed Rails Recalled Due to Risk of Serious Injury or Death from Entrapment and Asphyxiation; Violates Mandatory Standard for Adult Portable Bed Rails; Sold on Amazon by MOCCI SHOP,Hopelight Adult Portable Bed Rails,"This recall involves Hopelight adult portable bed rails. The bed rail comes in silver and black, measure 11.5 inches wide by 23.5 inches tall, is made of metal and weighs 4 pounds. It has the model number, F311, printed on the product’s packaging.","The recalled bed rails violate the mandatory standard for https://www.cpsc.gov/Business--Manufacturing/Business-Education/Busines… lang=""EN-US"">adult portable bed rails because users can become entrapped within the bed rail or between the bed rail and the side of the mattress, posing a serious entrapment hazard and risk of death by asphyxiation. In addition, the bed rails do not bear the required hazard warning labels.",,,Refund,"About 5,770",None reported,"Consumers should stop using the recalled adult portable bed rails immediately and contact MOCCI SHOP for a full refund. Consumers will be asked to cut the storage bag, cut the handrails’ foam, write “RECALLED” on the upper and lower bed rails with a permanent marker, take a photo of the marked bed rail with the consumer's name on a piece of paper and email the photo to hopelightrecall@outlook.com.",Sold Exclusively At,Amazon.com from August 2023 through May 2026 for between $24 and $28.,,,,China,Retailer:,"Jiangsu Zhirun Xiangmu Management Co., Ltd., dba MOCCI SHOP, of China"
26-542,,11-Jun-26,,Yamaha Recalls Model Year 2021-2022 Fleet Golf Cars Due to Risk of Serious Injury or Death from a Crash Hazard,Model Year 2021-2022 Yamaha Drive2 Electric Fleet Golf Cars,"This recall involves model year 2021-2022 Yamaha Drive2 Electric Fleet Golf Cars. The golf cars were sold in mica (gold), arctic drift (blue), moonstone (gray), carbon (dark gray), bluestone, garnet (red), emerald (green), sunstone (yellow) and glacier (white). The serial number is located underneath the seat, on the frame of the unit. Yamaha will provide assistance if you can’t locate the serial number.&nbsp;&nbsp;&nbsp;&nbsp;&nbsp;&nbsp;&nbsp;&nbsp;&nbsp;&nbsp;&nbsp;&nbsp;&nbsp;&nbsp;&nbsp;&nbsp;&nbsp;&nbsp;&nbsp;&nbsp;&nbsp;&nbsp;&nbsp;&nbsp;&nbsp;&nbsp;&nbsp;&nbsp;&nbsp;&nbsp;&nbsp;&nbsp;&nbsp; &nbsp; &nbsp; &nbsp; &nbsp; &nbsp; &nbsp; &nbsp; &nbsp; &nbsp; &nbsp; &nbsp; &nbsp; &nbsp; &nbsp; &nbsp; &nbsp; &nbsp; &nbsp; &nbsp; &nbsp; &nbsp; &nbsp; &nbsp; &nbsp; &nbsp; &nbsp; &nbsp; &nbsp; &nbsp;Recalled Fleet Golf Cars (Model years 2021-2022)&nbsp;MODEL YEARMODEL NAME2021JOJ Drive2 AC-L2022JOJ Drive2 AC-L2022J5B Drive2 AC-L Li","The recalled golf cars’ passenger-side brake cable could have been misrouted during assembly. If the cable was misrouted, abnormal wear can occur which can cause the passenger-side cable to break during use, posing a risk of serious injury or death from a crash hazard.",,,Repair,"About 8,650 (In addition, about 700 were sold in Canada)",The firm has received six reports of the passenger-side brake cable breaking due to improper routing. No injuries have been reported.,"Consumers should stop using the recalled fleet golf cars immediately and contact an authorized Yamaha Golf Car dealer to schedule a free inspection of the passenger-side brake cable routing. If the cable was misrouted, the dealer will replace the cable with a new, properly routed cable. For consumers who cannot take the recalled golf car to an authorized dealer, a Yamaha dealer will provide transportation of the golf car or will inspect and, if necessary, install a new, properly routed cable at the location of the golf car.",Sold At,"Yamaha Golf Car dealers nationwide from March 2021 through September 2024 for between $6,700 and $8,830.","Yamaha Golf-Car Company, of Kennesaw, GA ",,,Japan,,
26-541,,11-Jun-26,,Timechee Changing Table Dressers Recalled Due to Risk of Serious Injury or Death from Tip-Over and Entrapment Hazards; Violate Mandatory Standard for Clothing Storage Units; Sold on Amazon by Timechee,Timechee Changing Table Dressers,"This recall involves Timechee Changing Table Dressers. The recalled dressers are made of wood and were sold in white. The dresser has five drawers and two shelves, and a two-section changing table top. It measures 47.2 inches long, by 19.5 inches wide, by 36.1 inches tall and weighs 160 pounds.&nbsp; The dresser comes packaged in a cardboard box with “KF200066US-01XN-003” printed on the side.","The recalled dressers are unstable if not anchored to the wall, posing tip-over and entrapment hazards that can result in a risk of serious injuries or death to children. The dressers violate the mandatory safety standard as required by the https://www.cpsc.gov/Business--Manufacturing/Business-Education/Busines… lang=""EN-US"">STURDY Act.",,,Refund,"About 10,354",None reported,Consumers should stop using the recalled dressers immediately if they are not anchored to the wall and place them in an area that children cannot access. Contact Timechee for instructions on how to identify affected units and dispose of the dressers to receive a full refund. Consumers will be asked to email a photo to TimecheeRecall@timechee.com demonstrating disposal of the product.,Sold Online At,Amazon.com from September 2023 through May 2026 for about $190.,,"Fujian Xiniuniu Home Furnishing Co., Ltd., of China",,China,Retailer:,"Ningbo Jiangbei Yugui E-commerce Co., Ltd., dba Timechee, of China"
26-540,,11-Jun-26,,School Specialty Recalls Tip Restraint Kits Included in Childcraft Furniture Due to Risk of Serious Injury or Death from Tip-Over Hazard,Plastic Tip Restraint Kits,"This recall involves defective plastic tip restraint kits (also referred to as furniture straps) that were included in Childcraft furniture sold by School Specialty. The furniture included two plastic tip restraint kits in the box along with the product, with installation instructions. There is a label on the bottom of the furniture with the item number. Furniture that included the defective tip restraint kits is listed below along with the item number.&nbsp;The recalled tip restraint kits contain two white plastic brackets/mounts (one for connection to furniture and the other for connection to the wall), a white plastic cable zip tie, two different pairs of screws (one longer than the other) and two drywall anchors.CPSC’s Anchor It! website, https://www.anchorit.gov/, has educational materials available to the public, including important instructions for properly anchoring furniture to prevent tip-overs.","The recalled plastic tip restraint kits (also referred to as furniture straps) can break or degrade, posing tip-over and entrapment hazards. Should the defective plastic tip restraints break, consumers could be at risk of serious injuries or death. This is a hidden defect because consumers who purchase and install this product may be under a false sense of security that their furniture is safe from a tip-over incident.",,,Replace,"About 15,616",None reported,Consumers should stop using the recalled plastic tip restraints immediately and contact School Specialty for a free replacement tip restraint kit made of stainless steel. Consumers should keep children away from any furniture secured using the recalled plastic tip restraints while waiting for a replacement tip restraint kit and should dispose of the recalled tip restraint in their household trash once they have installed the replacement tip restraint.&nbsp;&nbsp;School Specialty is contacting all consumers who purchased Childcraft furniture directly and mailing two replacement tip restraint kits to those consumers along with that notice.,Sold At,"Childcraft furniture (which included the recalled tip restraint kits) sold through School Specialty stores nationwide and online at www.schoolspecialty.com from July 2024 through December 2025 for between $1,250 and $4,800.",,,"School Specialty, LLC, of Greenville, Wisconsin",China,,
26-539,,11-Jun-26,,Merkury Innovations Recalls Hot + Cool Heating and Cooling Fans Due to Risk of Serious Injury or Death from Fire Hazard,Hot + Cool Heating and Cooling Fans,"This recall involves the Merkury Innovations Hot + Cool Heating and Cooling Fan, a portable hot-and-cool bladeless fan and heater with model number MI-DHC02. The model number MI-DHC02 can be found on a white label on the bottom of the product and on the packaging. The fan heater is approximately 13 inches tall, 5 inches wide and 5 inches deep and weighs about 2 pounds.","The fan can overheat, posing a risk of serious injury or death from a fire hazard.",,,Refund,"About 18,000","The firm has received two reports of the fan catching fire when connected to a power source, including one report of smoke damage to property. No injuries have been reported.","Consumers should stop using the Hot + Cool Heating and Cooling Fan immediately and contact Merkury Innovations for a full refund. Consumers will be asked to write in permanent marker the date, their initials, and the word ""Recalled"" on the product. Consumers should unplug the cord, safely cut the cord and upload a photo of the destroyed product to https://merkuryinnovations.com/pages/fanrecall. After registration is confirmed, instructions will be provided on how to dispose of the product.",Sold At,"TJMaxx, Marshalls and Sierra stores nationwide from October 2024 through October 2025 for about $30.&nbsp;","Merkury Innovations, of New York, New York",,,China,,
26-538,,11-Jun-26,,LiKee Pull String Teething Toys Recalled Due to Risk of Serious Injury or Death from Choking; Violate Mandatory Standard for Toys; Sold on Amazon by ChilanTech,LiKee Pull String Teething Toys,"This recall involves LiKee Pull String teething toys. The teething toys consist of an off-white disc shape with a blue ball in the center and six multi-colored, silicone tentacle-looking pull strings that run through the ball. The disc has three soft push buttons. The brand name and “Baby Sensory Toy” are printed on the front of the product packaging and “Model No. LK-FDWJ” on the back.","The recalled teething toys violate the mandatory standard for https://www.cpsc.gov/Business--Manufacturing/Business-Education/Toy-Saf… lang=""EN-US"">toys because the silicone strings are smaller and longer than permitted. The strings can reach the back of children’s throat and become lodged, posing a serious risk of respiratory distress and deadly choking hazard.",,,Replace,"About 24,400","The firm has received ten reports of the toys’ strings reaching the back of a child’s throat, resulting in respiratory distress or choking.","Consumers should stop using the toy immediately, take it away from children and contact ChilanTech for free replacement toy of at least equal value, including shipping. Consumers will be asked to destroy the toys by cutting the silicone tentacles and writing in permanent marker “Recalled” on the toys’ main body and send a photo of the destroyed product to likee-teether-recall@outlook.com. Consumers should then dispose of the destroyed product.",Sold At,Amazon.com from November 2024 through December 2025 for about $10.,"Shenzhen Qilanshiyeyouxiangongsi (Shenzhen Qilan Industrial Co., Ltd.), dba ChilanTech, of China","Guangzhou Huanmao Business Service Co. Ltd., of China",,China,,
26-537,,11-Jun-26,,HSN Recalls Kitchen HQ Thermal Insulated Bowls Due to Fire Hazard,Kitchen HQ Thermal Insulated Bowls with Detachable Hinged Lids,"This recall involves certain Kitchen HQ brand thermal insulated bowls with detachable-hinged lids. The bowls, which were sold in a variety of colors, have a metal interior and a plastic exterior with the words “KITCHEN HQ” written across the front. Affected models include the 10-cup bowl (SKN 817800), the pair of 10.5-cup and 2-cup bowls sold as a set (SKN 884907), and the 10.4-cup, 6-cup, and 2-cup bowls sold as a set of three (SKN 900600).","Metal springs in the detachable hinged lid of the insulated bowls can catch fire when used in the microwave, posing a fire hazard.",,,Refund,"About 86,040","HSN has received 30 reports that the insulated bowls smoked, sparked, melted or caught fire when microwaved, including one incident resulting in a fire that caused property damage.",Consumers should stop using the insulated bowls immediately and contact HSN for a full refund on a complete bowl and lid set. A partial refund is also available for consumers who wish to keep the insulated bowls without the lid.,Sold At,"HSN.com, HSN televised shows, and HSN digital shopping platforms from July 2023 through February 2026 for between $20 and $60.&nbsp;","HSN, Inc., of West Chester, Pennsylvania",,,India,,
26-536,,11-Jun-26,,Joyin Recalls Sloosh Dive Sticks Due to Risk of Serious Injury from Impalement; Violate Federal Dive Sticks Ban,Sloosh Dive Sticks,"This recall involves Sloosh dive sticks, contained in packages of Sloosh water toys, model 40041. The model number 40041 is printed on the back of the box of Sloosh water toys, next to the bar code and printed on top of one end of the dive stick, along with Joyin’s name and tracking information.&nbsp;&nbsp;&nbsp;The Sloosh water toys package contains 30 pieces, including five dive sticks.&nbsp; The recalled dive sticks are made of hard plastic and are cylinder-shaped. Each stick measures approximately 7-inches in length and about 1-inch or less in diameter. They come in various colors and are packaged in a box with other pool diving toys in the Sloosh water toys package. Only the dive sticks with model 40041 contained in the Sloosh water toys sold prior to October 23, 2025, are being recalled. Consumers can continue to use the other items contained in the Sloosh water toys package.","The recalled dive sticks violate the federal https://www.cpsc.gov/FAQ/Dive-Sticks"">dive sticks ban because they exceeded the compress limit, posing an impalement hazard. In shallow water, children may fall or land on a dive stick, resulting in serious piercing injuries. Facial and eye injuries are also possible when children attempt to retrieve the sticks underwater.",,,Replace,"About 254,000",None reported,"Consumers should stop using the recalled dive sticks immediately, take them away from children and dispose of them. Consumers will be asked to take a photo of the disposed dive sticks in the trash and email it to Joyin at support@joyin.com. Once received, Joyin will send the consumer redesigned dive sticks that meet federal regulations.",Sold Online At,"Amazon.com, Temu.com, Wayfair.com, Plus.Target.com and SHEIN.com from February 2019 through October 2025 for between $17 and $22.&nbsp;","Joyin US Corp., of Chandler, Arizona",,,China,,
26-532,,4-Jun-26,,Vornado Air Recalls SRTH Small Room Tower Heaters Due to Fire Hazard,SRTH Small Room Tower Heaters,The recalled Vornado SRTH small room tower heaters were sold in black and white and measure about 12.5 inches high by 6 inches in diameter. The recalled heaters have two heat settings (low and high) and a fan only/no heat setting. The word “Vornado” with a “V” behind it is printed on the front of the unit. The model “TYPE SRTH” is printed on the silver rating label located on the bottom of the product.,"The recalled heater’s fan blade can detach from the motor shaft, which can cause the fan to slow or stop, leading to overheating and melting of the enclosure and internal parts. Melted internal parts can ignite and breach the enclosure if the thermal cut off or fuse does not timely activate, posing a fire hazard.",,,Refund,"About 255,000 (In addition, about eight were sold in Canada)","Vornado has received 32 reports of overheating from fan displacement, including eight reports of fire and one report of smoke inhalation.  ",Consumers should stop using the recalled heaters immediately and contact Vornado for instructions on how to submit photos of the product and proof of destruction to receive a full refund.&nbsp;,Sold At,"Stores nationwide, including Kohl’s, Bed Bath &amp; Beyond and ACE Hardware, and online at Vornado.com and Amazon.com from August 2013 through May 2026 for between $40 and $50.","Vornado Air, LLC, of Andover, Kansas",,,China,,
26-531,,4-Jun-26,,SUNS International Recalls Residential Elevator Interlock Switches Due to Fall and Crushing Hazard; Risk of Death or Serious Injury,SUNS SS6291 Solenoid Interlock Switches,"This recall involves all SUNS International SS6291 Solenoid Interlock switches used in residential elevators produced from August 20, 2024, through November 6, 2025, with date codes 2431 through 2543. The SUNS SS6291 interlock switch measures approximately 10 inches by 2 &nbsp;inches and weighs about 2-pounds. “SUNS”, the model number and date code are printed on a label on the side of the product.","The affected interlock switches can become stuck in a retracted position, allowing the exterior door to remain unlocked, posing a risk of death or serious injury if the elevator is called to another floor.",,,Repair,"About 7,000","SUNS has received one report of the interlock switch becoming stuck, which can allow the elevator door to remain unlocked. No injuries have been reported.",Consumers should stop using their residential elevator containing the SUNS interlock switch immediately and contact SUNS or their elevator installer listed below for free professional installation of a replacement interlock switch.&nbsp;&nbsp;,Sold At,SUNS International and authorized residential elevator dealers nationwide from September 2024 through November 2025 for about $200.&nbsp;,"SUNS International LLC, of Chelmsford, Massachusetts",,,China,,
26-530,,4-Jun-26,,TOMY Recalls Boon NURSH 8 oz Reusable Baby Bottles Due to Choking Hazard; Sold at Walmart,Boon NURSH 8 oz Reusable Baby Bottles,This recall involves Boon NURSH 8 oz Reusable Baby Bottles 3-Pack in pink tie dye. &nbsp;The recalled bottles were sold in a package containing three bottles. The bottles have a hard outer plastic shell that encases a soft silicone pouch.&nbsp; The Boon logo is on the side of the bottle’s hard plastic shell. Item number B11654 and the UPC 669028116546 are printed on the bottom of the packaging.,"The hard plastic outer shell can bubble or partially peel off, resulting in loose pieces of film-like plastic that pose a choking hazard to young children.",,,"Refund, Replace","About 40,000",The firm has received 135 reports of bubbling or peeling of the outer plastic shell.  No injuries have been reported.,Consumers should stop using the recalled baby bottles immediately and contact TOMY to receive a refund in the form of a $22 booninc.com store credit or a replacement set of three bottles in a different color.&nbsp;,Sold Exclusively At,Walmart stores and online at Walmart.com from November 2025 through May 2026 for about $20.&nbsp;,"TOMY International, Inc., of Oak Brook, Illinois",,,Vietnam,,
26-529,,4-Jun-26,,Pool Drain Covers Recalled Due to Risk of Serious Injury or Death from Entrapment and Drowning Hazards; Violates Virginia Graeme Baker Pool & Spa Safety Act; Sold on Amazon by Broqixin,Broqixin Pool Drain Covers,This recall involves Broqixin-branded pool drain covers. The white plastic pool drain covers measure about 7.36 inches in diameter and weigh about 3.84 ounces and come with two screws. “Model 11064W” is printed on the product’s packaging.,"The recalled drain covers violate the entrapment protection standards of the https://www.cpsc.gov/Business--Manufacturing/Business-Education/FAQ?p=3… lang=""EN-US"">Virginia Graeme Baker Pool and Spa Safety Act (VGBA), posing deadly entrapment and drowning hazards to swimmers and bathers.",,,Refund,About 370,None reported,"Pool owners, pool operators and consumers should stop using pools with the recalled pool drain covers immediately and contact Broqixin for a full refund. Consumers will be asked to remove the drain cover from the pool, write in permanent maker “Recalled” on the removed cover, and send a photo of the marked cover to broqixinrecall@outlook.com.&nbsp;&nbsp;Ensure all pools and spas have VGBA-compliant drain covers and teach children to stay away from drains.&nbsp;",Sold Online At,Amazon.com from January 2026 through April 2026 for about $16.,,,,China,Retailer:,"Weifangdingshengxindianzikejiyouxiangongsi (Weifang Dingshengxin Electric Technology Co., Ltd.), dba Broqixin, of China"
26-528,,4-Jun-26,,Bicycle Helmets Recalled Due to Risk of Serious Injury or Death from Head Injury; Violates Mandatory Standard for Bicycle Helmets; Sold on Amazon by Gudook Outdoor Sports,Gudook Adult Bike Helmets,"This recall involves Gudook-branded bicycle helmets, model KY-055. The helmets were sold in blue with white and in size medium (M), fitting a head circumference of about 21.3 to 22.4 inches. The helmets have red padding, black straps, a black and red buckle and a black fit-adjusting knob at the back. Only helmets with batch number 202503 and manufacture date of March 2025 are included in this recall. “Gudook” is printed on the side of the helmet. The model, batch number and manufacture date, in MM/YYYY format, are printed on a label on the inside of the helmet.","The recalled helmets violate the mandatory safety standard for https://www.cpsc.gov/Business--Manufacturing/Business-Education/Busines… lang=""EN-US"">bicycle helmets because the helmets do not comply with the impact attenuation and certification requirements. The helmets can fail to protect the user in the event of a crash, posing a serious risk of injury or death due to head injury.",,,Refund,About 520,None reported,"Consumers should stop using the helmets immediately and contact Gudook Outdoor Sports for a full refund. Consumers will be asked to destroy the recalled helmet by cutting the straps and email a photo of the destroyed helmet, showing with the helmet’s batch number, to lexi_kuyou@163.com. Consumers should then dispose of the recalled product.",Sold Online At,Amazon.com from May 2025 through February 2026 for about $23.,,,,China,Retailer:,"Dongguanshizhouhedianzishangwuyouxiangongsi (Dongguan Zhouhe E-commerce Co., Ltd.) dba Gudook Outdoor Sports, of China"
26-527,,4-Jun-26,,Crenlux Pool Drain Covers Recalled Due to Risk of Serious Injury or Death from Entrapment and Drowning Hazards; Violates Virginia Graeme Baker Pool & Spa Safety Act; Sold on Amazon by Eicong,Crenlux Pool Drain Covers,This recall involves Crenlux-branded pool drain covers. The white plastic pool drain covers measure about eight inches in diameter and weigh about 12.7 ounces. “Crenlux” is printed on the product’s packaging.,"The recalled drain covers violate the entrapment protection standards of the&nbsp;https://www.cpsc.gov/Business--Manufacturing/Business-Education/FAQ?p=3… Graeme Baker Pool and Spa Safety Act (VGBA), posing deadly entrapment and drowning hazards to swimmers and bathers.",,,Refund,About 200,None reported,"Pool owners, pool operators and consumers should stop using pools with the recalled pool drain covers immediately and contact Eicong for a full refund. Consumers will be asked to destroy the cover by writing in permanent maker “Recalled” on it and to send a photo of the destroyed cover to&nbsp;Crenlux_recall@outlook.com.",Sold Online At,Amazon.com from June 2025 through March 2026 for about $20.,,,,China,Retailer:,"Guangzhou Yikang Cultural Communication Co., Ltd., dba Eicong, of China"
26-526,,4-Jun-26,,Tiny Land Children’s Play Tents Recalled Due to Risk of Injury from Irritation to Skin and Eyes,Children’s Tiny Land Play Tents,"This recall involves Tiny Land-branded children’s play tents. The play tents are made of a cream-colored fabric and have three windows, a closable fabric door, 34 poles, star-shaped lights, and a quilted play mat. When assembled, the tents measure about 57 inches high, 52 inches wide and 36 inches deep. The Tiny Land logo and “SKU TLTGTT003BG-XYF1506251” are printed on a label stitched inside of the tent.","The recalled tents’ fiberglass poles can shed fibers, posing an injury risk of skin and eye irritation.",,,Repair,"About 7,500","Tiny Land has received eight reports of the fiberglass poles shedding fiber, resulting in skin or eye irritation.","Consumers should stop using the tents immediately, disassemble the tents and place the poles in an area where children cannot access them. Consumers should contact Tiny Land to receive a free repair kit with a set of four plastic replacement poles, including shipping. Consumers will be asked to dispose of the tent’s fiberglass poles, using gloves, in accordance with state and local waste disposal procedures.",Sold Online At,Amazon.com and Tinylandus.com from November 2025 through March 2026 for between $54 and $70.,"Tiny Land Inc., of Upland, California",,,China,,
26-525,,4-Jun-26,,Little Grape Land Recalls Nursing Pillows Due to Risk of Serious Injury or Death from Suffocation; Violate Mandatory Standards for Nursing Pillows and Infant Support Cushions,Little Grape Land Nursing Pillows,"This recall involves Little Grape Land Nursing Pillows. The nursing pillows are U-shaped and come in a rose floral, alligator, bear, butterfly, cactus, construction truck, forest deer, green leaves, little bunny, spring flower and woodland animal patterns. There are no markings or labels on the product.","The recalled nursing pillows advertised for infant feeding and tummy time violate the mandatory safety standards for https://www.cpsc.gov/Business--Manufacturing/Business-Education/Busines… lang=""EN-US"">nursing pillows and https://www.cpsc.gov/Business--Manufacturing/Business-Education/Busines… lang=""EN-US"">infant support cushions because they can obstruct an infant’s breathing, posing a serious risk of injury or death from suffocation. ",,,Refund,"About 1,430",None reported,Consumers should stop using the recalled nursing pillows immediately and contact Little Grape Land for a full refund. Consumers will be asked to cut the pillow in half and send a photo of the destroyed pillow to recall@evermorepartner.com.&nbsp;,Sold Online At,Amazon.com from August 2025 through April 2026 for between $28 and $30.,,,,China,Retailer:,"XJ Evermore LLC, dba Little Grape Land US, of Frisco, Texas&nbsp;"
26-524,,4-Jun-26,,Wyze Labs Recalls Solar Cam Pan Security Cameras Due to Risk of Serious Injury from Fire and Burn Hazards,Wyze Solar Cam Pan Security Cameras,"The recalled Wyze Solar Cam Pan are lithium-ion battery operated outdoor security cameras. The products are wire-free, equipped with motorized pan-and-tilt functionality and an integrated solar panel. The model number, WYZESCPWH, is located on the back of the camera. They were sold in white.","The recalled Wyze Solar Cam Pan security cameras’ incorrect assembly instructions can lead consumers to accidentally puncture the lithium‑ion battery’s metal casing, causing the battery to rapidly overheat, posing a risk of serious injury or property damage from fire and burn hazards.",,,"Refund, Replace","About 321,360 (In addition, about 2,560 were sold in Canada) ","The firm has received 13 consumer reports of the security cameras overheating, and six exploding and catching on fire, including six reports of consumers suffering minor burns.","Consumers should stop using the recalled Wyze Solar Cam Pan security camera immediately and visit http://www.wyze.com/SCPrecall to determine whether your device is affected by the recall.&nbsp; All consumers who used the long, flat-head screw to install the solar panel on top of the camera should participate in the recall. If you are uncertain about the type of screw used during installation, please consult the company's website for detailed guidance and assistance on identification procedures. The firm is offering all affected consumers a free replacement camera with solar panel accessory, a full refund or a gift card for the original purchase price to use on the firm’s website. Consumers will be required to attest to disposal of the recalled camera.&nbsp; Consumers should dispose of the camera in accordance with local and state regulations.Note: Do not throw this recalled camera with lithium-ion battery in the trash, the general recycling stream (e.g., street-level or curbside recycling bins), or used battery recycling boxes found at various retail and home improvement stores. Recalled lithium-ion batteries must be disposed of differently than other batteries, because they present a greater risk of fire. Your municipal household hazardous waste (HHW) collection center may accept this recalled lithium-ion battery or device for disposal. Before taking your battery or device to a HHW collection center, contact that office ahead of time and ask whether it accepts recalled lithium-ion batteries. If it does not, contact your municipality for further guidance.",Sold At,"Home Depot and Micro Center, and online at www.wyze.com, Temu, Amazon, B2B Renew, Inc., ReturnPro and Best Buy from October 2025 through April 2026 for about $80.","Wyze Labs, Inc., of Kirkland, Washington",,,China,,
26-522,,28-May-26,,Walmart Recalls Mainstays 9-Drawer Fabric Dressers Due to Risk of Serious Injury or Death from Tip-Over and Entrapment Hazards; Violates Mandatory Standard for Clothing Storage Units,Mainstays 9-Drawer Fabric Dressers,"This recall involves Mainstays-branded dressers. The fabric dressers have a black metal frame and nine brown or black fabric drawers with handles. The dressers measure about 40 inches long, 13.75 inches wide and 45 inches tall and weigh 32 pounds and were manufactured from September 2023 through December 2025. The Tracking/Lot and the manufacture date in MM/YYYY format are printed on a label under the dresser’s top panel of the dresser. “Mainstays 9-Drawer Fabric Dresser” is printed on the product order receipt and packaging.","The recalled dressers are unstable if they are not anchored to the wall, posing tip-over and entrapment hazards that can result in risk of serious injuries or death to children. The dressers violate the mandatory safety standard as required by the https://www.cpsc.gov/Business--Manufacturing/Business-Education/Busines… lang=""EN-US"">STURDY Act.&nbsp;",,,Refund,"About 165,000  ",None reported,"Consumers should stop using the recalled dressers if they are not anchored to the wall immediately, place them in an area that children cannot access and contact Walmart for a full refund. Consumers will be asked to return the dressers’ drawers to any Walmart store and dispose of the dressers’ frame according to local and state regulations.&nbsp;&nbsp;",Sold At,Walmart stores nationwide and online at Walmart.com from September 2023 through March 2026 for about $80.,,"Hop Thang Interior Wood Co. Ltd., of Vietnam&nbsp;&nbsp;",,Vietnam,Retailer:,"Walmart Inc., of Bentonville, Arkansas&nbsp;"
26-515,,28-May-26,,Luminous Fidget Spinner Balls Recalled Due to Risk of Serious Injury or Death from Battery Ingestion; Violates Mandatory Standard for Toys; Sold on Amazon by Anzmtosn,Anzmtosn Luminous Fidget Spinner Balls,"This recall involves Anzmtosn’s Luminous Fidget Spinner Balls, Model FS0862. The model number is located on the back of the packaging. The metal Luminous Fidget Spinner Balls are blue and silver and have a green dot in the center. They were sold with a mini flashlight designed &nbsp;to create a glowing effect while the ball is spinning. The mini flashlights have two removable button cell batteries.&nbsp;&nbsp;","The recalled toys violate the https://www.cpsc.gov/Business--Manufacturing/Business-Education/Toy-Saf… lang=""EN-US"">mandatory safety standard for toys because the mini flashlight included with the fidget spinner balls contains button cell batteries that can be easily accessed by children. If button cell or coin batteries are swallowed, the ingested batteries can cause serious injuries, including internal chemical burns, and death.&nbsp;",,,Refund,About 872  ,None reported,"Consumers should take the Luminous Fidget Spinner Ball’s mini flashlight away from children, stop using them immediately and contact Anzmtosn for a full refund. Consumers will be asked to remove the batteries, properly dispose of them immediately, throw away the mini flashlight and submit a photo of the disposed mini flashlight to Anzmtosn53@163.com to receive a refund.&nbsp;Note: Button cell batteries are hazardous. Batteries should be disposed of or recycled by following local hazardous waste procedures. &nbsp;",Sold Online At,Amazon.com from November 2024 through August 2025 for about $17.,,"Shenzhenshibangduoladianzikejimaoyi Co., Ltd (Shenzhen Bangduola Electronic Technology Trade Co., Ltd.), doing business as Anzmtosn, of China",,China,,
26-514,,28-May-26,,Missry Associates Recalls Misco Sports Light-Up Racket Sets Due to Risk of Serious Injury or Death from Battery Ingestion; Violate Mandatory Standard for Toys,"Misco Sports Light-Up Racket Sets, model MT2287","This recall involves the Misco Sports Light-Up Racket Set, model MT2287.&nbsp; The set includes two black rackets, one ball and one shuttlecock. “MT2287” and “100125” are printed on the racket handle in white letters.","The racket sets violate the https://www.cpsc.gov/Business--Manufacturing/Business-Education/Toy-Saf… lang=""EN-US"">mandatory standard for toys because the screw on the racket used to secure the battery compartment does not remain attached when opened, and the button cell batteries in the shuttlecock can be easily accessed by children. If button cell or coin batteries are swallowed, the ingested batteries can cause serious injuries, including internal chemical burns, and death.",,,Refund,"About 2,016",None reported,"Consumers should stop using the racket set immediately, take the shuttlecock away from children and contact Missry Associates for a full refund. Consumers will be asked to dispose of the racket set with the shuttlecock in the trash and send a photo of the set in the trash to toys@misco.us.&nbsp;&nbsp;Note: Button cell batteries are hazardous. Batteries should be disposed of or recycled by following local hazardous waste procedures.&nbsp;",Sold At,TJ Maxx and Marshalls stores nationwide from February 2026 through March 2026 for about $10.,"Missry Associates, Inc., doing business as Misco Enterprises, of Edison, New Jersey",,,China,,
26-513,,28-May-26,,Joy Furniture Recalls Talan and Royce Living Room Furniture Sets Due to Risk of Serious Injury from a Fire Hazard,"Talan and Royce Collection Sofas, Loveseats and Recliners","This recall involves the Talan powered group living room furniture set consisting of a sofa (model JF1126-4PHL), loveseat (model JF1126-5PHL) and recliner (model JF1126-9PHL) and the Royce group consisting of a sofa (model JF1155-4PHL), loveseat (model JF1155-5PHL) and recliner (model JF1155-9PHL). The sets come with a power headrest and lumbar, pillowed arms, ultra-padded seating and USB and wireless charging. The Talan set comes in a medium-gray color . The Royce set comes in a brown color .&nbsp;&nbsp;","The power switch on the sofa, loveseat, or recliner can malfunction and overheat posing a risk of serious injury from a fire hazard.&nbsp;&nbsp;",,,Repair,"About 10,400","The firm reported 41 incidents, including smoking, burning, and electrical odor smell, two resulting in fire. No injuries reported. ","Consumers should stop using the power recliner switch on their furniture set and unplug the power cord immediately then go to http://www.warrantyservice.com/JoyFurnitureRecall to participate in the recall.&nbsp; The firm is offering all consumers a free replacement power recliner switch on the sofa, loveseat, and recliner with an upgraded switch. They will arrange for an authorized technician to replace the affected switches at your residence.&nbsp;&nbsp;&nbsp;",Sold At,"Raymour &amp; Flanigan® Furniture in Connecticut, New Jersey, Rhode Island, Pennsylvania and Massachusetts. The Talan was sold from January 2024 through March 2026 for between $1,000 and $2,200. The Royce was sold from May 2025 until the middle of May 2026 for between $800 and $1,800.","Raymour & Flanigan® Furniture, Liverpool, New York",Zhejiang Mingrui Furniture Co. Ltd. aka Joy Furniture,,China and Cambodia ,,
26-512,,28-May-26,,Giantex Recalls Lounge Chairs Due to Amputation Hazard,Giantex outdoor lounge chairs,"This recall involves Giantex outdoor lounge chairs with model number NP10025NY. The recalled lounge chairs are blue and measure 76-inches long, by 23-inches wide, by 13-inches high. They have a five-position adjustable locking system and the backrest height can be adjusted from 13.5 inches to 26.5 inches. Model number NP10025NY is printed on the front and side of the product packaging.","Consumers can place their fingers in a pinch point, when adjusting the lounge chair, posing an amputation risk.",,,Refund,"About 1,155",Giantex has received one report of a consumer’s finger being amputated while adjusting the lounge chair.,"Consumers should stop using the recalled lounge chairs immediately and contact Giantex for a full refund. Consumers will be instructed to either request a prepaid return package or will be asked to destroy the recalled lounge chair by detaching the headrest pillow, cutting the fabric, and providing photographic proof of destruction.&nbsp;",Sold At,Giantex.com and Amazon.com from August 2023 through October 2025 for between $75 and $90.,,,"Giantex Inc., of Ontario, California",China,,
26-511,,28-May-26,,Tzumi Electronics Recalls SLF Sauna Blankets Due to Fire and Burn Hazards,SLF Sauna Blankets,"This recall involves SLF Sauna Blankets, model number 30065TAR with serial number WF2236430065. The sauna blankets were sold in one size, measuring 70 inches long by 31 inches wide.&nbsp; The sauna blankets are black with white accent handles and were sold with a control panel and wireless remote to adjust the time and temperature.","The recalled sauna blankets can overheat, posing fire and burn hazards.",,,Replace,"About 3,600","Tzumi Electronics has received six reports of the products overheating, including five reports of minor property damage to furniture.","Consumers should stop using the recalled Sauna Blankets immediately and contact Tzumi Electronics for a replacement. Consumers should visit www.tzumi.com/recalls to confirm eligibility. If confirmed, unplug the sauna blanket, cut the power cord, write “Recalled” on the sauna blanket controller and submit photos showing the serial number and “Recalled” marking per the instructions at www.tzumi.com/recalls.",Sold At,"In-store at Target, Macy’s, and Snappy and online at Target.com from February 2025 through February 2026 for about $130.","Tzumi Electronics of New York, New York",,,China,,
26-510,,28-May-26,,"Lithium Coin Batteries Recalled Due to Battery Ingestion; Violates Federal Statute for Child-Resistant Packaging of Coin Batteries; Imported by Proudly American Store, of Canada",VL2020 Lithium Coin Batteries,This recall involves Panasonic-branded lithium coin batteries. The three-volt silver batteries were sold in clear plastic bags with one or two batteries. The brand name and “VL2020” are embossed on the battery. Panasonic is not alleged to have engaged in any wrongdoing.,"The recalled coin batteries are not in child-resistant packaging and do not bear the warning labels required under https://www.cpsc.gov/Newsroom/News-Releases/2023/Making-Families-Safer-… lang=""EN-US"">Reese’s Law. When button cell or coin batteries are swallowed, the ingested batteries can cause serious injuries, internal chemical burns, and death.",,,Refund,"About 8,000",None reported,"Consumers should stop using the coin batteries immediately, place them in an area that children cannot access and contact Proudly American Store for a full refund. Consumers will be asked to dispose of the batteries according to local hazardous waste guidelines.&nbsp;&nbsp;Note: Button cell batteries are hazardous. Batteries should be disposed of or recycled by following local hazardous waste procedures.",Sold Online At,Amazon.com from May 2025 through February 2026 for about $11.,"Proudly American Store, of Canada",,,Indonesia,,
26-509,,28-May-26,,Daoen Recalls Zen Magnetic Promotional Ball Sets Due to Risk of Serious Injury or Death from Magnet Ingestion; Violate Mandatory Standard for Toys,Zen Fidget Magnetic Ball Sets,"This recall involves Zen-branded magnetic balls. The fidget toy sets consist of four textured, silicone silver, light brown, tan and bronze magnetic balls. Each ball measures about 1.24 inches in diameter. The ball sets come in a round, zippered case with or without a white Gordon Sinclair logo printed on them.","The recalled magnetic balls violate the https://www.cpsc.gov/Business--Manufacturing/Business-Education/Toy-Saf… lang=""EN-US"">mandatory standard for toys because they are loose high-powered magnets, posing an ingestion hazard to children. When high-powered magnets are swallowed, they can attract each other, or other metal objects, and become lodged in the digestive system. This can result in perforations, twisting, and/or blockage of the intestines, blood poisoning and death.",,,Dispose,"About 1,000",None reported,"Consumers should stop using the recalled magnet ball toys immediately, take them away from children and dispose of them.",Sold At,Promotional free item received by consumers from December 2025 through February 2026.,"Daoen Inc., of City of Industry, California",,"Ensora Health, of Birmingham, Alabama and Gordon Sinclair, of Valley Stream, New York.",China,,
26-508,,28-May-26,,MiniWarGaming and Primal Horizon Disc Magnets Recalled Due to Risk of Serious Injury or Death from Ingestion; Violate Mandatory Standard for Magnets; Imported by MiniWarGaming,MiniWarGaming and Primal Horizon Disc Magnets,This recall involves MiniWarGaming and Primal Horizon Disc Magnets with the product codes listed in the chart below. The disc magnets are silver and measure between 1/16” to ½” wide by 1/32” to 3/32” high. The Primal Horizon disc magnets were sold in clamshells and have the size and quantity printed on the front of the package and the product code printed on the back of the package. The MiniWarGaming disc magnets were sold in plastic bags and clamshells with no markings.&nbsp;Brand &nbsp;&nbsp;&nbsp;&nbsp;&nbsp;&nbsp;&nbsp;&nbsp;&nbsp;&nbsp;&nbsp;&nbsp;&nbsp;&nbsp;&nbsp;&nbsp;SKU#&nbsp;&nbsp;Size&nbsp;PackagingMiniWarGaming&nbsp;MWGMAG_116_132&nbsp;1/16” x 1/32”&nbsp;Plastic Bag or Clamshell&nbsp;MiniWarGaming&nbsp;MWGMAG_12_116&nbsp;½” x 1/16”&nbsp;Plastic Bag or Clamshell&nbsp;MiniWarGaming&nbsp;MWGMAG_14_116&nbsp;¼” x 1/16”&nbsp;Plastic Bag or Clamshell&nbsp;MiniWarGaming&nbsp;MWGMAG_18_116&nbsp;⅛” x 1/16”&nbsp;Plastic Bag or Clamshell&nbsp;MiniWarGaming&nbsp;MWGMAG_316_116&nbsp;3/16” x 1/16”&nbsp;Plastic Bag or Clamshell&nbsp;MiniWarGaming&nbsp;MWGMAG_332_116&nbsp;3/32” x 1/16”&nbsp;Plastic Bag or Clamshell&nbsp;MiniWarGaming&nbsp;MWGMAG_38_116&nbsp;⅜” x 1/16”&nbsp;Plastic Bag or Clamshell&nbsp;MiniWarGaming&nbsp;MWGMAG_316_332&nbsp;3/16” x 3/32”&nbsp;Plastic Bag or Clamshell&nbsp;MiniWarGaming&nbsp;MWGMAG_14_332&nbsp;¼” x 3/32”&nbsp;Plastic Bag or Clamshell&nbsp;MiniWarGaming&nbsp;MWGMAG_38_332&nbsp;⅜” x 3/32”&nbsp;Plastic Bag or Clamshell&nbsp;MiniWarGaming&nbsp;MWGMAG_MEGA&nbsp;Various Sizes&nbsp;Plastic Bag or Clamshell&nbsp;Primal Horizon&nbsp;PH10001&nbsp;1/16” x 1/32”&nbsp;Clamshell&nbsp;Primal Horizon&nbsp;PH10002&nbsp;3/32” x 1/16”&nbsp;Clamshell&nbsp;Primal Horizon&nbsp;PH10003&nbsp;⅛” x 1/16”&nbsp;Clamshell&nbsp;Primal Horizon&nbsp;PH10004&nbsp;3/16” x 1/16”&nbsp;Clamshell&nbsp;Primal Horizon&nbsp;PH10005&nbsp;¼” x 1/16”&nbsp;Clamshell&nbsp;Primal Horizon&nbsp;PH10006&nbsp;⅜” x 1/16”&nbsp;Clamshell&nbsp;Primal Horizon&nbsp;PH10007&nbsp;Various Sizes&nbsp;Clamshell&nbsp;Primal Horizon&nbsp;PH10008&nbsp;½” x 1/16”&nbsp;Clamshell&nbsp;Primal Horizon&nbsp;PH10009&nbsp;3/16” x 3/32”&nbsp;Clamshell&nbsp;Primal Horizon&nbsp;PH10010&nbsp;¼” x 3/32”&nbsp;Clamshell&nbsp;Primal Horizon&nbsp;PH10011&nbsp;⅜” x 3/32”&nbsp;Clamshell&nbsp;Primal Horizon&nbsp;PH10201&nbsp;1/16” x 1/32”&nbsp;Clamshell&nbsp;Primal Horizon&nbsp;PH10202&nbsp;3/32” x 1/16”&nbsp;Clamshell&nbsp;Primal Horizon&nbsp;PH10203&nbsp;⅛” x 1/16”&nbsp;Clamshell&nbsp;Primal Horizon&nbsp;PH10204&nbsp;3/16” x 1/16”&nbsp;Clamshell&nbsp;Primal Horizon&nbsp;PH10210&nbsp;Various Sizes&nbsp;Clamshell&nbsp;Primal Horizon&nbsp;PH10301&nbsp;Various Sizes&nbsp;Clamshell&nbsp;,"The magnets violate the https://www.cpsc.gov/Business--Manufacturing/Business-Education/FAQ?p=3… lang=""EN"">mandatory safety standard for magnets because the high-powered magnets fit within CPSC’s small parts cylinder and are stronger than permitted, posing a deadly ingestion hazard to children. When high-powered magnets are swallowed, the ingested magnets can attract each other, or other metal objects, and become lodged in the digestive system. This can result in perforations, twisting, and/or blockage of the intestines, blood poisoning and death.",,,Refund,"About 22,624",None reported,Consumers should stop using the magnets immediately and contact MiniWarGaming for instructions on how to obtain a prepaid shipping label and return the products for a full refund.,Sold At,Independent hobby/game shops nationwide and online at Forge.miniwargaming.com and Amazon.com from October 2022 through January 2026 for about $15.,"MiniWarGaming Inc., doing business as MiniWarGaming Forge and Primal Horizon, of Ontario, Canada",,,China,,
26-506,,28-May-26,,Giantex Recalls Giantex and Costway Portable Steam Saunas Due to Burn Hazard,Giantex and Costway 2-liter and 3-liter Portable Steam Saunas,"This recall involves Giantex and Costway branded portable steam saunas. The saunas were sold as part of a set that includes a folding chair, foot roller, felt mat and&nbsp; remote control. The portable saunas have a steam unit that connects to an enclosure via tubing. The enclosure has an opening for the user’s head to remain outside the enclosure. The enclosures were sold in &nbsp;black, copper, beige, blue, green and pink. The name “Giantex” or “Costway” is imprinted on the front of the enclosure. The model numbers and/or SKU are printed on the item packaging. The model numbers and SKUs are:&nbsp;&nbsp;&nbsp;&nbsp;&nbsp;&nbsp;&nbsp;&nbsp;&nbsp;&nbsp;&nbsp;&nbsp;&nbsp;&nbsp;&nbsp;&nbsp;&nbsp;&nbsp;&nbsp;&nbsp;&nbsp;&nbsp;Model Number &nbsp;&nbsp;&nbsp;&nbsp;&nbsp;&nbsp;&nbsp;&nbsp;&nbsp;&nbsp;&nbsp;&nbsp;&nbsp;&nbsp;&nbsp;&nbsp;&nbsp;&nbsp;&nbsp;&nbsp;&nbsp;&nbsp;&nbsp;&nbsp;&nbsp;&nbsp;&nbsp;&nbsp;&nbsp;&nbsp;&nbsp;&nbsp;&nbsp;&nbsp;&nbsp;&nbsp;SKU &nbsp;&nbsp;&nbsp;&nbsp;&nbsp;&nbsp;&nbsp;&nbsp;&nbsp;&nbsp;&nbsp;&nbsp;&nbsp;&nbsp;&nbsp;&nbsp;BA7635US-BK&nbsp;GT7635US-BABK&nbsp;BA7635US-CF&nbsp;GT7635US-BACF&nbsp;BA7635US-GR&nbsp;GT7635US-GR-BA&nbsp;BA7635US-NY&nbsp;GT7635US-BANY&nbsp;BA7733US-BK&nbsp;GT7733US-BK-AB&nbsp;BA7733US-CF&nbsp;GT7733US-CF-AB&nbsp;BA7733US-GR&nbsp;GT7733US-GR-AB&nbsp;BA7733US-PI&nbsp;GT7733US-PI-AB&nbsp;BA7579US-BK&nbsp;GT7579US-BK-BA&nbsp;BA7579US-CF&nbsp;GT7579US-CF-BA&nbsp;BA7579US-GR&nbsp;GT7579US-GR-BA&nbsp;","The sauna’s steam diffuser can be positioned too close to a consumer’s body, allowing hot steam to come in contact with user, posing a burn hazard.",,,Refund,"About 1,000","Giantex has received nine reports of incidents involving the recalled saunas where consumers reported burns to their extremities, and one incident of a second-degree burn.",Consumers should stop using the portable steam sauna immediately and contact Giantex for a full refund. Consumers will be asked to destroy the recalled portable steam sauna by cutting the cord to the steam unit after unplugging and submit a photograph of the destroyed product by email to support@giantex.com or online at https://www.giantex.com/pages/recall.,Sold At,The recalled portable steam saunas were sold online at Amazon and Walmart from January 2023 through December 2025 for between $68 and $100.,,,"Giantex Inc., of Ontario, California",China,,
26-504,,21-May-26,,Bethlehem Lights Recalls Bethlehem Lights 10-inch Illuminated Ribbon Spheres Due to Risk of Serious Injury or Death from Fire Hazard; Sold by QVC,Bethlehem Lights 10-inch Illuminated Ribbon Spheres,"The recalled Bethlehem Lights 10-inch Illuminated Ribbon Sphere is a spherical ornament made of reflective, silver-toned material with a spiral faceted design. The sphere is illuminated from within by numerous small warm-white LED lights. The product has a 10-inch diameter.","The LED lights on the recalled illuminated spheres can overheat, posing a risk of serious injury or death from a fire hazard.&nbsp;",,,Refund,"About 2,000",The firm has received nine reports of the product sparking or overheating. No injuries have been reported. ,"Consumers should stop using the recalled illuminated spheres immediately and contact Bethlehem Lights for a full refund. Consumers should immediately unplug the product from the wall and cut the power cord. To receive a refund, consumers will be asked to email a photo of the product with the cut cord to ribbonsphere@bethlehemlights.com before disposing of it in the garbage.&nbsp;",Sold Online At,QVC.com from July 2024 through April 2026 for about $43.&nbsp;,"QVC, of West Chester, Pennsylvania","Bethlehem Lights LLC, of Naperville, Illinois",,Indonesia,,
26-503,,21-May-26,,ABC Trading Recalls WSDZ Light-up Glasses Due to Risk of Serious Injury or Death from Battery Ingestion; Violate Mandatory Standard for Consumer Products with Button Cell Batteries,WSDZ Light-up Shot Glasses,"This recall involves WSDZ-branded LED shot glasses. The recalled plastic glasses are clear and have three button cell batteries in a compartment that power LED lights when the push button on the underside of the glass is pushed. The glasses were sold individually and in packs of 24 glasses. “ITEM NO: LP-024 (122)” and “Importer: ABC Trading, Inc” are printed on a label on the underside of the glasses.","The recalled glasses violate the mandatory standard for consumer products with button cell and coin batteries because the button cell batteries can be accessed easily by children, posing an ingestion hazard. Additionally, the packaging and product do not have the warnings required under https://www.cpsc.gov/Business--Manufacturing/Business-Education/Busines… lang=""EN"">Reese’s Law. When button cell or coin batteries are swallowed, the ingested batteries can cause serious injuries, internal chemical burns, and death.",,,Refund,"About 2,900",None reported,"Consumers should stop using the recalled glasses immediately, place them in an area where children cannot access them and properly dispose of the batteries. Contact ABC Trading for a full refund. Consumers will be asked to dispose of the glass and send a photo of the product in the trash and email to recallabc@gmail.com.&nbsp;&nbsp;&nbsp;Note: Button cell batteries are hazardous. Batteries should be disposed of or recycled by following local hazardous waste procedures. &nbsp;",Sold At,Starzzone and Igiftsinc and other gift stores nationwide from March 2024 through October 2025 for between $6 and $10.,"ABC Trading Inc., of Vernon, California",,,China,,
26-502,26-269,21-May-26,12-Feb-26,PandaEar Recalls Portable Hook-On Chairs Due to Risk of Serious Injury or Death from Fall Hazard; Violates Mandatory Standard for Portable Hook-On Chairs,Portable Hook-On Chairs,"This recall involves two models of PandaEar portable hook-on chairs. The chairs are used to seat young children at the dining table. The chairs contain a black or gray metal frame covered with black, gray, or blue (dinosaur theme) polyester and cotton material and an attached restraint in the occupant seating area. There are two metal arms with plastic covers on top that anchor to a dining table, and the child is suspended from the table. “Panda Ear” can be found on a label stitched to the side of the fabric seats. “Model C2102” can be found on a label located on the bottom of the fabric seats. There are no markings on the product for model BTC-51.","The recalled portable hook-on chairs violate the mandatory standard for https://www.cpsc.gov/Business--Manufacturing/Business-Education/Busines… lang=""EN-US"">portable hook-on chairs because the crotch restraints can be removed without the use of a tool and infants can fall through an opening, posing a deadly fall hazard.",,"WASHINGTON, D.C. – The U.S. Consumer Product Safety Commission (CPSC) is warning consumers to immediately stop using PandaEar children’s portable hook-on chairs. The portable hook-on chairs violate the mandatory safety standard for portable hook-on chairs because the crotch restraint can be removed, posing a risk of serious injury or death from a fall.&nbsp;&nbsp;CPSC issued a Notice of Violation to the seller, PandaEar of Lake Dallas, Texas. CPSC has requested that PandaEar recall the hook-on chairs and provide a remedy to consumers, but PandaEar has not agreed to an acceptable recall.&nbsp; &nbsp;About 8,950 portable hook-on chairs were sold online at Amazon.com from February 2022 through November 2025 for about $25. The product was also sold on pandaear.com and by various third-party sellers and on other websites.&nbsp;&nbsp;&nbsp;&nbsp;PandaEar portable hook-on chairs are used to seat young children at the table. The chairs have a black or gray metal frame covered with black or gray polyester and cotton material. There are two metal arms that anchor to a dining table and the child is suspended from the table. “PandaEar” and “Model BTC-51” can be found on the packaging. There is no labelling information on the product.&nbsp;&nbsp;&nbsp;These products were manufactured in China.&nbsp;CPSC urges consumers to stop using the portable hook-on chairs immediately and dispose of them. Do not sell or give away these hazardous products.&nbsp;&nbsp;&nbsp;&nbsp;Report any incidents involving injury or product defect to CPSC at www.SaferProducts.gov.",Refund,"About 9,700",None reported,"Consumers should stop using the recalled portable hook-on chairs immediately and contact PandaEar to receive a full refund. Consumers will be asked to disassemble the product, cut the restraint straps and fabric seat, and email PandaEar at pandaear_recall@outlook.com photographs clearly showing the destroyed product and model label.",Sold Online At,Amazon.com from February 2022 through November 2025 for about $25.,,,,China,Seller:,"PandaEar of Lake Dallas, Texas and Rockville, Maryland"
26-501,,21-May-26,,Lil Pick Up Recalls Youth All-Terrain Vehicles (ATVs) Due to Risk of Serious Injury or Death from Crash and Burn Hazards; Violates Mandatory Standard for ATVs,Sierra 125U Youth All-Terrain Vehicles (ATVs),"This recall involves the Sierra 125U Youth ATVs sold under various brand names including “Rider 9”. The model's name “Sierra 125U” is located on the VIN plate on the front frame column. The ATVs have a plate on the left front side of the frame column, stating “This ATV is subject to LIL PICK UP INC’s Action Plan approved by the U.S. Consumer Products Safety Commission.” The ATVs were sold in red, blue, black, pink, gray, spider red and spider blue.","The recalled youth ATVs violate the federal mandatory https://www.cpsc.gov/Business--Manufacturing/Business-Education/Busines… lang=""EN-US"">ATV safety standard, posing a risk of serious injury or death. The youth ATVs fail to meet mechanical suspension requirements, and the reverse indicator light fails to illuminate, posing a crash hazard. The parking brakes fail to hold, posing a collision hazard. Additionally, the surfaces near the footwell can reach high temperatures, posing a risk of severe burns.",,,Refund,About 700,None reported,"Consumers should stop using the recalled youth ATVs immediately and contact Lil Pick Up for a full refund. Consumers will be asked to go to www.lilpickup.us to register for the recall and receive instructions on how to return the recalled ATVs, which includes free ATV pick up and transportation.",Sold At,"Online and in-stores at Cougar Cycle, Texas Star dba Flying Scooter, Vitacci Motorcycles, Dallas Power Sport, Tool Store Go-Kart Shop and other retailers from October 2025 through April 2026 for between $800 and $1,300.","Lil Pick Up Inc., of Rowland Heights, California",,,Vietnam,,
26-499,,21-May-26,,Orb Funkee Squeeze Toys Recalled Due to Risk of Serious Injury or Death from Asbestos Exposure; Imported by The Orb Factory,Orb Funkee Squeeze Toys,"This recall involves two models of Orb Funkee squeeze toys with the date code 3102491A. The products are made of a soft, stretchable material and filled with sand. Model 17451 is a large golden monkey (stylized “monkee”), and model 41929 is an assortment of small “monkees” in various colors, including orange, purple and green. The date code can be found on the hand of the golden monkee or the back of the smaller monkees.","The recalled Orb Funkee squeeze toys may contain fibrous tremolite (asbestos) in the sand, which can cause adverse health issues if inhaled.",,,Refund,"About 121,340",None reported,"Consumers should take the recalled toys away from children, stop using them immediately and contact The Orb Factory for a refund. Consumers will be asked to verify the code and lot number of the toy, place the toy in a heavy-duty plastic bag, seal the bag securely with tape, and submit a photo of the product in the bag to customerservice@orbtoys.com. If the toy has been ruptured or pierced, or the sand has escaped the toy, the Orb Factory has directed consumers to put on a mask and gloves and use damp cloths to pick up any sand that has leaked out; put the toy, cloths, mask and gloves in a heavy-duty plastic bag, then place this bag into a second bag (double-bagging) that is to be sealed with tape. Consumers should then dispose of the bag in accordance with local and/or state regulations.&nbsp;",Sold At,Walmart and Ollie’s Bargain Outlet stores nationwide from February 2025 through April 2026 for between $5 and $40.,"The Orb Factory Limited, dba ORB Toys, of Canada",,,China,,
26-498,,21-May-26,,Resistance Bands Recalled Due to Serious Injury from Impact Hazard; Imported by HomeProGym,HomeProGym Resistance Bands,"This recall involves HomeProGym-branded resistance bands. The latex, stackable bands have a silver metal D‑ring at each end, attached to a black strap and were sold as part of the following sets and bundles: Add-on Stackable Resistance Bands - 130lbs (60kg), Stackable Resistance Bands Set Ultra 7 Bands, Stackable Resistance Bands Set Mega 9 Bands, PowerTube Stackable 450lbs Band Set + Bar &amp; Ultra Door Anchor, Ultimate Bundle and Mega Bundle. Only the purple 60-pound resistance and the gray 70-pound resistance bands are included in this recall. The weight resistance, “HOME PRO GYM” and “ULTRA” or “ULTRA PLUS” are printed on the bands’ strap.","The recalled resistance bands can forcefully separate from the handle during use, posing a risk of serious injury from impact hazard.",,,Refund,About 700,The firm has received five reports of resistance bands forcefully separating from its handle. No injuries have been reported.,"Consumers should stop using the recalled bands immediately and contact HomeProGym for a full refund or a $50 HomeProGym.com store credit. Consumers will be asked to destroy the purple 60-pound resistance and the gray 70-pound resistance bands by cutting them in half, send a photo of the destroyed bands to support@homeprogym.com, and complete the registration form at https://homeprogym.com/pages/recall. Consumers should then dispose of the destroyed product. Consumers can continue to use the other bands.",Sold Online At,Homeprogym.com and Amazon.com from December 2025 through April 2026 for between $40 and $296.,"Supa Products Pte Ltd., dba HomeProGym, of Singapore",,,China,,
26-497,,21-May-26,,ABC Trading Recalls Children’s Toys Due to Risk of Serious Injury or Death from Battery Ingestion; Violates Mandatory Standard for Toys,"Toy Headbands, Electronic Pet Cage-Dinosaur Tribes, My Pet Bird Cute Bird Tribes","This recall involves toy headbands and electronic pet cages. The toy headband, model 6300RP, is plastic and has a small push button on top of the bow to activate the lights in the bow. The bow is pink with white polka dots. The dinosaur toy, model 8266 (ZH998-22), is a silver plastic cage with a blue bottom, and contains a red dinosaur and a yellow egg inside the cage. The bird toy, model ZH998-23, is a plastic cage with a pink top and bottom and contains a blue bird inside the cage.&nbsp;","The recalled children’s toys violate the https://www.cpsc.gov/Business--Manufacturing/Business-Education/Toy-Saf… lang=""EN-US"">mandatory standard for toys because they contain button cell batteries and the compartments that hold the batteries can be easily accessed by children, posing a deadly ingestion hazard to children. When button cell and coin batteries are swallowed, the ingested batteries can cause serious injuries, internal chemical burns and death.",,,Refund,"About 84,700",None reported,Consumers should stop using the children’s toys immediately and contact ABC Trading for a refund. Consumers will be asked to take a photo of the disposed products in the trash and email the photo to recallabc@gmail.com to receive a full refund of the retail price. &nbsp;Note: Button cell batteries are hazardous. Batteries should be disposed of or recycled by following local hazardous waste procedures.&nbsp;,Sold At,TOYZ and Joissu Product stores nationwide from November 2022 through October 2025 for between $5 and $9.,"ABC Trading Inc., of Vernon, California",,,China,,
26-494,,14-May-26,,Generac Power Systems Expands Recall of Generac and DR Power Electric Start Pressure Washers Due to Risk of Serious Injury or Death from Carbon Monoxide Hazard; Includes Additional Models,Electric Start Pressure Washers,"This recall involves certain Generac brand electric start pressure washers with model number G0089111, G0088941, G0088951 and DR Power brand electric start pressure washer with model number DPW3109DEN. The pressure washers have an electric start/stop button for the unit’s gasoline-powered engines, as well as a rechargeable battery used to power the button. Model and serial numbers are printed on a label located on the product’s frame. Consumers can check specific unit type, model number and serial number location information at https://www.generac.com/support/product-info-user-manuals by clicking on “Pressure Washers” at the bottom of the page.","The electronic start/stop button on the pressure washer can malfunction and self-start, posing a risk of serious injury or death due to carbon monoxide poisoning, if the unit is in a confined space.&nbsp;",,,Repair,"About 16,260 (Generac Power Systems previously recalled 53,000 units on April 28, 2022.) (In addition, about 120 were sold in Canada.)",The firm has received six reports of the pressure washers self-starting.  No injuries or property damage have been reported.,Consumers should immediately stop using the recalled pressure washer and contact Generac to arrange for a free repair at your dealer’s location. The pressure washer can still be used with the battery removed by using the pull-start option to start the unit.&nbsp;,Sold At,"Major home improvement and hardware stores online and nationwide including Menards, Home Depot, and Amazon from November 2021 through February 2026 for between $500 and $590.",,"Generac Power Systems Inc., of Waukesha, Wisconsin",,United States,,
26-493,,14-May-26,,Cosyland Children’s Tower Stools Recalled Due to Risk of Serious Injury and Death from Entrapment and Fall Hazards; Imported by Cosyland Official,Cosyland Children’s Tower Stools,"This recall involves Cosyland-branded children’s tower stools, models CS0003 and CS0092-4. The tower stools were sold in natural bamboo and gray, and measure about 16 inches deep by 18 inches wide and 35 inches tall. “COSYLAND” and warning labels are visible along the top rails.","The recalled tower stools can collapse or tip over while in use, and a child’s torso can fit through the openings on the front and back sides, posing a risk of serious injury and death due to tip over, fall and entrapment hazards.",,,Repair,"125,200","The firm is aware of 25 reports involving stability issues and falls, resulting in eight injuries ranging from scrapes and contusions to a fractured arm.","Consumers should stop using the recalled tower stools immediately and store them away from children until repaired. Contact Cosyland Official for repair parts, which include protective nets, stabilizing feet, and installation instructions. The firm will mail the repair parts directly to consumers free of charge.",Sold Online At,Amazon.com from April 2021 through November 2025 for around $70.,"SuzhouGongYeYuanQu Wan Yi Shen Jia MaoYiShangHang dba Cosyland Official, of China",,,China,,
26-490,,14-May-26,,Guidecraft Children’s Standing Towers Recalled Due to Risk of Serious Injury from Fall Hazard,Guidecraft Kitchen Helper Towers,"This recall involves Classic and Contemporary Guidecraft Kitchen Helper Towers in nine colors sold from June 1, 2022, through October 31, 2023. Recalled towers have both an item number and lot number shown on the lists provided and were purchased from June 1, 2022, through October 31, 2023. &nbsp;This information can be found on the foil sticker at the bottom of each tower’s platform.","The platform inside the recalled tower can loosen over time, causing it to become unstable or detach, and ultimately posing a fall hazard to young children.",,,Repair,"25,235","The firm has received 11 reports of children falling, including three injuries such as a bloody nose and bruises.",Consumers should stop using the recalled towers immediately and contact Guidecraft for free repair parts and installation instructions.&nbsp;&nbsp;,Sold Online At,"Guidecraft, Amazon, Wayfair, Walmart, Target, Maisonette and Overstock from June 2022 through October 2023 for about $200.&nbsp;","Guidecraft, of Mocksville, North Carolina",,,China,,
26-489,,14-May-26,,ZWILLING J. A. Henckels Aktiengesellschaft Recalls Electric Water Kettles Due to Risk of Serious Injury Due to Burn Hazard,Electric Kettles (ENFINIGY 1.5 l and ENFINIGY Pro 1.5 l),"This recall involves ZWILLING J. A. Henckels Aktiengesellschaft Enfinigy Kettle (1.5 l) and Enfinigy Kettle Pro (1.5 l). The electric stainless-steel kettles come in various colors including black, silver, rose, gold, and pure-white. ZWILLING is silk printed on the kettle itself. Affected model numbers are: 53101-200, 53101-201 (1.5L ENFINIGY Electric Kettle); 53101-500, 53101-501, 53101-502, 53101-503, 53101-504 (1.5L ENFINIGY Electric Kettle Pro). The model numbers and “ZWILLING” can be found on the bottom of the kettle and the bottom of the power base.&nbsp;","The kettle’s handle can loosen and separate from the kettle, causing hot contents to spill, posing a risk of serious injury due to a burn hazard.",,,Refund,"About 113,440 (In addition, about 43,963 were sold in Canada and about 48 were sold in Mexico)","The firm has received five reports of incidents in connection with the kettle’s handle separating, including one reported second-degree burn. In total, the firm has received 163 reports of the kettle’s handle separating or loosening.","Consumers should stop using the recalled kettles immediately and contact ZWILLING J. A. Henckels Aktiengesellschaft for a full refund. Consumers in the U.S. should visit www.zwilling.com/kettle-recall&nbsp; for instructions on how to make the kettle unusable, which includes unplugging the kettle, cutting the cord, and uploading a photo of the product. Afterwards, consumers should safely dispose of the product.&nbsp;",Sold At,HomeGoods stores nationwide and online at zwilling.com from December 2019 to February 2026 for between $120 and $200.,,"ZWILLING J.A. Henckels Aktiengesellschaft, Solingen, Germany.&nbsp;","ZWILLING J.A. Henckels, LLC, Pleasantville, New York.",China,,
26-488,,14-May-26,,"Petzl America Recalls ASTRO BOD FAST, ASTRO SIT FAST and CANYON GUIDE Harnesses Due to Risk of Serious Injury or Death from Fall Hazard","Petzl ASTRO BOD FAST, ASTRO SIT FAST and CANYON GUIDE harnesses","This recall involves Petzl harnesses. The recalled harnesses were intended to be used by operators and work-at-height professionals.&nbsp; Serial numbers are printed on a label inside the harnesses’ waist belt.&nbsp; All harnesses are offered in black with a yellow accent, except C083BA03, C083BA04 and C083BA05, which are offered in black. Only Petzl harnesses with the following model and serial number range are included in the recall.&nbsp;&nbsp;&nbsp;&nbsp;&nbsp;&nbsp;&nbsp;&nbsp;&nbsp;&nbsp;&nbsp;&nbsp;&nbsp;&nbsp;&nbsp;&nbsp;&nbsp;&nbsp;&nbsp;&nbsp;Name of Harness &nbsp;&nbsp;&nbsp;&nbsp;&nbsp;&nbsp;&nbsp;&nbsp;&nbsp;&nbsp;&nbsp;&nbsp;&nbsp;&nbsp;&nbsp;&nbsp;&nbsp;&nbsp;&nbsp;&nbsp;&nbsp;&nbsp;&nbsp;&nbsp;&nbsp;&nbsp;&nbsp;&nbsp;&nbsp;&nbsp;&nbsp;&nbsp;&nbsp;&nbsp;&nbsp;&nbsp;Model Number &nbsp;&nbsp;&nbsp;&nbsp;&nbsp;&nbsp;&nbsp;&nbsp;&nbsp;&nbsp;&nbsp;&nbsp;&nbsp;&nbsp;&nbsp;&nbsp;&nbsp;&nbsp;&nbsp;&nbsp;&nbsp;&nbsp;&nbsp;&nbsp;&nbsp;&nbsp;&nbsp;&nbsp;&nbsp;&nbsp;&nbsp;&nbsp;&nbsp;&nbsp;&nbsp;&nbsp;Serial Number Range &nbsp;&nbsp;&nbsp;&nbsp;&nbsp;&nbsp;&nbsp;&nbsp;&nbsp;&nbsp;&nbsp;&nbsp;&nbsp;&nbsp;&nbsp;&nbsp;ASTRO BOD FAST (European VersionC083AAOO, C083AA01, C083AA02Less than 23J 9999999 999&nbsp;&nbsp;&nbsp;ASTRO BOD FAST&nbsp;(International Version)C083BA00, C083BA01, C083BA02, C083BA03,C083BA04, C083BA05Less than 23J 9999999 999&nbsp;&nbsp;&nbsp;ASTRO SIT FASTC085AA00, C085AA01, C085AA02Less than 23J 9999999 999)&nbsp;&nbsp;&nbsp;CANYON GUIDE&nbsp;C086BA00, C086BA01Less than 23J 9999999 999)","The recalled harness’ D-ring can release, allowing the attachment point to open, posing a risk of serious injury or death from a fall hazard.",,,Repair,"About 29,300 (In addition, about 4,900 were sold in Canada)",None reported,"Consumers, operators and work-at-height professionals should stop using the recalled harnesses immediately and contact Petzl America at Aftersales_US@petzl.com for a free replacement D ring kit.",Sold At,"GME Supply Co., Access Rules and Ropeworks for resale from March 2018 (Astro) and March 2020 (Canyon Guide) through October 2023 for about $680 (Astro Bod Fast), $450 (Astro Sit Fast) and $330 (Canyon Guide) harness.&nbsp;","Petzl America, Inc., Salt Lake City, Utah  ",,,Romania and Malaysia,,
26-487,,14-May-26,,Petzl America Recalls SIMBA and SWAN EASYFIT Harnesses Due to Risk of Serious Injury or Death from Fall Hazard,"Petzl SIMBA CLIMBING and SIMBA PARK Children’s Harnesses, SWAN EASYFIT STEEL and SWAN EASYFIT STAINLESS Harnesses",This recall involves Petzl harnesses sold individually and in packs of five. Serial numbers are printed on plastic cards on the interior of the harnesses.&nbsp; All harnesses are offered in gray/orange color combinations.&nbsp; Harnesses included in the recall include:&nbsp;&nbsp;Recalled Harness NameHarness Serial Number/SizeSIMBA CLIMBINGC065BA00 (single) / C065BA01 (pack of 5)SIMBA PARKC065AA00 (single) / C065AA01 (pack of 5)SWAN EASYFIT STEELC062AA00 (single) / C062AA01 (pack of 5)SWAN EASYFIT STAINLESSC062BA00 (single) / C062BA01 (pack of 5)SWAN EASYFIT STEEL and SWAN EASYFIT STAINLESS are harnesses designed for adventure parks. The SIMBA models are designed for children between 110 and 160 cm tall. The SIMBA models include a FAST LT PIN-LOCK buckle at the back of the harness and color-coded webbing. The SWAN EASYFIT models include color-coded webbing and a FAST LT PIN LOCK buckle system.&nbsp;&nbsp;,"The recalled harnesses are missing rivets in the FAST LT PIN-LOCK buckles, causing the buckles to open, posing a risk of serious injury or death from a fall hazard.&nbsp;",,,Replace,"About 1,270 (In addition, about 220 were sold in Canada) ",None reported ,Consumers and operators should stop using and selling the recalled harnesses immediately and contact Petzl America at Aftersales_US@petzl.com for a free replacement harness.&nbsp;,Sold At,The PAD Climbing Gym stores nationwide and resellers online at Karst Sports.com and Peak Trading.com from May 2023 through November 2025 for about $130 (SIMBA) and from July 2021 through November 2025 for about $280 (SWAN).&nbsp;&nbsp;,"Petzl America, Inc., Salt Lake City, Utah ",,,Romania ,,
26-486,,14-May-26,,Amazon Recalls Amazon Basics 55 Lbs. Adjustable Dumbbells Due to Impact Hazard,Amazon Basics 55 Lbs. Adjustable Dumbbells,"This recall involves the Amazon Basics 55 Lbs. Adjustable Dumbbells. The dumbbells were sold in pairs and single units in the color black and include handles, weight plates and a molded plastic tray. The dumbbells adjust from 5 to 55 pounds using manual adjustment knobs while the weights are nested in the base. The manufacturing lot code C250306VJAW5 is printed on the outer cardboard packaging box.","The weight plates can fail to engage completely during weight adjustment and dislodge from the dumbbell handle when used, posing an impact hazard.&nbsp;",,,Refund,"About 2,900",Amazon received eight reports of weight plates not engaging completely during weight adjustment and dislodging during use. No injuries have been reported.,"Consumers should stop using the recalled dumbbell immediately and follow Amazon’s instructions for a full refund. Upon registration at https://amazondumbbellrecall.expertinquiry.com, consumers will be provided with a prepaid shipping label to return the dumbbell handle to Amazon. Upon receipt, consumers will be issued a full refund to the original payment method or in the form of an Amazon gift card.",Sold At,Amazon.com from July 2025 through September 2025 for between $170 and $320.,"Amazon.com Services LLC, of Seattle, Washington",,,China,,
26-485,,14-May-26,,World Bright International Limited Recalls Agio Menlo Woven Patio Swings Due to Risk of Serious Injury or Death from Fall Hazard; Sold at Costco,Agio Menlo Woven Patio Swings,"This recall involves Agio Menlo Woven Patio Swings with model number 1934256. The recalled swings were sold exclusively at Costco retail stores and online at Costco.com. The swings have a black metal frame, black metal swing arms, a fabric canopy, and a padded seat in brown outdoor wicker. The swing frame is about 75 inches high, 71 inches wide, and 48 inches deep. The swing seat is about 58 inches wide and 19 inches deep. Consumers who are unable to determine whether they have the recalled model can contact World Bright International Limited for assistance.","The swing seat can detach from the frame while in use, posing a risk of serious injury or death from a fall hazard.",,,Repair,"About 18,500","The firm has received eight reports of the swing seat detaching from the swing frame, resulting in eight reports of injury including impact injuries to the head and arms.",Consumers should immediately stop using the recalled patio swings and contact World Bright International Limited to receive a free repair in the form of replacement hooks and instructions for replacing the hooks.,Sold At,Costco retail stores and online at Costco.com from February 2026 through March 2026 for between $549 and $649.,"Costco Wholesale Corporation, of Issaquah, Washington",,"World Bright International Limited, of Hong Kong",China,,
26-483,,14-May-26,,Missry Associates Recalls Misco Sports Badminton Toy Sets Due to Risk of Serious Injury or Death from Battery Ingestion; Violates Mandatory Standard for Toys,Misco Sports Badminton Toy Sets Red/Blue MT2383,This recall involves Misco Sports Badminton Toy Sets (MT2383). The badminton toy sets come in blue and red and with a light up shuttlecock. The Badminton Toy Sets (MT2383) have “MT2383” and “100125” printed on products located on black handles in white color letters.,"The&nbsp;Misco Sports Badminton Toy Sets&nbsp;violate the&nbsp;https://cpsc.gov/Business--Manufacturing/Business-Education/Toy-Safety""… safety standard for children’s toys&nbsp;because the shuttlecocks contain button cell batteries that can be easily accessed by children. When button cell or coin batteries are swallowed, the ingested batteries can cause serious injuries, internal chemical burns and deaths.",,,Refund,"About 15,120",None reported,"Consumers&nbsp;should stop using the&nbsp;badminton toy set immediately, take the shuttlecock away from children and contact Missry Associates for a full refund. Consumers will be asked to dispose of the badminton toy set with the shuttlecock (number MT2383) in the trash and send the photo to&nbsp;help@misco.us.&nbsp;Note:&nbsp;Button cell and coin batteries are hazardous. Batteries should be disposed of or recycled by following local hazardous waste procedures.",Sold At,Menard’s stores nationwide from January 2026 through March 2026 for about $10.,"Missry Associates Inc., doing business as Misco Enterprises, of Edison, New Jersey",,,China,,
26-482,,14-May-26,,BRP Recalls Can-Am All-Terrain Vehicles (ATVs) Due to Risk of Serious Injury and Death from Crash Hazard,Can-Am Outlander Pro and Max Pro All-Terrain Vehicles,"This recall involves model years 25 and 26 Can-Am Outlander 500 or 700 Pro and Max Pro ATVs equipped with Speed Limiter Mode and model years 23 and 24 Can-Am Outlander&nbsp; Pro and Max Pro ATVs equipped with Speed Limiter Mode that received an Engine Control Module (ECM) software update at a dealership on or after February 3, 2026. The ATVs were sold in Tan, Green, Camo and Gray. The model year (MY) can be identified by the 10th character of the vehicle’s 17-digit Vehicle Identification Number (VIN). P = 2023, R = 2024, S = 2025, T = 2026. The VIN label is located on the front right side of the vehicle, on the frame. The stamped VIN is located on the front member on the right side of the vehicle. The model name “OUTLANDER PRO” is displayed on the vehicle’s front side and the ‘Can‑Am’ branding is located on the left rear fender near the tail section.","The ATV’s speed limiter control can malfunction, causing unexpected speed and acceleration, posing a serious risk of injury or death from crash hazard.",,,Repair,"About 2,820","The firm has received one report of a speed limiter failure that caused sudden acceleration and flipped the ATV, resulting in scrapes and bruises to the rider.","Consumers should stop using the Speed Limiter Mode immediately and contact an authorized Can-Am Off-Road dealer to schedule a free repair at the dealership, involving a software update that will take less than one hour. To find an authorized dealer visit https://can-am.brp.com/off-road/us/en/find-a-dealer.html#/search.",Sold At,"Authorized Can-Am Off-Road dealers from March 2023 through April 2026 for between $8,000 and $13,000.","BRP US Inc., of Sturtevant, Wisconsin",,,Mexico,,
26-484,,14-May-26,,Lithium Coin Batteries Recalled Due to Risk of Serious Injury or Death from Battery Ingestion; Violates Federal Statute for Child-Resistant Packaging of Coin Batteries; Imported and Sold on Amazon by LiCB,LiCB CR2032 3V Lithium Coin Batteries,"This recall involves LiCB-branded lithium coin batteries. The three-volt silver batteries were sold in packs of two, each with five batteries. The brand name and “CR2032” are embossed on the battery and printed on the product packaging.","The recalled coin batteries are not in child-resistant packaging and do not bear the warning labels required under https://www.cpsc.gov/Newsroom/News-Releases/2023/Making-Families-Safer-… lang=""EN-US"">Reese’s Law. When button cell or coin batteries are swallowed, the ingested batteries can cause serious injuries, internal chemical burns, and death.",,,Refund,"About 94,000",None reported,"Consumers should stop using the coin batteries immediately, place them in an area that children cannot access, and contact LiCB for a full refund. Consumers will be asked to dispose of the batteries according to local hazardous waste guidelines.&nbsp;&nbsp;Note: Button cell and coin batteries are hazardous. Batteries should be disposed of or recycled by following local hazardous waste procedures.&nbsp;",Sold Online At,Amazon.com in February 2026 for about $6.,,"Guangzhou Lichengbei Battery Technology Co., Ltd., dba LiCB, of China",,China,,
26-481,,14-May-26,,Tiyol Pull String Teething Toys Recalled Due to Risk of Serious Injury or Death from Choking; Violates Mandatory Standard for Toys; Sold on Amazon by ZW Creations,Tiyol Pull String Teething Toys,"This recall involves the Tiyol Pull String Teething Toy. The teething toy is an off-white disc shape with a red ball in the middle and six long, silicone pull string “tentacles” of various colors running through the ball. There are also three free-spinning rings and soft push buttons on the disc. “Model no. 688-59” is printed on the product packaging.","The recalled teething toys violate the mandatory standard for https://www.cpsc.gov/Business--Manufacturing/Business-Education/Toy-Saf… lang=""EN-US"">toys because the silicone strings are smaller and longer than permitted. The silicone strings can reach the back of the throat and become lodged, posing a risk of respiratory distress and becoming a deadly choking hazard.",,,Replace,"About 102,430",CPSC is aware of 11 choking incidents.,"Consumers should stop using the toy immediately, take it away from children and contact ZW Creations for a free replacement. Consumers will be asked to cut and discard all silicone string tentacles, write “RECALLED” on the main body of the toy using a permanent marker, and submit a photograph of the destroyed product online at https://tiyol-recall.com.&nbsp;",Sold Online At,Amazon.com from October 2022 through January 2026 for between $10 and $12.,"Zhongwan Guangzhou Technology Co., Ltd (Zhongwan Guangzhou Kejiyouxiangongsi), dba ZW Creations, of China",,,China,,
26-480,,14-May-26,,Superbobi Pool Drain Covers Recalled Due to Risk of Serious Injury or Death from Entrapment and Drowning Hazards; Violates Virginia Graeme Baker Pool & Spa Safety Act; Manufactured by Remy&shop,Superbobi 7 3/8 Inch Pool Drain Covers,"This recall involves Superbobi pool drain covers that are sold for use in swimming pools. The pool drain covers are 7 3/8-inches in diameter, weigh 4.6 ounces, and come with two screws. They are white and made of ABS plastic.","The recalled drain covers violate the entrapment protection standards of the https://www.cpsc.gov/Business--Manufacturing/Business-Education/FAQ?p=3… lang=""EN-US"">Virginia Graeme Baker Pool and Spa Safety Act (VGBA), posing entrapment and drowning hazards to swimmers and bathers.",,,Refund,About 200,None reported,"Pool owners, pool operators and consumers should immediately stop using pools with the recalled pool drain covers. To receive a refund, consumers will be asked to remove the drain cover from the pool, destroy the drain cover, take a photo of the destroyed cover, and send it to Remy&amp;shop by email at superbobirecall@outlook.com. Ensure all pools and spas have VGBA-compliant drain covers and teach children to stay away from drains.",Sold Online At,Amazon.com from September 2025 through March 2026 for about $15.,,"Shenzhen Jiangtou Technology Co., Ltd., dba Remy&amp;shop",,China,,
26-479,,14-May-26,,Minka Lighting Group Recalls Bardon Series Pendant Light Fixtures Due to Risk of Serious Injury or Death from an Impact Hazard,Minka Bardon Series Pendant Light Fixtures,"This recall involves three models of the Minka Bardon Series Pendant Light Fixtures. Models include the 8-Light Pendant (model number N1847-776), the 12-Light Pendant (model number N1848-776) and the 5-Light Island (model number N1849-776). The model number is printed on the ceiling plate of the light fixture. For installed fixtures, consumers should identify the fixture based on the photographs below. The fixtures include either one downrod (8-Light and 12-Light Pendants) or two downrods (5-Light Island) to attach the fixture to the ceiling. Each of the fixtures has a polished brass finish with slatted frosted glass shades. Please note that the 4-Light Semi Flush fixture (model number N1844-776) does not utilize a downrod and is not affected by this recall.","The recalled light fixture’s frame can detach from the pendant downrod during installation, posing a risk of serious injury or death from an impact hazard.",,,Refund,About 170,The firm has received one report of a light fixture detaching from the pendant downrod. No injuries have been reported.,Consumers should stop using the recalled Minka Bardon Series Pendant Light Fixtures immediately and contact Minka Lighting Group to receive a full refund in the form of a check sent by mail. Consumers should keep clear of the area directly beneath installed light pendants. Contact Minka Lighting Group for instructions on how to determine if the light fixture is included in the recall and for disposal instructions.,Sold At,"Specialty lighting and home décor dealers including At Home (Colorado Springs, Colorado), Broadway Showroom (Marble Falls, Texas), Joy of Living (Basking Ridge, New Jersey) and Light House of Lewes (Lewes, Delaware) from January 2025 through January 2026 for between $3,000 and $5,000.","Minka Lighting Group, LLC, of Corona, California",,,China,,
26-477,,7-May-26,,Allura Imports Recalls Youth Sweatshirts with Bobcat Logo and Drawstrings Due to Risk of Serious Injury or Death from Strangulation Hazard; Violates Federal Regulations for Children’s Upper Outerwear,Youth Sweatshirts with Drawstrings,This recall involves youth sweatshirts with drawstrings. The sweatshirts are gray and have the Bobcat name and logo printed in black on the chest of the sweatshirt. The sweatshirts were sold in youth sizes 8/10 and 12/14. The size of the sweatshirt and “RN#36753” is printed on the neck label in black.,The drawstrings in the recalled clothing can get caught on objects and cause death or serious injury to children from strangulation. The sweatshirts are in violation of the federal regulations for children’s upper outerwear and present a substantial product hazard.,,,Refund,About 120,None reported,"Consumers should take the recalled clothing away from children immediately, remove the drawstrings to eliminate the hazard and contact Allura Imports for a full refund. Consumers should contact cs@alluraimports.com, with subject ‘RECALL’, along with their name and the date, to receive a shipping label to return the garment. Upon receipt, affected consumers will be issued a refund.",Sold At,Gabe’s stores from October 2025 through November 2025 for about $15.,"Allura Imports Inc., of New York, New York",,,Egypt,,
26-478,,7-May-26,,EVLWZL and Gunugu Mattresses Recalled Due to Risk of Serious Injury or Death from Fire Hazard; Violates Mandatory Standard for Mattress Flammability,EVLWZL and Gunugu Mattresses,"This recall involves EVLWZL and Gunugu Mattresses. The mattresses are 10 and 12 inches thick and were sold in twin, full, queen and king size. They have a black top and sides. They were sold compressed in a box. The fiber content, size and “WG/P Foundation” are on a white label sewn onto the mattress cover. EVLWZL is on a black sewn on label on the front side.","The mattresses violate the mandatory flammability standard for https://cpsc.gov/Business--Manufacturing/Business-Education/Business-Gu… lang=""EN-US"">mattresses, posing a risk of serious injury or death from fire.",,,Repair,About 670,None reported,"Consumers should stop using the recalled mattress immediately and contact EVLWZL for repair. Consumers will receive a free fitted cover to put over their mattress, which will bring the mattress into compliance with mandatory flammability standards.",,,,,,China,Retailer:,"Foshan Kangzhibao Furniture Co., Ltd. (doing business as EVLWZL) of China and&nbsp;Foshan Simengduo Home Furnishings Co., Ltd (doing business as Gunugu) of China"
26-475,,7-May-26,,Analemma Water Bottles Recalled Due to Risk of Serious Injury or Death from Laceration and Ingestion Hazards; Imported by New Earth Technologies d.o.o.,Analemma Water Bottles,"This recall involves all Analemma-branded water bottles. The stainless-steel water bottles were sold in black or white and have a glass inner liner and a screw-on top. The Analemma logo, “24 oz” and “Analemma The Architect of Life” are printed on the front of the water bottles.","The recalled water bottle’s inner glass liner can break, posing a risk of serious injury or death from laceration and ingestion hazards.",,,"Refund, Repair",About 800,"New Earth Technologies d.o.o. has received 20 reports of the glass inner liner breaking, including one that resulted in an oral injury.","Consumers should immediately stop using the recalled water bottles and contact New Earth Technologies d.o.o. for a full refund or a free repair, including shipping. The repair consists of a stainless-steel mesh insert and instructions on how to insert it into the water bottle.",Sold Online At,Analemma-water.com from November 2025 through February 2026 for about $250.,"New Earth Technologies d.o.o., dba Analemma, of Zagreb, Croatia",,,Netherlands,,
26-472,,7-May-26,,Rainbow Wall Toys Recalled Due to Risk of Serious Injury or Death from Choking Hazard; Violate Mandatory Standard for Children’s Toys; Sold on Amazon by Justforjoyful,Justforjoyful Rainbow Wall Toys,"This recall involves Justforjoyful Rainbow Wall Toys, model JJ1602. The toy is composed of various colorful wooden pieces, intended to be put together and mounted on a wall. Components of the toy include interlocking gears, a washboard and xylophone with a pick and mallet on cords, a rotating maze, two wooden puzzles, a sun, a clock with hands and a rotating hourglass with sand, and a wooden tortoise and hare on a track.","The recalled toys violate the https://cpsc.gov/Business--Manufacturing/Business-Education/Toy-Safety""… lang=""EN-US"">mandatory safety standard for children’s toys because the drumstick that is attached to the xylophone component has a spherical end that can pose a choking hazard.",,,Refund,About 160,None reported,"Consumers should stop using the recalled toys immediately, take them away from children and contact Justforjoyful for a full refund. Consumers will be asked to write “RECALLED” on the back of the individual wooden components, submit a photo of the marked pieces to Justforjoyful@outlook.com, then dispose of the toy.",Sold Online At,Amazon.com from December 2025 through March 2026 for about $90.,,,,China,Retailer:,"Shenzhen Jijia Trading Co., Ltd., dba Justforjoyful, of China"
26-470,,7-May-26,,Multi-Purpose Helmets Recalled Due to Risk of Serious Injury or Death from Head Injury; Violates Mandatory Standard for Bicycle Helmets; Sold on Temu by Foubeaka and Geniuss,Multi-Purpose Helmets,"This recall involves Foubeaka and Geniuss multi-purpose helmets. The recalled helmets were sold in white and black and in size small (S), fitting a head circumference of about 18.9 to 20.5 inches. The helmets have black padding, straps, a buckle and a knob at the back for adjusting the helmet’s fitting. The size is printed on a label inside of the helmet.","The recalled helmets violate the mandatory safety standard for https://www.cpsc.gov/Business--Manufacturing/Business-Education/Busines… lang=""EN-US"">bicycle helmets because the helmets do not comply with the positional stability and certification requirements. The helmets can fail to protect the user in the event of a crash, posing a serious risk of injury or death due to head injury.",,,Refund,About 740,None reported,Consumers should stop using the recalled helmets immediately and contact Foubeaka or Geniuss for a full refund. Consumers will be asked to destroy the recalled helmet by cutting the straps and then send a photo of the destroyed helmet to the corresponding firm.,Sold Online At,Temu.com from August 2024 through February 2026 for between $9 and $11.,,,,China,Retailer:,"Shenzhenshilingkexunkeji Co., Ltd. (Shenzhen Lingkexun Technology Co., Ltd.), dba Foubeaka and Geniuss, of China"
26-469,,7-May-26,,Natural Pigments Recalls Rublev Colours Gum Turpentine and Mineral Spirits Bottles Due to Risk of Serious Injury or Death from Child Poisoning; Violates Mandatory Standard for Child-Resistant Packaging,Rublev Colours Gum Turpentine and Mineral Spirits Bottles,"This recall involves the bottles of Rublev Colours Gum Turpentine and Mineral Spirits. The bottles are made of amber glass and have a beige, orange, and white label. The labels have “Rublev Colours” in white lettering and the two bottles have “Gum Turpentine”, “Distilled Spirits of Gum Turpentine” or “Mineral Spirits”, “Stoddard Solvent” printed on the bottles.&nbsp; Both bottles have warnings&nbsp; and directions for use on the white areas of the labels.","The gum turpentine and mineral spirits contain turpentine and low-viscosity hydrocarbons, respectively, which must be in child-resistant packaging, as required by the https://www.cpsc.gov/Business--Manufacturing/Business-Education/Busines… lang=""EN-US"">Poison Prevention Packaging Act. The bottles are not child-resistant, posing a risk of serious injury or death from poisoning if the contents are swallowed by young children.",,,"Refund, Replace",About 860,None reported,"Consumers should secure the recalled bottles out of sight and reach of children immediately and contact Natural Pigments to receive a replacement product with child-resistant packaging or a refund. Consumers will be asked to submit a photo of the recalled product, provide contact information and confirm disposal of the contents before receiving a replacement product with child-resistant packaging or a refund.",Sold At,"Blick Art Materials, Art Supply Warehouse and Soho Art Materials stores nationwide and online at NaturalPigments.com and DickBlick.com from about August 2022 through March 2026 for between $11 and $16.",,"Natural Pigments LLC, of Willits, California",,United States,,
26-468,,7-May-26,,Svnntaa Bed Rails Recalled Due to Risk of Serious Injury or Death from Entrapment and Asphyxiation Hazards; Violates Mandatory Standard for Adult Portable Bed Rails; Sold on Amazon by Eokeanon,Svnntaa Bed Rails,This recall involves Svnntaa-branded adult portable bed rails. The recalled bed rails have white metal tubing with black foam handle grips and a fabric pouch. They measure about 21.2 inches tall by 11.8 inches wide and 20.5 inches long. The brand name is printed on the product's purchase order or receipt.,"The recalled bed rails violate the mandatory standard for https://www.cpsc.gov/Business--Manufacturing/Business-Education/Busines… lang=""EN-US"">adult portable bed rails because users can become entrapped within the bed rail or between the bed rail and the side of the mattress, posing a serious entrapment hazard and risk of death by asphyxiation. The bed rails do not meet structural stability or retention strap requirements, posing a fall hazard. Furthermore, the bed rails’ push pins and push pin holes are incorrectly sized, posing a laceration hazard.",,,Refund,"About 4,200",None reported,"Consumers should stop using the recalled bed rails immediately and contact Eokeanon for a full refund. Consumers will be asked to dismantle and destroy the bed rail by cutting the black fabric mesh bag off the rail and the black safety strap in half, write “Recalled” in permanent marker on the main frame and send a photo of the destroyed bed rails to Kaiwendi316@outlook.com. Consumers should then dispose of the recalled product in accordance with state and local waste disposal procedures.",Sold Online At,Amazon.com from August 2023 through January 2026 for about $32.,,,,China,Seller:,"shenzhenkaiwendishangmaoyouxiangongsi (Shenzhen Kaiwendi Trading Co., Ltd.), dba Eokeanon, of China"
26-467,,7-May-26,,Favoto Bicycle Helmets Recalled Due to Risk of Serious Head Injury; Violate Mandatory Standard for Bicycle Helmets; Sold on Amazon by Favoto,Favoto Bike Helmets,"This recall involves Favoto Model H-1 bike helmets.&nbsp; The helmet body is black with red stripes, black padding, black straps with a silver reflective pattern in the center and a black and red buckle with a black chin strap. The recalled helmets were sold in youth size large (L). The helmets have a black plastic knob at the back of the helmet for adjusting the fitting. “FAVOTO” can be found in white letters on the side of the helmet.","The recalled helmets violate the mandatory safety standard for https://www.cpsc.gov/Business--Manufacturing/Business-Education/Busines… lang=""EN-US"">bicycle helmets because they do not comply with the positional stability, labeling and certification requirements. The helmets can fail to protect the user in the event of a crash, posing a serious risk of injury or death due to head injury.",,,Refund,"About 2,200",None reported,Consumers should stop using the helmets immediately and contact Favoto for a full refund. Consumers will be asked to destroy the recalled helmet by cutting the straps and write “Recalled” and email a photo of the destroyed helmet to safety@favoto.com.,Sold Online At,Amazon.com from April 2022 through January 2026 for between $20 and $27.,"Shenzhen Favoto Co., Ltd., doing business as Favoto, of China",,,China,,
26-466,,7-May-26,,ZMC Group Recalls Multiple Light Up Toys Due to Risk of Serious Injury or Death from Battery Ingestion; Violate Mandatory Standard for Toys,Various Battery-operated Light Up Toys,"This recall involves various ZMC Group battery-operated toys, including:&nbsp;Product NameItem #19.4"" Assorted Colors Light Up Stick&nbsp;885S-01/02&nbsp;Light Up Halloween Wands&nbsp;777-HW&nbsp;Light Up Halo Flower Headband&nbsp;G06-2L&nbsp;Light Up Devil Horns Headband&nbsp;G03-C&nbsp;Light Up Polka Dot Bow Headband&nbsp;G01-1&nbsp;LED Light Up Flying Disc&nbsp;UFO&nbsp;Lite-Up Maraca&nbsp;668-23&nbsp;Light Up Yo-Yo&nbsp;9987B&nbsp;Cardpack Flashing Whistle Necklace&nbsp;ZS166&nbsp;Packaging for the products has a label with the item number, identification of the distributor, place of manufacture, production date and batch number. The recall includes all batch numbers for the referenced products.&nbsp;","The recalled toys violate the https://cpsc.gov/Business--Manufacturing/Business-Education/Toy-Safety""… lang=""EN-US"">mandatory safety standard for children’s toys because the toy contains button cell batteries that can be easily accessed by children. If button cell or coin batteries are swallowed, the ingested batteries can cause serious injuries, including internal chemical burns, and death.",,,Refund,"About 124,560",None reported,"Consumers should stop using the toys immediately, take them away from children and contact ZMC Group for a full refund. Consumers will be asked to remove the batteries, break each component in half or write “RECALLED” or a large “X” on the product with a permanent marker, and submit a photo of the destroyed/marked pieces to recallzmctoy@gmail.com.&nbsp;&nbsp;&nbsp;Note: Button cell batteries are hazardous. Batteries should be disposed of or recycled by following local hazardous waste procedures.",Sold At,Various discount stores nationwide from May 2023 through April 2026 for about $1.,"ZMC Group, Inc., of Los Angeles, California",,,China,,
26-465,,7-May-26,,EEMB USA Recalls Battery Pouches Due to Risk of Serious Injury or Death from Battery Ingestion; Violate Federal Statute for Child-Resistant Packaging of Coin Batteries,EEMB Lithium Battery Packs,"This recall involves EEMB lithium batteries in individual pouches, models include: CR2025, CR2032, CR2450, CR2477, CR2016, CR1220, CR1225, CR1616, CR1620, CR1632 and CR2025-10. The lithium coin batteries come in a five, ten or twenty size pack. “EEMB” and the battery type is printed on the face of the coin battery. The white pouch has “EEMB” printed in the upper left corner.","The lithium coin batteries are in pouches that are not child-resistant as required under https://www.cpsc.gov/Newsroom/News-Releases/2023/Making-Families-Safer-… lang=""EN-US"">Reese’s Law. If a child swallows button cell or coin batteries, the ingested batteries can cause serious injuries, including internal chemical burns and death.",,,Refund,"About 312,100",None reported,"Consumers should stop using the lithium batteries immediately, place them in an area that children cannot access and contact EEMB USA to receive a full refund.&nbsp;&nbsp;Note: Button cell and coin batteries are hazardous. Batteries should be disposed of or recycled by following local hazardous waste procedures.&nbsp;&nbsp;",Sold Online At,Amazon.com from August 2023 through April 2026 for between $3 and $9.,,,,China,Retailer:,"EEMB USA, doing business as A2batt, Inc., of Redlands, California"
26-458,,30-Apr-26,,American Honda Motor Recalls Off-Road Motorcycles Due to Risk of Serious Injury or Death Due to Crash Hazard,Model Year 2025-2026 CRF250R/RX/RWE and CRF450R/RX/RWE Off-Road Motorcycles,This recall involves model year 2025-2026 Honda off-road motorcycles with model numbers CRF250R/RX/RWE or CRF450R/RX/RWE. The model number can be found on the front of the bike in white letters. The white Honda logo is printed on both sides of the back of the motorcycle. The motorcycles have a red chassis. The vehicle identification number (VIN) can be found on the left side of the steering head on all models. Consumers can check if their VIN is included in the recall at https://powersports.honda.com/recalls.&nbsp;,"The handlebar’s clamp can unexpectedly cause the handlebar to rotate, posing a risk of serious injury or death due to a crash hazard.",,,Repair,"About 12,600 (In addition, about six were sold in Canada) ",The firm has received one report of a crash. No injuries have been reported.  ,"Consumers should stop using the recalled off-road motorcycles immediately and contact an authorized Honda Powersports dealer to schedule an appointment for a free inspection and if necessary, a replacement of the handlebar’s clamp at the dealer’s location.&nbsp;",Sold At,"Authorized Honda Powersports dealers nationwide from June 2024 through March 2026 for between $8,900 and $13,200.","American Honda Motor Co. Inc, of Torrance, California",,,Japan,,
26-457,,30-Apr-26,,Build-A-Bear Workshop Recalls Heartwarming Hugs Bears Due to Risk of Serious Injury or Death from Choking Hazard to Children,Build-A-Bear Workshop Heartwarming Hugs Bears,"This recall involves the Heartwarming Hugs weighted plush bear with model number 034464. It has a side pouch containing a heart filled with 2.5 pounds of ceramic beads, which can be heated or cooled for comfort. The pouch is secured with a zipper. The product is graded 3 years+ and carries a cautionary statement advising adult supervision due to the heated/cooled element. The model number is located on the label sewn into the back side of one bear leg.&nbsp;&nbsp;","The zipper slider on the side pouch can detach, posing a risk of serious injury or death from choking hazard to children.",,,"Refund, Replace","About 36,000 (In addition 520 were sold in Canada) ","There has been one consumer report in the United Kingdom of the zipper slider detaching while in use, and no reports in the United States. No injuries have been reported.","Consumers should immediately stop using the recalled Heartwarming Hugs Bear and return it to a local Build-A-Bear Workshop store to receive a refund in the form of original payment or a gift card for the original purchase price redeemable toward any available Make-Your-Own furry friend and any other available merchandise.&nbsp;&nbsp;If a consumer is unable to return their Heartwarming Hugs Bear to a local store, they can visit www.buildabear.com/recalls for more information or call Build-A-Bear to receive a free return shipping label to return the recalled bear and to receive a refund check in the form of original payment or in the form of a digital gift card to use on the firm’s website.&nbsp;",Sold At,Build-A-Bear Workshop stores and online at www.buildabear.com from January 2026 through March 2026 for about $48.,"Build-A-Bear Workshop, Inc., of St Louis, Missouri ",,,China,,
26-456,,30-Apr-26,,CBC Group Recalls Stephan Baby Boo Bunnie and Friends Children’s Toys Due to Risk of Serious Injury from Choking and Laceration Hazards,Stephan Baby Boo Bunnie and Friends Children’s Toys,"This recall involves all Stephan Baby-branded Boo Bunnie and Friends children’s toys. The recalled toys consist of a small plush animal with a removable, water-filled plastic cube that can be chilled for comfort. The toys measure between 3.5 and 3.7 inches long, between 2.5 and 3 inches tall and between 2.3 and 2.5 inches wide and were sold in various colors and animal shapes. “Stephan BABY” is printed on a sewn-in label located along the side seam on the right underside of the plush and on the front and on the underside of the toys’ box packaging.&nbsp; &nbsp;&nbsp;&nbsp;&nbsp;","The toys’ plastic cube can break into small parts or sharp edges, posing a risk of serious injury from choking and laceration hazards.&nbsp;",,,Refund,"About 227,500 (In addition, about 1,400 were sold in Canada)","CPSC has received 20 reports of the toys’ cube cracking or breaking into small parts, including one that resulted in a child swallowing sharp pieces.  ",Consumers should immediately stop using the recalled toys’ plastic cube and take it away from children. Consumers should contact Stephan Baby for a refund or store credit. Consumers with proof of purchase will receive a full refund. Consumers without proof of purchase will receive a $10 refund in the form of a check or a $20 stephanbaby.com store credit. Consumers will be asked to write in permanent marker “Recalled” on the indented area of the cube and upload a photo of the toy and the marked cube to https://recall.stephanbaby.com/ to receive a pre-paid shipping return label for the cube.&nbsp;,Sold At,"Independent stores nationwide and online at Stephanbaby.com, Amazon.com, Walmart.com, Target.com and other websites from August 2017 through January 2026 for between $9 and $2",,,"CBC Group, Inc., of Phoenix, Arizona ",China,,
26-455,,30-Apr-26,,Bayer Recalls 6 mL Size Afrin Original Nasal Spray Bottles Due to Risk of Serious Injury or Illness from Child Poisoning; Violates Mandatory Standard for Child-Resistant Packaging,Travel Size Afrin® Original Nasal Spray 6 mL Bottles,"This recall involves unexpired Travel Size Afrin® Original Nasal Spray 6 mL bottles, with Lot numbers 230361, 240822, 241198, 250066, 250152, 250646, and 250831. These travel size bottles have “Afrin® Original Nasal Spray” and “1/5 FL OZ (6 mL)” printed on a label located on the front of the bottle. It is a six-digit number, followed by the expiration date in following format: “YYYYMMM”.&nbsp; No other sizes of Afrin are included in this recall.","The 6 mL nasal sprays contain an imidazoline, which must be in child-resistant packaging or meet the labeling requirements for non-complying packaging, as required by the https://www.cpsc.gov/Business--Manufacturing/Business-Education/Busines… lang=""EN-US"">Poison Prevention Packaging Act. The 6 mL nasal spray’s packaging is not child-resistant nor bears the required labeling statement, posing a risk of serious injury or illness from poisoning, if the contents are swallowed by young children.&nbsp;",,,Refund,"About 786,100",None reported,Consumers should immediately secure the recalled bottles out of sight and reach of children and go to the webform posted on www.livewell.bayer.com/afrin-original-spray-recall to begin a request for a refund. Consumers will be asked to take and submit a photo of the product before disposing of it in order to receive a refund.&nbsp;,Sold At,Retailers such as convenience stores and travel hubs including airports from September 2024 to April 2026 for about $7 to $9.,,"Bayer HealthCare LLC, of Whippany, New Jersey&nbsp;",,Germany,,
26-454,,30-Apr-26,,Qumeney Bicycle Light Sets Recalled Due to Risk of Serious Injury or Death from Battery Ingestion; Violates Mandatory Standard for Consumer Products with Button Cell Batteries; Sold on Amazon by Smfanlus,Qumeney Bicycle Light Sets,"This recall involves Qumeney Bicycle Light Sets, models: BL-01 and BL-02. The bicycle lights are encased in silicone material and available in six colors including: black, white, red, green, yellow and blue. They are sold in packs of six (one of each color) and 24 (four of each color), each light contains two button cell batteries. The bicycle lights have ""QUMENEY"" printed on the labels located at the top of the package.&nbsp;","The recalled bicycle lights violate the mandatory standard for consumer products with button cell and coin batteries because they contain button cell batteries that can be accessed easily by children, posing an ingestion hazard. Additionally, the bicycle lights do not have the warnings required under https://www.cpsc.gov/Newsroom/News-Releases/2023/Making-Families-Safer-… lang=""EN-US"">Reese’s Law. When button cell or coin batteries are swallowed, the ingested batteries can cause serious injuries, internal chemical burns, and death.",,,Refund,"About 2,800",None reported,Consumers should stop using the recalled bicycle lights immediately and contact Smfanlus for a full refund. Consumers will be asked to remove and properly dispose of the batteries and send a photo of the destroyed pieces of the light components to qumeneybicyclelightsrecall@outlook.com to receive a full refund.&nbsp;Note: Button cell batteries are hazardous. Batteries should be disposed of or recycled by following local hazardous waste procedures.,Sold Online At,Amazon.com from March 2024 through February 2026 for between $7 and $10 (6-pack) and between $15 and $18 (24-pack).,,,,China,Retailer:,"Xiamen Fanlu Technology Co., Ltd., doing business as Smfanlus, of China"
26-453,,30-Apr-26,,Acer America Corporation Recalls Two-Wheeled Folding Electric Scooters Due to Risk of Injury from Fall Hazard,Acer AES015 Two-Wheeled Folding Electric Scooters,"This recall involves the Acer AES015 two-wheeled folding electric scooters. The scooters are designed to allow the user to fold the front tube down to the platform for compact transport and storage. They were sold in black with a green and white decal on the front tube and the sides of the platform, and the wheels have a green circle around the rim. The model number AES015 is located on the label on the front tube.&nbsp;","A loose screw can cause the front tube to fold down unexpectedly, posing a risk of injury from a fall hazard.",,,Repair,"About 510 (In addition, about 311 were sold in Canada and about 150 were sold in Mexico)",None reported in the United States (and one report of the tube folding down resulting in a fall and minor abrasions internationally).,Consumers should stop using the recalled folding electric scooter immediately and contact Acer at https://www.acer.com/us-en/support/alerts-recalls for instructions on how to tighten the screw. Free repair tools will be available to consumers upon request.,Sold At,"Online at Acer.com, Amazon.com and in stores at BrandMart from between June 2023 and February 2026 for between $245 and $700.","Acer America Corporation, of Irvine, California",,,China,,
26-452,,30-Apr-26,,Pressure Washers Recalled Due to Serious Risk of Injury or Death from Shock and Electrocution Hazards; Imported by DGIVOVO US,DGIVOVO US Electric Pressure Washers,"This recall involves DGIVOVO US-branded pressure washers. The recalled, electric pressure washers are red, green or blue with black, and measure about seven inches high, nine inches wide and eight inches deep. They came with a 500 ml spray can attachment, foam cannon, four connect nozzles, a 20-foot hose and two rollers. “Model: C4012PLUS-1500C” is printed on a label located on the back of the pressure washers.","The recalled pressure washers lack an integral ground-fault circuit-interrupter (GFCI), posing a serious risk of injury or death from shock and electrocution hazards.",,,Replace,50,None reported,"Consumers should immediately stop using the recalled pressure washers and contact DGIVOVO US for a free replacement pressure washer of at least equal value to the recalled pressure washer, including shipping. Consumers will be asked to destroy the pressure washer by unplugging it and cutting the power cord in half and send a photo of the destroyed power washer to dgivovo@163.com. Consumers should then dispose of the destroyed recalled product.",Sold Online At,Amazon.com from October 2025 through January 2026 for about $90.,,,,China,Retailer:,"Ningbopingyao E-Commerce Ltd., dba DGIVOVO US, of China"
26-451,,30-Apr-26,,Earthtec Pool Drain Covers Recalled Due to Risk of Serious Injury or Death from Entrapment and Drowning Hazards; Violates Virginia Graeme Baker Pool & Spa Safety Act; Manufactured by Tonyidea,Earthtec 7 3/8 Inch Pool Drain Covers,This recall involves Earthtec pool drain covers that are sold for use in swimming pools. The pool drain covers are 7 3/8-inches in diameter and come with two screws. They are white and made of ABS plastic.&nbsp;,"The recalled drain covers violate the entrapment protection standards of the https://www.cpsc.gov/Business--Manufacturing/Business-Education/FAQ?p=3… lang=""EN-US"">Virginia Graeme Baker Pool and Spa Safety Act (VGBA), posing entrapment and drowning hazards to swimmers and bathers.",,,Refund,About 211,None reported,"Pool owners, pool operators and consumers should stop using pools with the recalled pool drain covers immediately. To receive a refund, consumers should remove the drain cover from the pool, and destroy it, take a photo of the removed cover, and send it to Tonyidea by email at earthtecrecall@outlook.com. Ensure all pools and spas have VGBA-compliant drain covers and teach children to stay away from drains.",Sold Online At,Amazon.com from October 2025 through April 2026 for about $15.,,"Shenzhen Qiangonghui Technology Co., Ltd., dba Tonyidea",,China,,
26-450,,30-Apr-26,,Residential Elevators Recalls Elevator StrikeLock Hoistway Door Locking Device Due to Risk of Serious Injury or Death from Fall and Injury Hazards,Residential Elevators StrikeLock Hoistway Door Locking Device,"This recall involves the StrikeLock hoistway door locking device, used to secure a residential elevator hoistway landing door. The product is silver in color. The door locking device is installed into the landing door jamb and looks similar to a standard door latch plate.","The elevator’s StrikeLock hoistway door locking device can allow the elevator cab to move with a landing door open, posing a risk of serious injury or death due to fall and injury hazards.",,,Repair,About 450,None reported,Consumers should immediately stop using the residential elevator systems where StrikeLock hoistway door locking devices are installed and contact Residential Elevators or the local elevator dealer that installed their residential elevator system to schedule a free repair of their StrikeLock hoistway door locking devices. Consumers should contact Residential Elevators or the local elevator dealer that installed their residential elevator system if they are uncertain whether their residential elevator has a StrikeLock hoistway door locking device installed.,Sold At,"Residential Elevators and authorized elevator dealers nationwide from April 2024 through March 2026 for about $1,000.",,,"Residential Elevators, Inc., of Crawfordville, Florida",United States,,
26-449,,30-Apr-26,,Adult Portable Bed Rails Recalled Due to Risk of Serious Injury or Death from Entrapment and Asphyxiation; Violate Mandatory Standard for Adult Portable Bed Rails; Imported by Hepo Care Medical Equipment Online,Hepo Adult Portable Bed Rails,"This recall involves Hepo-branded adult portable bed rails, model 110039. The recalled bed rails have white tubing with black foam rubber handle grips, a black fabric pouch, and measures about 16 inches wide by 25 inches high. The model number is located on the original product packaging.","The recalled bed rails violate the mandatory standard for https://gcc02.safelinks.protection.outlook.com/?url=https%3A%2F%2Fwww.c… lang=""EN-US"">adult portable bed rails because users can become entrapped within the bed rail or between the bed rail and the side of the mattress, posing a serious entrapment hazard and risk of death by asphyxiation. The bed rails also do not meet structural stability or retention strap requirements, posing a fall hazard. The bed rails’ push pins and push pin holes are incorrectly sized, posing a laceration hazard. In addition, the bed rails do not bear the required hazard warning labels.",,,Refund,"About 2,200",None Reported,"Consumers should stop using the recalled adult portable bed rails immediately and contact Hepo Care Medical Equipment Online for a full refund. Consumers will be asked to destroy the bed rails by dismantling the bed rails, cutting off the storage bag and writing “RECALLED” on the upper and lower rails with permanent marker, take a photo of the destroyed rails and upload the photo to www.hepolife.com/bed-rail-safety-recall or email the photo to manager@lqxmedical.com.",Sold Online At,Amazon.com from June 2025 through January 2026 for between $35 and $40.,"Lingqingxiangjiankangkejigufenyouxiangongsi (Lingqingxiang Health Technology Co., Ltd.) dba Hepo Care Medical Equipment Online Ltd., of China","Mobility Source Medical Technology Co., Ltd. of China",,China,,
26-448,26-318,30-Apr-26,5-Mar-26,5-Drawer Dressers Recalled Due to Risk of Serious Injury or Death from Tip-Over and Entrapment Hazards; Violates Mandatory Standard for Clothing Storage Units; Imported by UHOMEPRO,UHOMEPRO 5-Drawer Dressers,"This recall involves UHOMEPRO 5-Drawer Dressers. The recalled dressers are made of particle board and were sold in black and white. The dresser has five drawers, each with a golden handle. The dresser is 26 inches long by 15.7 inches wide by 38.6 inches tall and weighs about 66 pounds.","The recalled dressers are unstable if they are not anchored to the wall, posing tip-over and entrapment hazards that can result in risks of serious injuries or death to children. The dressers violate the mandatory safety standard as required by the https://www.cpsc.gov/Business--Manufacturing/Business-Education/Busines… lang=""EN-US"">STURDY Act.",,"WASHINGTON, D.C. – The U.S. Consumer Product Safety Commission (CPSC) is warning consumers to stop using UHOMEPRO 5-Drawer Dressers immediately because they are unstable if they are not anchored to the wall,&nbsp;posing tip-over and entrapment hazards that can result in serious injuries or death to children. The dressers violate the mandatory standard as required by the&nbsp;STURDY Act.CPSC estimates that furniture tip over incidents cause an average of 10 deaths and 5,300 injuries annually.CPSC issued a Notice of Violation to the seller,&nbsp;Uhomepro Inc., of Denver, Colorado.&nbsp;Uhomepro has not agreed to recall these dressers or offer a remedy to consumers.&nbsp;The UHOMEPRO dressers were sold online at Walmart.com for about $100 and may have been sold on other websites.The dressers measure 15.7 inches by 26 inches by 38.6 inches and weigh about 66 pounds. The dressers are not labeled and come in the colors white, black, and brown with five drawers.&nbsp;These products were manufactured in China.&nbsp;CPSC urges consumers to stop using the UHOMEPRO 5-Drawer Dresser immediately and dispose of it in accordance with local disposal requirements or anchor it securely to the wall. Do not sell or give away these hazardous clothing storage units.Report any incidents involving injury or product defect to CPSC at&nbsp;www.SaferProducts.gov.For more information on anchoring furniture go to www.anchorit.gov.",Refund,"About 5,190",None reported,"Consumers should immediately stop using the recalled dressers if they are not anchored to the wall and place them in an area that children cannot access. Contact UHOMEPRO for instructions on how to identify affected units and dispose of the dressers to receive a full refund. Consumers will be asked to write the word ""recalled"" on the top and all sides of the dresser with a permanent marker and to submit a photo to uhomeprorecall@outlook.com demonstrating disposal of the product.",Sold Online At,Walmart.com from November 2025 through January 2026 for about $100.,"UHOMEPRO Inc., of China",,,China,,
26-447,,30-Apr-26,,Malker Bicycle Light Sets Recalled Due to Risk of Serious Injury or Death from Battery Ingestion Hazard; Violates Mandatory Standard for Consumer Products with Button Cell Batteries; Sold on Amazon by MalkerDirect,Malker Bicycle Light Sets,"This recall involves Malker Bicycle Light Sets. The bicycle lights were sold in 4- or 8-pack sizes.&nbsp; The products made with red silicone emit red light, products with black silicone emit white light, and products with white silicone emit white light. Each light contains two preinstalled CR2032 button cell batteries. The bicycle lights have “Malker Bicycle Light” printed on labels located on the front packaging.Recalled Bicycle Light Sets:&nbsp;PackDescriptionPrice8 Piece&nbsp;4 pcs red &amp; 4 pcs black&nbsp;$9.99&nbsp;4 Piece&nbsp;2 pcs red &amp; 2 pcs black&nbsp;$6.99&nbsp;4 Piece&nbsp;2 pcs red &amp; 2 pcs white&nbsp;$6.99&nbsp;4 Piece&nbsp;4 pcs black&nbsp;$6.99&nbsp;","The recalled bicycle lights violate the mandatory standard for consumer products with button cell and coin batteries because they contain button cell batteries that can be accessed easily by children, posing an ingestion hazard. Additionally, the bicycle lights do not have the warnings required under https://www.cpsc.gov/Newsroom/News-Releases/2023/Making-Families-Safer-… lang=""EN-US"">Reese’s Law. When button cell or coin batteries are swallowed, the ingested batteries can cause serious injuries, internal chemical burns and death.",,,Refund,"About 7,000",None reported,Consumers should stop using the recalled bicycle lights immediately and contact MalkerDirect for a full refund. Consumers should throw the bicycle lights away and send a photo of the product in the trash to USMalkerCustomerservice@outlook.com.&nbsp;&nbsp;Note: Button cell batteries are hazardous. Batteries should be disposed of or recycled by following local hazardous waste procedures.,Sold Online At,Amazon.com from October 2025 through November 2025 for between $7 and $10.,,,,China,Seller:,"Shenzhen Maikeer Industrial Co., Ltd., doing business as MalkerDirect, of China"
26-446,,30-Apr-26,,Segmart 4-Drawer Dressers Recalled Due to Risk of Serious Injury or Death from Tip-Over and Entrapment; Violate Mandatory Standard for Clothing Storage Units; Sold on Walmart.com by SOFT,Segmart 4-Drawer Dressers,"This recall involves Segmart 4-Drawer Dressers. The recalled dressers are made of particle board and were sold in black and white. The dressers have four drawers, are 15.7 inches long by 26 inches wide by 28.5 inches tall and weigh 70 pounds. Model numbers “FFLWM002BK” or “FFLWM002WE” are printed on labels located the product packaging.","The recalled dressers are unstable if they are not anchored to the wall, posing tip-over and entrapment hazards that can result in risks of serious injuries or death to children. The dressers violate the mandatory safety standard as required by the https://www.cpsc.gov/Business--Manufacturing/Business-Education/Busines… lang=""EN-US"">STURDY Act.",,,Refund,"About 16,440",None reported,Consumers should immediately stop using the recalled dressers if they are not anchored to the wall and place them in an area that children cannot access. Contact SOFT for instructions on how to identify affected units and dispose of the dressers to receive a full refund. Consumers will be asked to submit a photo to segmartdresserecall@outlook.com demonstrating disposal of the product.&nbsp;,Sold Online At,Walmart from January 2025 through March 2026 for about $80.,,,,China and UAE,Retailer:,"SOFT INC., of Denver, Colorado"
26-445,,30-Apr-26,,"Alliance Chemical Recalls 1-K Kerosene Heater Fluid Containers Due to Risk of Serious Injury or Death from Flash Fire, Burn and Child Poisoning; Violates Mandatory Standards for Portable Fuel Containers",1-K Kerosene Heater Fluid Portable Fuel Containers,This recall involves the bottles of 1-K Kerosene Heater Fuel. The bottles come in transparent plastic containers with white caps and have a multicolor label with “KEROSENE” in all capital white lettering and “1-K HEATER FUEL” in similar lettering. The label only has a single front panel and contains warnings and distributor information.,"The pre-filled fuel containers violate the mandatory safety standards for portable fuel containers because they lack flame mitigation devices required under the https://www.cpsc.gov/Business--Manufacturing/Business-Education/Busines… lang=""EN-US"">Portable Fuel Container Safety Act, posing a deadly risk of flash fire. In addition, the Children’s Gasoline Burn Prevention Act requires all closures on portable kerosene fuel containers to be child-resistant. The container is not child-resistant, posing a risk of burn and poisoning to children.",,,Refund,"About 30,155 (32 sold in Canada)",None reported,"Consumers should stop using the recalled fuel containers immediately, place them out of reach of children and contact Alliance Chemical for a full refund. Consumers will be asked to provide a dated photo of the product and dispose of the fuel following local hazardous waste procedures.&nbsp;Note: Kerosene fuel is hazardous. Fuel containers should be disposed of or recycled by following local hazardous waste procedures.&nbsp;",Sold Online At,Amazon.com and AllianceChemical.com from January 2023 through March 2026 for between $18 and $102 depending on the size.,,"Alliance Chemical, of Taylor, Texas",,United States,,
26-444,,30-Apr-26,,Thermos Recalls 8.2 Million Stainless King Food Jars and Bottles Due to Serious Impact Injury and Laceration Hazards,Thermos Stainless King 3000 and 3020 Food Jars and Thermos Sportsman 3010 Food & Beverage Bottles,"This recall involves Thermos Stainless King Food Jars with model numbers SK3000 and SK3020, manufactured before July 2023 and all Thermos Sportsman Food &amp; Beverage Bottles with model number SK3010. The stopper of the recalled Food Jars and Food &amp; Beverage Bottles does not have a pressure relief in the center. The containers were sold in a variety of colors in sizes of 16-oz, model number SK3000, 24-oz, model number SK3020, and 40-oz, model number SK3010. The Thermos trademark is located on the side of the product. The model numbers are printed on the bottom of the recalled containers.","If perishable food or beverages are stored in the container for an extended period of time, the stopper can forcefully eject when opened, which can result in serious impact injury and laceration hazards to the consumer.",,,Replace,About 5.8 million Stainless King Food Jars and about 2.3 million Sportsman Food & Beverage Bottles,"Thermos has received 27 reports of consumers who were struck by a stopper that forcefully ejected from these containers upon opening, including complaints of impact and laceration injuries requiring medical attention. Three consumers suffered permanent vision loss after being struck in the eye.","Consumers should stop using the recalled Food Jars and Bottles immediately and contact Thermos to receive a free replacement pressure relief stopper or replacement Bottle, depending on the model. For recalled 3000 and 3020 Food Jars, consumers will be asked to throw away the stopper and send a photo of the disposed stopper to Thermos. For recalled 3010 Bottles, consumers will be asked to return their recalled Bottle to Thermos using a prepaid shipping label.",Sold At,"Target, Walmart and other stores nationwide and online at Amazon.com, Walmart.com, Target.com and Thermos.com between around March 2008 and July 2024 for about $30.","Thermos L.L.C., of Schaumburg, Illinois",,,China and Malaysia,,
26-440,,23-Apr-26,,KMUYSL Big Red Barn Farm Animal Playsets Recalled Due to Risk of Serious Injury or Death from Choking; Violates Small Parts Ban; Sold on Amazon by MISSJUNE,KMUYSL Big Red Barn Farm Animal Playsets,"This recall involves KMUYSL Big Red Barn Farm Animal Playsets. The children’s toy sets consist of one red barn, one farmer figure and nine animal figures, including a cow, donkey, duck, sheep, chicken, goose, horse, pig and rabbit. The barn measures 9.6 inches long by 4.4 inches wide by 8.8 inches high, the size of the animal figures are about 1.8 inches long by 2 inches wide. The model number “SY-MZ7S-TVMV” is printed on the label located on the back of the packaging.","The recalled children’s toys violate the https://gcc02.safelinks.protection.outlook.com/?url=https%3A%2F%2Fcpsc… lang=""EN-US"">small parts ban because the toy is intended for children under three years of age and the fence handles can detach from the toy, posing a deadly choking hazard.",,,Refund,"3,000",None reported,"Consumers should stop using the recalled toys immediately, take them away from children and contact MISSJUNE for a full refund. Consumers will be asked to remove and properly dispose of the fence handles into the trash and send a photo of the disposed product to kmuyslfarmanimalrecall@gmail.com to receive a full refund.&nbsp;",Sold Online At,Amazon.com from July 2023 through June 2025 for about $20.,,,,China,Seller:,"Shenzhen Leye E-commerce Co., Ltd., dba MISSJUNE, of China"
26-439,,23-Apr-26,,Lil Pick Up Recalls Youth All-Terrain Vehicles (ATVs) Due to Risk of Serious Injury or Death from Crash and Burn Hazards; Violates Mandatory Standard for ATVs; One Death Reported,Rex110 and Sierra110 Youth All-Terrain Vehicles (ATVs),"Washington, D.C. -- The U.S. Consumer Product Safety Commission (CPSC) and Lil Pick Up Inc., of Rowland Heights, California are announcing the recall of the Rex110 and Sierra110 youth ATVs.&nbsp;&nbsp;The youth ATVs fail to meet the maximum speed limitations for ATVs intended for children ages 6 and older, the mechanical suspension fails to comply with safety requirements, and the throttle may get stuck during use, all of which pose a crash hazard. Additionally, the ATVs’ footwell surfaces can reach high temperatures posing a risk of severe burns. These issues pose a risk of serious injury or death.&nbsp;&nbsp;&nbsp;&nbsp;CPSC has received one report of death involving the Rex110 ATV. In 2025, a 6-year-old boy died from a crash involving a Rex110 ATV while riding with a passenger.&nbsp;&nbsp;About 4,900 youth ATVs were sold in the United States.&nbsp;&nbsp;The recalled youth ATVs were sold under two model names and multiple brand names. The youth ATVs are designed and intended for use by a single operator. The model names “Rex110” or “Sierra110” are located on the VIN plate on the front frame column. If the ATV is branded, the brand names “Seangles”, “MOTOTEC”, “OFFROAD MALL” or “EXTREME” are printed on the side body of the ATV and/or the handlebar cover. The ATVs have a plate on the front frame column, stating “This ATV is subject to LIL PICK UP INC’s Action Plan approved by the U.S. Consumer Products Safety Commission.” The ATVs were sold in black, blue, silver, green, orange, pink, burgundy, spider black, spider blue, spider red, green camo, purple camo and pink camo.&nbsp;The youth ATVs were sold in-stores and online. The Rex110 ATVs were sold from January 2023 through November 2025, and the Sierra110 ATVs were sold from January 2024 through January 2026 for between $600 and $800.&nbsp;The youth ATVs were imported by Lil Pick Up Inc., of Rowland Heights, California and manufactured in Vietnam.&nbsp;The youth ATVs were sold online and in-stores at Cougar Cycle, Texas Star DBA Flying Scooter, Vitacci Motorcycles, ODES USA, BV Powersports, Tool Store Go-Kart Shop, Offroad Mall, Triple J Imports and other retailers.&nbsp;&nbsp;","The recalled youth ATVs fail to comply with the requirements of the federal mandatory ATV safety standard posing a risk of serious injury or death.&nbsp;&nbsp;The youth ATVs fail to meet the maximum speed limitations for ATVs intended for children ages 6 and older, the mechanical suspension fails to comply with safety requirements, and the throttle may get stuck during use, all of which pose a crash hazard.&nbsp;&nbsp;Additionally, the ATVs’ footwell surfaces can reach high temperatures posing a risk of severe burns.&nbsp;",,,Refund,"About 4,900","CPSC has received one report of death involving the Rex110 ATV. In 2025, a 6-year-old boy died from a crash involving a Rex110 ATV while riding with a passenger.","Consumers should stop using the recalled youth ATVs immediately and contact Lil Pick Up for a full refund. Consumers should go to www.lilpickup.us to register for the recall and receive instructions on how to return the recalled ATVs, which includes free ATV pick up and transportation.&nbsp;&nbsp;",Sold At,"The youth ATVs were sold in-stores and online at Cougar Cycle, Texas Star DBA Flying Scooter, Vitacci Motorcycles, ODES USA, BV Powersports, Tool Store Go-Kart Shop, Offroad Mall, Triple J Imports and other retailers. The Rex110 ATVs were sold from January 2023 through November 2025, and the Sierra110 ATVs were sold from January 2024 through January 2026 for between $600 and $800.&nbsp;","Lil Pick Up Inc., of Rowland Heights, California",,,Vietnam,,
26-438,,23-Apr-26,,Cpzzkq Baby Loungers Recalled Due to Risk of Serious Injury or Death from Suffocation Hazard; Violates Mandatory Standard for Infant Support Cushions; Sold on Amazon by CetoPMax,Cpzzkq Baby Loungers,"This recall involves Cpzzkq baby loungers. The baby loungers come in white, grayish blue, pink, zuma blue and brown. The recalled baby loungers are rectangular in shape and are made of a foam pad with a cloth cover. The loungers have the brand printed on a tag on the side of the lounger.&nbsp;","The recalled baby loungers violate the mandatory safety standard for https://www.cpsc.gov/Business--Manufacturing/Business-Education/Busines… lang=""EN-US"">infant support cushions because the padding can obstruct an infant’s breathing, posing a serious risk of injury or deadly suffocation hazard.",,,Refund,"About 2,100  ",None reported,"Consumers should stop using the baby loungers immediately and contact CetoPMax for a refund. Consumers will be asked to remove the foam and pad from the baby lounger’s cover and cut the cover, foam and pad in half. Consumers will then email photos of the destroyed pieces to CetoPMaxRecall@outlook.com to receive a refund.&nbsp;",Sold Online At,Amazon.com from October 2025 through November 2025 for about $50. ,,,,China,Retailer:,"Guangzhou Dida Electronic Commerce Co., Ltd. dba CetoPMax, of China&nbsp;"
26-437,,23-Apr-26,,HappyGira Recalls Sweetie Baby and Style Life Eleven Baby Loungers Due to Risk of Serious Injury or Death from Suffocation and Fall Hazards; Violates Mandatory Standard for Infant Sleep Products,Sweetie Baby and Style Life Eleven Baby Loungers,This recall involves Sweetie Baby-branded and Style Life Eleven-branded baby loungers. The recalled baby loungers are made of a foam sleeping pad and padded bumpers with a cloth cover and were sold in multiple styles and colors. The Style Life Eleven rectangular loungers zip up into a bag with the brand stitched on it. The Sweetie Baby oval loungers have the brand printed on a tag on the side of the lounger.,"The baby loungers violate the mandatory standard for https://www.cpsc.gov/Business--Manufacturing/Business-Education/Busines… lang=""EN-US"">infant sleep products because the sides are shorter than the minimum side height limit to secure the infant and they do not have a stand, posing a fall hazard. Additionally, an infant can fall out of the enclosed opening at the foot of the lounger or become entrapped. Furthermore, the sleeping pad’s thickness exceeds the maximum limit, posing a suffocation hazard. These violations create an unsafe sleeping environment for infants, posing a risk of serious injury or death.",,,Refund,About 70,None reported,"Consumers should stop using the baby loungers immediately and contact HappyGira for a full refund. Consumers will be asked to destroy the loungers by removing the sleeping pad and bumpers covers, cutting the bumpers, sleeping pad and the covers in half, and send a photo of the destroyed pieces to support@happygira.com. Consumers should then dispose of the destroyed product.",Sold Online At,HappyGira.com from September 2025 through February 2026 for between $70 and $100.,,,,China,Retailer:,"Caw Group Inc., dba HappyGira, of Beaverton, Oregon"
26-436,,23-Apr-26,,Magnetic Stick Figure Sets Recalled Due to Risk of Serious Injury or Death from Magnet Ingestion; Violate Mandatory Standard for Toys; Sold on Walmart by BlissfulDestiny,BlissfulDestiny Magnetic Stick Figure Sets,"This recall involves 10 flexible stick figures in purple, black, red, orange, pink, yellow, blue, white, dark green and light green. Each stick figure has four small magnets, one in each hand and foot. The stick figures come in clear plastic packaging.","The magnetic stick figures violate https://www.ecfr.gov/current/title-16/chapter-II/subchapter-B/part-1250… lang=""EN-US"">the mandatory standard for toys because they contain loose magnets posing an ingestion hazard to children. When high-powered magnets are swallowed, the ingested magnets can attract each other, or other metal objects and become lodged in the digestive system. This can result in perforations, twisting, and/or blockage of the intestines, blood poisoning and death.",,,Refund,About 140,None reported,Consumers should stop using the recalled magnetic stick figures immediately and take them away from children. Contact BlissfulDestiny for information on how to receive a full refund. Consumers will be asked to throw the recalled magnetic stick figures away and email a photo of the disposed product to Blissful_Destiny@outlook.com.&nbsp;,Sold Online At,Walmart.com from May 2025 to October 2025 for about $13.,"Yiwu Shijie E-Commerce Co., Ltd., dba BlissfulDestiny, of China",,,China,,
26-435,,23-Apr-26,,32 Degrees Recalls Heated Socks Due to Burn Hazard,32 Degrees Heated Socks,"This recall involves heated socks sold in three sizes (medium, large, extra large), all in the color black. “32° HEAT” appears on the battery pack casing, battery pack packaging, user manual and the exterior retail packaging for the products.","When worn during high-intensity activities that generate a combination of heat, excessive friction, moisture and pressure, the socks can pose an injury hazard including burns.",,,Refund,"About 207,806","14 heat-related incidents have been reported, with 13 involving first- or second-degree burns.",Consumers should immediately stop using the heated socks and return them to Costco for a full refund.,Sold At,Costco stores and online at Costco.com from August 2025 through March 2026 for between $30 and $46.&nbsp;,"David Peyser Sportswear d/b/a 32 Degrees, of New York, New York ",,,China,,
26-434,,23-Apr-26,,Autobrush Recalls Sonic Pro Children’s Toothbrush Boxes Due to Risk of Serious Injury or Death from Battery Ingestion; Violates Mandatory Standard for Consumer Products with Coin Batteries,Autobrush Sonic Pro Kids Toothbrush Boxes,"This recall involves Autobrush’s Sonic Pro Kids toothbrush boxes used as packaging for delivering children’s toothbrushes. The electric toothbrushes consist of a u-shaped mouthpiece and a plastic base with an animal’s face that matches the model’s name: Unity the Unicorn, Lenni the Lion, Harley the Hippo and Danny the Dino. The light-up, musical toothbrushes have a built-in timer and three brush settings and were sold with a USB cable, a magnetic plug and decoration stickers inside a cardboard delivery box. The delivery box’s white tray has a speaker with a coin cell battery on the underside. Additionally, “autobrush KIDS,” the toothbrush’s model name and an animal image that corresponds to the model are printed on the box.","The recalled delivery boxes violate the mandatory standard for consumer products containing button cell and coin batteries because they contain a lithium coin battery that can be easily accessed by children, posing an ingestion hazard. The packaging also does not bear the required warning labels for products containing such batteries as required by https://www.cpsc.gov/Newsroom/News-Releases/2023/Making-Families-Safer-… lang=""EN"">Reese’s Law. If button cell or coin batteries are swallowed, the ingested batteries can cause serious injuries, including internal chemical burns, and death.",,,Refund,"About 48,000",None reported,"Consumers should stop using the boxes for the toothbrushes immediately, take them away from children and contact Autobrush for a $5 refund in the form of store credit. Consumers will be asked to write “Recalled” with permanent marker on the box and send a photo of the marked box to recall-support@autobrush.com. Consumers should then dispose of the box.&nbsp;&nbsp;Note: Button cell batteries are hazardous. Batteries should be disposed of or recycled by following local hazardous waste procedures.&nbsp;",Sold Online At,TryAutobrush.com from March 2023 through December 2025 for between $85 and $90.,"Lander Enterprises LLC, dba Autobrush, of Miami, Florida",,,China,,
26-433,,23-Apr-26,,Children’s Tower Stools Recalled Due to Risk of Serious Injury and Death from Entrapment and Fall Hazards; Imported by AMZCMJ DGD,AMZCMJ DGD Children’s Tower Stools,"This recall involves AMZCMJ DGD-branded children’s tower stools. The wooden kitchen stools measure about 15 inches deep, 22 inches wide and 34 inches tall. They are foldable and convert into a table and a chair and have a blackboard. The brand name is printed on the product’s order receipt.&nbsp;&nbsp;","The recalled tower stools can collapse or tip over while in use and a child’s torso can fit through the openings on the tower’s sides, posing a risk of serious injury and death due to tip over, fall and entrapment hazards.",,,Refund,About 130,"The firm is aware of seven incidents of children falling from the stool or becoming entrapped, resulting in four injuries such as contusions, splinters and scrapes.","Consumers should stop using the recalled tower stools immediately and contact AMZCMJ DGD for a full refund. Consumers will be asked to destroy the stool by writing ""recalled"" in permanent marker on all sides, disassembling it and sending a photo of the destroyed stool to dgdtoddlertowerrecall@dchskj.cn. Consumers should then dispose of the destroyed product.",Sold Online At,Amazon.com from February 2025 through March 2026 for between $85 and $100.,"SiPaiSaiErDianZiShangWu (ShenZhen)YouXianGongSi, dba AMZCMJ DGD, of China",,,China,,
26-432,,23-Apr-26,,Children’s Tower Stools Recalled Due to Risk of Serious Injury and Death from Entrapment and Fall Hazards; Imported by TOETOL HOME,TOETOL Tower Stools,"This recall involves TOETOL HOME-branded children’s tower stools, model DETD0001. The wooden kitchen tower step stools were sold in white, gray and dark wood colors and measure about 20 inches deep, 15 inches wide and 36 inches tall with model DETD0001 printed on a label on the side.","The recalled tower stools can collapse or tip over while in use and a child’s torso can fit through the openings on the tower’s sides, posing a risk of serious injury and death due to tip over, fall and entrapment hazards.",,,Refund,"About 3,000","The firm has received 18 reports of the stools collapsing, resulting in eleven injuries including contusions, cuts and scrapes.",Consumers should immediately stop using the recalled tower stools and contact TOETOL HOME for a full refund.&nbsp; Consumers will be asked to destroy the stool by disassembling it and send a photo of the destroyed stool to TOETOLHOMEStepStoolsrecall@outlook.com. Consumers should then dispose of the destroyed product.,Sold Online At,Amazon.com from October 2024 through March 2026 for about $130.,"Dali Fortune Trade CO., dba TOETOL HOME, of China",,,China,,
26-431,,23-Apr-26,,Tzumi Electronics Recalls FitRx SmartBell Quick-Select Adjustable Dumbbells Due to Serious Injury from Impact Hazard,FitRx SmartBell Quick-Select 5-52.5lbs Adjustable Dumbbells,"This recall involves FitRx SmartBell Quick-Select Adjustable Dumbbells 5-52.5lbs, model 8361, with serial numbers KK23288361 through KK23388361 and KK207608361 through KK21347836 only. The dumbbells were sold in black with red accents and include handles, weight plates and a molded plastic storage tray. The dumbbells adjust from 5 to 52.5 pounds, in 2.5- or 5-pound increments, by turning the handle to the desired weight, while the dumbbell is nested in the storage tray. The model number and serial number are located on the side of the unit’s storage tray. “FitRx” is printed on the storage tray and on the dumbbell handles.","Weight plates can dislodge from the handle during use, posing a risk of serious injury due to impact hazard.",,,Replace,"About 50,000","There have been more than 115 reports of weight plates dislodging during use, with at least six injuries, including broken toes, bruises, contusions and lacerations.","Consumers should immediately stop using the adjustable dumbbell and contact Tzumi Electronics for a free replacement of the dumbbell and tray. Consumers should write the word “Recalled” across the dumbbell tray using permanent spray paint or marker, register at https://myfitrx.com/recall-52-lbs/ and dispose of the product after registration is confirmed.",Sold At,Walmart stores nationwide and online at Walmart.com from January 2024 through November 2024 for about $100.&nbsp;,"Tzumi Electronics Inc. of New York, New York",,,China,,
26-430,,23-Apr-26,,Wiifo Children’s Tower Stools Recalled Due to Risk of Serious Injury and Death from Entrapment and Fall Hazards; Imported by Wiifo,Wiifo Children’s Tower Stools,"This recall involves Wiifo-branded children’s tower stools. The wooden kitchen tower stools were sold in white, natural and light wood finish, and measure about 18 inches deep, 18 inches wide and 34 inches tall. “Model LT005” printed on label on the underside of the standing platform.","The recalled tower stools can collapse or tip over while in use, and a child’s torso can fit through the openings on the tower’s sides, posing a risk of serious injury and death due to tip over, fall and entrapment hazards.",,,Refund,"About 9,700","The firm is aware of 22 incidents of stools collapsing, resulting in six injuries such as contusions and scrapes.",Consumers should stop using the recalled tower stools immediately and contact Wiifo for a full refund.&nbsp; Consumers will be asked to destroy the stool by disassembling it and send a photo of the destroyed stool to support@wiifo.net. Consumers should then dispose of the destroyed product.,Sold Online At,Amazon.com from June 2022 through March of 2026 for about $60.,"Hangzhou Xinyanchuangxin Technology Co Ltd., dba Wiifo, of China",,,China,,
26-429,,23-Apr-26,,mGanna Sodium Hydroxide Pellet Bags Recalled Due to Risk of Serious Injury or Death from Chemical Burns and Irritation to the Skin and Eyes; Violate Mandatory Standard for Child-Resistant Packaging; Sold on Amazon by Archie Xpress,mGanna Sodium Hydroxide (lye) Pellet Bags,"This recall involves mGanna Sodium Hydroxide pellet bags. The product is packaged in a vacuum-sealed clear plastic bag inside a white, zip-top pouch with a tear-away feature. The front of the package states “mGanna SODIUM HYDROXIDE (NaOH)” at the top. Sodium hydroxide has a variety of uses such as soap making, baking, and cleaning solutions.","The recalled products contain sodium hydroxide (lye), which must be in child-resistant packaging as required by the https://cpsc.gov/Business--Manufacturing/Business-Education/Business-Gu… lang=""EN-US"">Poison Prevention Packaging Act (PPPA). The packaging is not child-resistant, posing a risk of chemical burns and irritation to the skin and eyes. The products also violate the labeling requirements for hazardous substances under the https://cpsc.gov/Business--Manufacturing/Business-Education/Business-Gu… lang=""EN-US"">Federal Hazardous Substances Act (FHSA).",,,Refund,"About 3,240",None reported,"Consumers should stop using and secure the recalled sodium hydroxide product out of sight and reach of children immediately and contact Archie Xpress for a full refund. Consumers will be asked to write “RECALLED” on the back of the zip-top pouch and send a photo of the marked pouch to support@archieenterprise.in. Consumers should then dispose of the pellets in accordance with local and state regulations.&nbsp;&nbsp;Note: Consumers should follow local household hazardous waste (HHW) guidance for corrosive solids. Contact your city, county, or state HHW program for instructions, as requirements may differ by location. Recommend safe approach: Keep the product in its package, clearly label it “DO NOT USE” and bring it to a local HHW drop-off facility.",Sold Online At,Amazon.com from November 2024 through March 2026 for about $10.,,,,India,Retailer:,"Dhanlaxmi Ashish Ganna, dba Archie Xpress, of India"
26-428,,16-Apr-26,,JC Sales Recalls Lil' Buddies Pet Laser Toys Due to Risk of Serious Injury or Death from Battery Ingestion Hazard; Violates Mandatory Standard for Consumer Products with Button Cell Batteries,Lil' Buddies Pet Laser Toy,"This recall involves Lil' Buddies Pet Laser Toys, model 24496. The products are white with small blue paw prints on the casing and include three button cell batteries. The model number is printed above the UPC# on the back of the package.","The recalled pet toys violate the mandatory standard for consumer products with button cell and coin batteries because the battery compartment is not secure, making the button cell batteries easily accessible to children, posing a deadly ingestion hazard. In addition, the button batteries provided with the pet toys are not in child-resistant packaging, and the packaging does not have the warnings as required by https://www.cpsc.gov/Newsroom/News-Releases/2023/Making-Families-Safer-… lang=""EN-US"">Reese’s Law. When button cell or coin batteries are swallowed, the ingested batteries can cause serious injuries, internal chemical burns and death.",,,Refund,"About 51,160",None reported,"Consumers should stop using the recalled pet toys, place them in an area that children cannot access and properly dispose of the batteries. Contact JC Sales for a full refund. Customers will be asked to email a photograph of the disposed items to Recall@jcsales.net.&nbsp;&nbsp;&nbsp;&nbsp;&nbsp;Note: Button cell batteries are hazardous. Batteries should be disposed of or recycled by following local hazardous waste procedures.",Sold At,"VR Wholesale (Arizona), Viva Bargain (California), and various discount stores nationwide and online at jcsalesweb.com from February 2023 through November 2025 for about $1.","Shims Bargain, Inc., dba JC Sales, of Los Angeles, California",,,China,,
26-427,,16-Apr-26,,Montessori Toy Sets Recalled Due to Risk of Serious Injury or Death from Choking Hazard; Violate Mandatory Standard for Teething Toys; Sold on Amazon by SpringFlower,SpringFlower 5-in-1 Montessori Toy Set,"This recall involves SpringFlower-branded 5-in-1 Montessori Toy Sets, model SFTODD05IN1. The model number is printed on the bottom of the product packaging. The set comes with six stacking blocks, six stacking rings, five sensory balls, a shape sorting bin with four shapes, and an airplane shaped pull string toy with six colored tentacles.","The Montessori toy sets contain an airplane shaped teething toy that has tentacle ends that can pose a choking hazard to young children. The toys also violate the teething toy provision of the mandatory standard for&nbsp;https://cpsc.gov/Business--Manufacturing/Business-Education/Toy-Safety""…’s toys.",,,"Refund, Replace","About 21,900",None reported,"Consumers should stop using the Montessori toy sets immediately and take them away from children and contact SpringFlower for a free replacement part or a refund. Consumers will be asked to cut off all the tentacles from the airplane shaped teething toy, write the date and customer’s initials in permanent marker on its base, and submit photos of the destroyed and marked airplane shaped toy to&nbsp;springflower.com.cn/product-recall. Consumers can then dispose of the airplane shaped toy.&nbsp;",Sold Online At,Amazon.com from October 2023 through November 2025 for about $30.,,,,China,Retailer:,"Shantou Ai Xing Trading Co., Ltd., dba SpringFlower, of China"
26-426,,16-Apr-26,,Apex Gaming PCs Recalls Manik and Apex-branded ATX Computer Power Supplies Due to Risk of Serious Injury or Death from Electrical Shock and Electrocution Hazards,Manik and Apex-branded ATX Computer Power Supplies (PSU),"This recall involves ATX Computer Power Supplies of varying wattages. Both Manik- and Apex-branded power supplies are affected. The power supplies can be black or white, with “Apex” or “Manik” labels. The 450W, 750W, 1000W, and 1200W units are all part of the recall. Units are secured, closed with four precision-sized screws, with a security/tamper seal covering one of the four screws securing the unit closed. The ATX Computer Power Supplies are sold both within the customer's gaming computers and also individually.","The units lack a permanent, on-product warning label identifying potential electrical shock and electrocution hazards, posing a risk of serious injury or death if the unit is opened or disassembled.",,,"Replace, Repair","About 17,730 (In addition, about 500 were sold in Canada)",None reported,"Consumers should stop using the recalled computer power supplies immediately and contact Apex Gaming PCs Inc. for a free repair in the form of one permanent, UL-recognized, heat-resistant adhesive safety label containing an ANSI-compliant ""Danger/Warning"" shock hazard and ""No User-Serviceable Parts"" label sticker to be mailed to the consumer via U.S. Mail.&nbsp;Consumers who are uncomfortable adding the UL-recognized safety label can request a free replacement unit. Apex Gaming PCs will install replacement units free of charge, and we will provide free round-trip shipping for affected PCs and Power Supply Units. Consumers should not, under any circumstances, attempt to open, disassemble, or service the power supply unit.",Sold Online At,"www.ApexGamingPCs.com from December 2021 through February 2026, for between $70 and $150.","Apex Gaming PCs Inc., of Houston, Texas",,,China,,
26-425,,16-Apr-26,,Adult Portable Bed Rails Recalled Due to Risk of Serious Injury or Death from Entrapment and Asphyxiation; Violates Mandatory Standard for Adult Portable Bed Rails; Sold on Amazon by ZOLIQUEX,ZOLIQUEX Adult Portable Bed Rails,"This recall involves Zoliquex-branded adult portable bed rails. The bed rail comes in silver, measures 12.4 wide by 33.07 inches tall, and weighs 7.1 pounds. The model number “ZEX014-V1” and “Zoliquex” are both printed on the products packaging.","The recalled bed rails violate the mandatory standard for&nbsp;https://www.cpsc.gov/Business--Manufacturing/Business-Education/Busines… portable bed rails because users can become entrapped within the bed rail or between the bed rail and the side of the mattress, posing a serious entrapment hazard and risk of death by asphyxiation. In addition, the bed rails do not bear the required hazard warning labels.",,,Refund,"About 16,000",None reported,"Consumers should stop using the recalled adult portable bed rails immediately and contact ZOLIQUEX for a full refund. Consumers should cut the black safety strap in half and write “RECALLED” on the upper and lower bed rails with a permanent marker, take a photo of the marked bed rail with the buyer's name on a piece of paper and email the photo to&nbsp;ZEXnaturemedical@outlook.com.",Sold Online At,Amazon.com from August 2023 through February 2026 for about $43.&nbsp;,,"ZOLIQUEX, of China",,China,Retailer:,"Cheyouhang Technology Shenzhen Co., Ltd., dba ZOLIQUEX, of China&nbsp;"
26-424,,16-Apr-26,,ZMC Group Recalls LED Finger Beam Lights Due to Risk of Serious Injury or Death from Battery Ingestion; Violates Mandatory Standard for Toys,LED Finger Beam Lights,"This recall involves LED Finger Beam Lights, model A10-8. The toy comes packaged in a hand-shaped cardboard back with four colors (red, white, blue and green) of light. Each light contains three pre-installed AG3 button cell batteries. The back of the packaging has the model number “A10-8”, identification of the distributor and manufacturer, production date and batch number printed on a sticker label.","The recalled toys violate the&nbsp;https://cpsc.gov/Business--Manufacturing/Business-Education/Toy-Safety""… safety standard for children’s toys because the toy contains button cell batteries that can be easily accessed by children. If button cell or coin batteries are swallowed, the ingested batteries can cause serious injuries,&nbsp;including internal chemical burns, and death.",,,"Refund, Replace","About 14,400 ",None reported.,"Consumers should take the LED Finger Beam Lights away from children, stop using them immediately and contact ZMC Group for full refund or a replacement product. Consumers should remove the batteries, break each component in half and submit a photo of the destroyed pieces to&nbsp;recallzmctoy@gmail.com.&nbsp;Note:&nbsp;Button cell batteries are hazardous. Batteries should be disposed of or recycled by following local hazardous waste procedures.&nbsp;",Sold At,Various discount stores nationwide from August 2025 through March 2026 for about $1.,"ZMC Group, Inc. of Los Angeles, California",,,China,,
26-423,,16-Apr-26,,Sweetcrispy Recalls Pressure Washers Due to Serious Risk of Injury or Death from Shock and Electrocution Hazards,Sweetcrispy Electric Pressure Washers,"This recall involves Sweetcrispy pressure washers. The recalled, 2 GPM electric pressure washers are green or blue with black, and measure about 25.5 inches high, 11.8 inches wide and 9.8 inches deep. They came with a 500 ml spray can attachment, foam cannon, five quick disconnect nozzles, a 23-foot hose and two rollers. Model number “XCJ-K01” is printed on a label on the back of the pressure washers.&nbsp;","The recalled pressure washers lack an integral ground-fault circuit-interrupter (GFCI), posing a serious risk of injury or death from shock and electrocution hazards.",,,Refund,"2,300",None reported,Consumers should stop using the recalled pressure washers immediately and contact Sweetcrispy for a full refund. Consumers will be asked to destroy the pressure washer by cutting the unplugged power cord and send a photo of the destroyed power washer to&nbsp;LR023784@outlook.com. Consumers should then dispose of the destroyed recalled product.&nbsp;,Sold Online At,Amazon.com from July 2025 through January 2026 for between $60 and $130.,,,,China,Retailer:,"Zhejiang Hengjian Home Furnishing Co Ltd., dba Sweetcrispy, of China"
26-422,,16-Apr-26,,Le Hao Tool Recalls Pressure Washers Due to Serious Risk of Injury or Death from Shock and Electrocution Hazards,Le Hao Tool Electric Pressure Washers,"This recall involves Le Hao Tool electric pressure washers sold in green or blue with black trim, measuring about 25 inches high, 12 inches wide and 11 inches deep. The pressure washers come with a touch screen, foam cannon, four quick disconnect nozzles, a 20-foot hose and two rollers.&nbsp; Labeling on the front of the pressure washer reads “ELECTRONIC High Pressure Washer”.","The recalled pressure washers lack an integral ground-fault circuit-interrupter (GFCI), posing a serious risk of injury or death from shock and electrocution hazards.",,,Refund,"3,100",None reported,Consumers should stop using the recalled pressure washers immediately and contact Le Hao Tool for a full refund. Consumers will be asked to destroy the pressure washer by cutting the unplugged power cord in half and send a photo of the destroyed power washer to&nbsp;LeHaoService2026@outlook.com. Consumers should then dispose of the destroyed recalled product.&nbsp;,Sold Online At,Amazon.com from November 2023 through January 2026 for between $60 and $130.,,,,China,Retailer:,"Ningbofenghuaxinlehaodianziyouxiangongsi, dba Le Hao Tool, of China"
26-421,,16-Apr-26,,Fengrong Tool Recalls Pressure Washers Due to Serious Risk of Injury or Death from Shock and Electrocution Hazards,Fengrong Tool Electric Pressure Washers,"This recall involves Fengrong Tool electric pressure washers. The recalled electric pressure washers were sold in orange or green with black, measuring about 25.5 inches high, 12 inches wide and 11 inches deep. They came with a touch screen feature, five nozzles, and either a two-wheel or four-wheel configuration. “High pressure washer” is printed on the sides of the pressure washers.","The recalled pressure washers lack an integral ground-fault circuit-interrupter (GFCI), posing a serious risk of injury or death from shock and electrocution hazards.",,,Refund,About 500,None reported,Consumers should stop using the recalled pressure washers immediately and contact Fengrong Tool for a full refund. Consumers will be asked to destroy the pressure washer by cutting the unplugged power cord and send a photo of the destroyed power washer to&nbsp;fengrongservice@163.com. Consumers should then dispose of the destroyed recalled product.&nbsp;,Sold Online At,Amazon.com from October 2025 through January 2026 for between $80 and $130.,,,,China,Retailer:,"Ningboaonadianzishangwuyouxiangongsi., dba Fengrong Tool, of China"
26-420,,16-Apr-26,,Agiiman Recalls Pressure Washers Due to Serious Risk of Injury or Death from Shock and Electrocution Hazards,Agiiman Electric Pressure Washers,"This recall involves Agiiman pressure washers. The recalled pressure washers range from 4,000 to 5,100 PSI, are green and black or yellow and black in color and include a 20-foot pressure hose and 35-foot power cord.","The recalled pressure washers lack an integral ground-fault circuit-interrupter (GFCI), posing a serious risk of injury or death from shock and electrocution.",,,Refund,80,None reported.,Consumers should stop using the recalled pressure washers immediately and contact Agiiman for a full refund. Consumers will be asked to cut the power cord in half to destroy the pressure washer and send a photo of the destroyed pressure washer to&nbsp;agiimanservice@163.com. Consumers should then dispose of the destroyed recalled product.&nbsp;,Sold Online At,Amazon.com from October 2025 through November 2025 for about $90.,,,,China,Retailer:,"Jiangxi Runfuyuan Biotechnology Co., Ltd dba Agiiman, of China"
26-419,,16-Apr-26,,Free-Standing Professional Gas Ranges Recalled Due to Risk of Burn Hazard; Manufactured by Fisher & Paykel,Fisher & Paykel Gas Ranges,"This recall involves Fisher &amp; Paykel 30, 36 and 48-inch stainless steel, free-standing or self-contained gas ranges (RGV3 models). The gas ranges come in natural gas or liquified petroleum gas. The recalled models have a serial number starting with EEV, ERV, EAV, EYV, EUV, ELV or RFV. The model and serial numbers are printed on the rating plate located on either the back of the product or behind the front kick strip. The recalled gas ranges include:&nbsp;&nbsp;Recalled Model Number&nbsp;Serial Number&nbsp;Date Code&nbsp;UPC Code&nbsp;RGV3-305-N&nbsp;EEVxxxxxx to RFVxxxxxx&nbsp;May 25 to Jan 26&nbsp;822843828494&nbsp;RGV3-305-L&nbsp;EEVxxxxxx to RFVxxxxxx&nbsp;May 25 to Jan 26&nbsp;822843828500&nbsp;RGV3-366-N&nbsp;EEVxxxxxx to RFVxxxxxx&nbsp;May 25 to Jan 26&nbsp;822843820023&nbsp;RGV3-366-L&nbsp;EEVxxxxxx to RFVxxxxxx&nbsp;May 25 to Jan 26&nbsp;822843820030&nbsp;RGV3-304-N&nbsp;EEVxxxxxx to RFVxxxxxx&nbsp;May 25 to Jan 26&nbsp;822843820047&nbsp;RGV3-304-L&nbsp;EEVxxxxxx to RFVxxxxxx&nbsp;May 25 to Jan 26&nbsp;822843820054&nbsp;RGV3-486GD-N&nbsp;EEVxxxxxx to RFVxxxxxx&nbsp;May 25 to Jan 26&nbsp;822843823833&nbsp;RGV3-486GD-L&nbsp;EEVxxxxxx to RFVxxxxxx&nbsp;May 25 to Jan 26&nbsp;822843823840&nbsp;RGV3-488N&nbsp;EEVxxxxxx to RFVxxxxxx&nbsp;May 25 to Jan 26&nbsp;822843829736&nbsp;RGV3-488L&nbsp;EEVxxxxxx to EKVxxxxxx&nbsp;May 25 to Oct 25&nbsp;822843829743&nbsp;RGV3-485GD-N&nbsp;EEVxxxxxx to EAVxxxxxx&nbsp;May 25 to Aug 25&nbsp;822843829750&nbsp;RGV3-485GD-L&nbsp;EEVxxxxxx to ELVxxxxxx&nbsp;May 25 to Dec 25&nbsp;822843829767&nbsp;","The ovens in the ranges can experience a delayed ignition, causing gas to accumulate and the oven door to open from combustion, posing a burn hazard to users.",,,Repair,"About 433 (In addition, about 70 were sold in Canada)",The firm has received 18 reports of gas ranges with delayed ignition and one report of a minor burn injury. ,Consumers should stop using the ovens in the recalled gas ranges immediately and contact Fisher &amp; Paykel for a free inspection and repair. Fisher &amp; Paykel will provide professional in-home repair of the oven’s ignitor. Consumers can continue to use the cooktop burners on the range. &nbsp;,Sold At,"Factory Builder Stores, Albert Lee Inc and other appliance retail stores nationwide from June 2025 through March 2026 for between $6,200 and $14,000.&nbsp;",,"Fisher &amp; Paykel Appliances (Thailand) Co., Ltd, of Thailand&nbsp;",,Thailand,,
26-418,,16-Apr-26,,Casely Reannounces Recall of Wireless Portable Power Banks Due to Risk of Serious Injury or Death from Fire and Burn Hazards; One Fatality Reported After 2025 Recall,Casely Wireless Portable Power Banks (Model E33A),"Washington D.C.&nbsp;The U.S. Consumer Product Safety Commission (CPSC) and Casely of Brooklyn New York are reannouncing the recall of Casely Power Banks 5000mAh portable MagSafe wireless phone charger. The recalled power banks pose a risk of serious injury or death from fire and burn hazards to consumers.Casely&nbsp;previously announced the recall in April 2025. At that time, the firm received 51 consumer reports of the lithium-ion battery overheating, expanding or catching fire while they were charging their phones, resulting in six minor burn injuries.&nbsp;Since the recall was announced, there have been 28 additional consumer reports of the lithium battery overheating, expanding or catching on fire, including two incidents resulting in one fatality and one serious incident on an airplane. In August 2024, a 75-year-old woman from New Jersey, was charging her cell phone with the power bank on her lap when it caught on fire and exploded. The victim suffered second and third degree burns and later passed away from complications from her injuries. In February 2026, a 47-year-old woman was charging her cell phone with the power bank on an airplane when it caught on fire and exploded, resulting in the victim suffering first degree burns.&nbsp;The Casely Power Pods 5000mAh portable MagSafe wireless phone charger has model number E33A printed on the back and ""Casely"" is engraved on the front side of the plate on the right side.&nbsp;The power banks were sold online at getcasely.com, Amazon.com and other e-commerce websites from March 2022 through September 2024 for between $30 and $70.Note:&nbsp;Do not throw this recalled lithium-ion battery or device in the trash, in the general recycling stream (e.g., street-level or curbside recycling bins), or in used battery recycling boxes found at various retail and home improvement stores. Recalled lithium-ion batteries must be disposed of differently than other batteries, because they present a greater risk of fire. Your municipal household hazardous waste (HHW) collection center may accept this recalled lithium-ion battery or device for disposal. Before taking your battery or device to a HHW collection center, contact them ahead of time and ask whether they accept recalled lithium-ion batteries. If they don’t, contact your municipality for further guidance.&nbsp;","The recalled lithium-ion battery in the power banks can overheat and ignite, posing risk of serious injury or death from fire and burn hazards to consumers.",,,Replace,"About 429,200 (The power banks were previously recalled in April 2025)","Since the recall was announced, there have been 28 additional consumer reports of the lithium battery overheating, expanding or catching on fire, including two incidents resulting in one fatality and one serious incident on an airplane.","Consumers should immediately stop using the recalled wireless portable power banks and contact Casely for a free replacement. To receive the free replacement, consumers should go to the firm’s website and fill out the on-line form and submit two photographs; one should be the front of the power bank with the word “Recalled” and the date written on it in permanent marker. The second photograph should display the model number which is located on the back of the power bank. The photos should be uploaded to the firm’s website at&nbsp;https://www.getcasely.com/pages/2025-recall. Consumers should immediately dispose of the power banks in accordance with local and state regulations.&nbsp;",Sold Online At,"The power banks were sold online at getcasely.com, Amazon.com and other e-commerce websites from March 2022 through September 2024 for between $30 and $70.","Casely Inc., of Brookyln, New York",,China,,,
26-417,,16-Apr-26,,Pressure Washers Recalled Due to Serious Risk of Injury or Death from Shock and Electrocution Hazards; Imported by Patoolio Direct,Patoolio Direct Electric Pressure Washers,"This recall involves Patoolio Direct-branded pressure washers. The recalled pressure washers, model W8, are grey and black, and model W6 is orange in color and measures about 15 inches high, 12 inches wide and 12 inches deep. &nbsp;The washers came with four quick connect nozzles and a foam cannon.&nbsp; “Electric Pressure Washer” is printed on the front of the unit above the on/off dial.&nbsp;","The recalled pressure washers lack an integral ground-fault circuit-interrupter (GFCI), posing a serious risk of injury or death from shock and electrocution hazards.",,,Refund,"2,066",None reported,Consumers should stop using the recalled pressure washers immediately and contact Patoolio Direct for a full refund. Consumers will be asked to destroy the pressure washer by cutting the power cord in half and send a photo of the destroyed power washer to PatoolioPressureWasherrecall@outlook.com. Consumers should then dispose of the destroyed recalled product.&nbsp;&nbsp;&nbsp;,Sold Online At,Amazon.com from October 2025 through January 2026 for between $45 and $150.&nbsp;&nbsp;,"Shenzhen Xingyashang Technology Co., Ltd., dba Patoolio Direct, of China ",,,China,,
26-414,,16-Apr-26,,Mini Round Toddler Trampolines Recalled Due to Strangulation Hazard; Risk of Serious Injury or Death; Manufactured by SEGMART,SEGMART 55” Indoor/Outdoor Mini Round Toddler Trampolines with Enclosure Nets and Accessory Kits,"This recall involves SEGMART 55” indoor/outdoor mini round toddler trampolines with enclosure nets. Certain versions of the trampolines included promotional accessory kits consisting of a hammock, punching bag, hand rings, basketball board, basketball, pump and colorful balls. The trampolines and accessories come in a variety of colors. Model numbers SOSTT051BR, SOSTT051CR and SOSTT051YP are included in the recall. The model number can be found on a label located on the handlebar of the trampoline. Trampolines that did not include promotional accessory kits are not included in the recall.","Young children can become entangled in the straps of the hammock, punching bag and hand ring accessories, posing a strangulation hazard, which can result in serious injury or death.",,,Refund,"About 1,200","The firm has received one report of an incident in which a child’s neck became entangled in the hammock straps, resulting in a rope burn injury around the child’s neck.","Consumers should remove the hammock, punching bag, hand ring and basketball board accessories immediately before continuing to use the trampoline. SEGMART will provide a $30 refund to consumers who remove and destroy the hammock, punching bag, hand ring and basketball board accessories. Consumers will be asked to cut the straps on the accessories and submit photos of the cut accessories to the firm. Instructions can be found at www.segmart.com.",Sold Online At,Walmart.com and TikTok Shop from December 2025 through February 2026 for about $140.,,"Shenzhen Segmart Technology Electronics Co., Ltd., of China",,China,,
26-413,,16-Apr-26,,Fun and Function Recalls Children’s Metal Multi-Point Swing Frames Due to Risk of Injury from Fall Hazard,Multi-Point Swing Frames,"This recall involves multi-point suspension swing frame, model MW7661, designed to support a swing (sold separately) for use in therapeutic settings for neurodiverse children who benefit from vestibular input. The metal swing frame is black, measures approximately 82 inches high and 55 inches wide, and weighs about 34 pounds.","The swing frames can crack or break during use, posing a fall hazard, which can result in injury.",,,Refund,"About 1,300","The firm received 10 reports of the swing frame cracking or breaking and children falling, resulting in two children sustaining contusions.","Consumers should immediately stop using the recalled multi-point suspension swing frame and contact Fun and Function for a full refund. Consumers should register at https://funandfunction.com/pages/swing-recall and disassemble and dispose of the product, according to the directions provided on the registration page.",Sold Online At,Funandfunction.com from May 2022 through February 2026 for between $200 and $250.,"Fun and Function, of Narberth, Pennsylvania",,,China,,
26-412,,16-Apr-26,,Macy’s Recalls Arch Studio Tea Kettles Due to Risk of Serious Injury from Burn Hazard,Arch Studio Tea Kettle,"This recall involves the Arch Studio-branded tea kettles. The stainless-steel kettles have a black handle and measure about 10.7 inches long, 7.59 inches wide and 8.62 inches high; and have a 1.9-quart capacity. The brand name and “HJ10525” are etched on the underside of the kettles.","The tea kettles’ handle can detach during use when heated, posing a risk of serious injury from burn hazard.",,,Refund,"About 4,600",The firm has received three reports of the handle detaching. No injuries have been reported.,Consumers should stop using the recalled tea kettles immediately and contact Macy’s for a full refund in the form of a check for the purchase price. Consumers will be asked to complete a recall form at https://www.recallrtr.com/teakettle for a prepaid shipping label to return the product. No purchase receipt will be required.,Sold At,Macy's stores nationwide and online at macys.com from August 2025 through February 2026 for about $50.,"Macy’s Merchandising Group, Inc., of New York",,,China,,
26-411,,16-Apr-26,,ATOYUS Children’s Activity Cubes Recalled Due to Risk of Serious Injury or Death from Choking Hazard; Violate Small Parts Ban and Mandatory Standard for Toys; Sold on Amazon by Melofaver US,ATOYUS Children’s Activity Cubes,"This recall involves ATOYUS branded children’s wooden activity cubes. The toys consist of a multi sided wooden cube with different activities on each panel, 15 animal and people-shaped pieces, a playmat with a farm image and a mallet. The cube’s top has a bead maze with metal wires and wooden beads that can be lifted to access internal storage. The side panels include a shape sorter, a xylophone, a learning clock, rotating gears, a farm animal puzzle and felt flaps. “Model No. GLBB554” and the brand name are printed on the back for the toys’ box.","The recalled toys violate the https://cpsc.gov/Business--Manufacturing/Business-Education/Business-Gu… lang=""EN-US"">small parts ban because the toys are intended for children under three and the toys’ xylophone screws and clock hands can detach. In addition, the toys violate the https://cpsc.gov/Business--Manufacturing/Business-Education/Toy-Safety""… lang=""EN-US"">mandatory safety standard for children’s toys because the mallets have spherical ends, posing a choking hazard.",,,Refund,About 70,None reported,"Consumers should immediately stop using the recalled toys, take them away from children and contact Melofaver US for a full refund. Consumers will be asked to destroy the toy by writing “recalled” on all sides of the multi-sided wooden cube and cutting the playmat in half and email a photo of the destroyed toy to ATOYUSActivityCubeRecall@outlook.com. Consumers should then dispose of the recalled product.&nbsp;",Sold Online At,Amazon.com from January 2026 through February 2026 for about $26.,,,,China,Retailer:,"Shen Zhen Zhuoyuechaoqun Electronic Commerce Co., Ltd., dba Melofaver US, of China"
26-409,,16-Apr-26,,nvyue Magic Pocket Staffs Recalled Due to Projectile and Laceration Hazards; Imported by Xingwenfeng,nvyue Magic Pocket Staffs,"This recall involves nvyue Magic Pocket Staffs sold in gold, silver or black colors and in 110 cm or 150 cm expanded lengths.&nbsp;Products arrive in a compressed, tightly wound cylinder, and in many cases the protective pin is found not fully engaged, increasing risk of sudden deployment.","The protective pin mechanism on the Magic Pocket Staffs can fail to prevent unintentional expansion, posing serious projectile and laceration hazards. Even when engaged, the expansion occurs too rapidly for consumers to react, leaving virtually no opportunity for protection.",,,Refund,"About 25,000","CPSC has received 163 reports of incidents involving injuries to the eyes, face and hands. Reported injuries include corneal lacerations, temporary vision loss and injuries requiring stitches, many involving children as young as nine years old.",Consumers should stop using the Magic Pocket Staff immediately and contact Xingwenfeng for a full refund. Consumers will be asked to write their initials and the current date with permanent marker on the Magic Pocket Staff and send a photo of the marked Magic Pocket Staff to nvyue_recall@163.com. Consumers will be instructed to safely expand the Magic Pocket Staff before disposal. Consumers should then dispose of the recalled product. &nbsp;Do not sell or give away these hazardous products.,Sold Online At,Amazon.com from September 2020 through March 2026 for between $8 and $26.,"Xingwenfeng, of China",,,China,,
26-408,,16-Apr-26,,Sanlebi Pet Vet Playsets Recalled Due to Risk of Serious Injury or Death from Battery Ingestion; Violates Mandatory Standard for Toys; Sold on Amazon by Letokids,Sanlebi Pet Vet Playsets,"This recall involves the Sanlebi Pet Vet Playset, model MX094. The playset includes 25 toy veterinary role-play parts in blue and white colors. The parts include: a plush dog, pet cage, vet coat, vet hat, eyeglasses, pen, ID badge, bandage, Elizabethan collar, forceps, infusion bottle, nail grinder, syringe, thermometer, dental mirror, otoscope, clipboard, two pill bottles, medicine tray, scissors, tweezer, scalpel, reflex hammer, and pulse monitor. “Sanlebi” is printed on the front of the package and “MX094” is printed on the back of the package.","The Pet Vet Playset violates the https://www.cpsc.gov/Business--Manufacturing/Business-Education/Toy-Saf… lang=""EN-US"">mandatory standard for toys because the button cell batteries in the nail grinder and otoscope can be easily accessed by children.",,,"Refund, Replace","About 4,650",None reported,"Consumers should take away the nail grinder and otoscope from children immediately, stop using them and remove and properly dispose of the batteries. Consumers will be asked to throw the nail grinder and otoscope components away and send a photo of the disposed components to letorecall@outlook.com to receive a $5 refund or replacement nail grinder and otoscope.Note: Button cell batteries are hazardous. Batteries should be disposed of or recycled by following local hazardous waste procedures.",Sold Online At,Amazon.com from June 2025 through January 2026 for between $20 and $26.,,"Guangzhou Letao Keji Youxiangongsi, doing business as Letokids, of China",,China,,
26-407,,16-Apr-26,,Generac Power Systems Recalls Portable Generators Due to Risk of Serious Injury or Death from Burn and Fire Hazards,Generac Portable Generators,"This recall involves certain Generac Portable Generators which have an orange/black cover and are encased in a steel-tube cradle. It comes with two wheels on the back for easy transportation.&nbsp;“Generac” and the “unit type” are located on the side panel of the generators. The model and serial number are printed on a label attached to the side of the unit. Consumers will need to have their model and serial number available prior to logging on to https://www.generac.com/about/recalls/GP-Carburetor to determine if their generator is included in the recall.&nbsp;Recalled unit types and model numbers are listed below, within limited serial range.Unit Types&nbsp;Model Numbers&nbsp;GP3600&nbsp;G0077210&nbsp;GP4000DF&nbsp;G0081550&nbsp;GP6500&nbsp;G0076802, G0076722&nbsp;GP6500E&nbsp;G0077130&nbsp;GP6500EDF&nbsp;G0081530&nbsp;GP6700EDF&nbsp;G0080620&nbsp;GP8000E&nbsp;G0077150, G0076754, G0081540&nbsp;GP9200E&nbsp;G0079712&nbsp;GP9500ETF&nbsp;G0080630&nbsp;","When first filling the recalled generator with gasoline, fuel can leak from the carburetor, posing a risk of serious injury or death from fire or burn hazard. Consumers with generators that have previously been filled with enough gasoline to move the gauge off ""E,"" or have been used without any gasoline leakage, can continue to be used.",,,Repair,"About 149,400 (In addition, about 260 were sold in Canada)",The firm has received 114 reports of generator fuel leaks. No injuries have been reported.,"Consumers should immediately stop using the recalled Generac portable generator and go to https://www.generac.com/about/recalls/GP-Carburetor to check to see if your model and serial number are included in this recall. If your unit is included in the recall and has either not yet been filled with fuel or exhibited leakage after fueling as described above, please contact your dealer to arrange for free repair at the dealer’s location.&nbsp;&nbsp;&nbsp;",Sold At,"Home Depot, Lowe’s and other home improvement and hardware stores nationwide and online from May 2025 through February 2026 for between $600 and $1,300.",,,,Vietnam,,
26-406,,16-Apr-26,,Pressure Washers Recalled Due to Serious Risk of Injury or Death from Shock and Electrocution Hazards; Imported by BAYOTAK USA,BAYOTAK USA Electric Pressure Washers,"This recall involves BATOYAK USA-branded pressure washers, The recalled electric pressure washers are green and black, and measure about 16 inches high, 11 inches wide and 16 inches deep. They come with a foam cannon, four connect nozzles, a 20-foot hose and two rollers. “Model: C4012PLUS-1500C” is printed on a label located on the back of the pressure washers.","The recalled pressure washers lack an integral ground-fault circuit-interrupter (GFCI), posing a serious risk of injury or death from shock and electrocution hazards.",,,Replace,360,None reported,"Consumers should immediately stop using the recalled pressure washers and contact BATOYAK USA for a free replacement pressure washer of at least equal value to the recalled pressure washer, including shipping. Consumers will be asked to destroy the pressure washer by unplugging it and cutting the power cord in half and send a photo of the destroyed power washer to bayotakservice@163.com. Consumers should then dispose of the destroyed recalled product.",Sold Online At,Amazon.com from October 2025 through January of 2026 for about $110.,"NingboRuiyaodianzishangwuyouxiangongsi, dba BAYOTAK USA, of China",,,China,,
26-405,,9-Apr-26,,Muscccm Pool Drain Covers Recalled Due to Risk of Serious Injury or Death from Entrapment and Drowning Hazards; Violates Virginia Graeme Baker Pool & Spa Safety Act; Sold on Amazon by SZ Hengxun,Muscccm Pool Drain Covers,This recall involves Muscccm-branded pool drain covers that were sold for use in swimming pools. The pool drain covers are 7 inches long by 6.5 inches wide by 1.8 inches tall and weigh 11.7 ounces. They are white and made of ABS plastic. “Muscccm” is printed on the products packaging.,"The recalled drain covers violate the entrapment protection standards of the&nbsp;https://www.cpsc.gov/Business--Manufacturing/Business-Education/FAQ?p=3… Graeme Baker Pool and Spa Safety Act (VGBA), posing entrapment and drowning hazards to swimmers and bathers.",,,Refund,About 480,None reported,"Pool owners, pool operators and consumers should immediately stop using pools with the recalled pool drain covers. To receive a refund, consumers should remove the drain cover from the pool, take a photo of the removed cover, and send it to SZ Hengxun by email at&nbsp;MuscccmRecall@126.com. Ensure all pools and spas have VGBA-compliant drain covers and teach children to stay away from drains.",Sold Online At,Amazon.com from February 2026 through March 2026 for about $19.,,"Qingyuan Fenle Sauna &amp; Pool Equipment Co., Ltd., of China",,China,Retailer:,"Shenzhen Aotuolang Technology Co., Ltd., dba SZ Hengxun, of China"
26-404,,9-Apr-26,,Prestige Import Group Recalls Supernova and Typhoon Lighters Due to Risk of Serious Injury or Death from Fire and Burn Hazards; Violates Mandatory Standard for Cigarette Lighters,Supernova and Typhoon Lighters,"This recall involves two Prestige-branded metal, butane torch lighters. The Supernova gray and black lighters have a rugged, industrial look, a textured grip with a mesh-like metal panel on the side with three horizontal bands and a cap at the top of the flame valve. The Typhoon rectangular lighters are silver, black and black/silver with a metal and matte finish and have the ignition trigger on the side with a cap on top of the flame valve.","The recalled lighters violate the mandatory standard for cigarette&nbsp;https://www.cpsc.gov/Business--Manufacturing/Business-Education/Busines…; because they do not have the required child-resistant mechanism, posing a risk of serious injury or death from fire and burn hazards.In addition, the lighters failed to meet the pre-market lighter submission requirement needed to demonstrate that the lighters feature child-resistant mechanisms and ensuring their safety and compliance with U.S. regulations.",,,Refund,"About 4,300   ",None Reported,Consumers should stop using the recalled lighters immediately and contact Prestige Import Group for a full refund or store credit. Consumers will be asked to write “Recalled” in permanent marker and send a photo of the marked lighter to&nbsp;salesdept2@prestigeimportgroup.com. Consumers should then dispose of the recalled product in accordance with state and local waste disposal procedures.,Sold At,Small independent stores nationwide and online at prestigeimportgroup.com from October 2023 through March 2026 for between $7 and $10.,"Prestige Import Group, of Deerfield, Florida",,,China,,
26-403,,9-Apr-26,,LED Lights Recalled Due to Risk of Serious Injury or Death from Battery Ingestion; Violates Mandatory Standard for Consumer Products with Coin Batteries; Sold on Amazon by Happiness Light,Happiness Light LED Lights,This recall involves Happiness Light LED lights. The recalled round lights emit a white light. Each of the 24 LED lights includes two CR2032 lithium coin batteries. The LED lights measure about 1.18 inches in diameter.This recall involves Happiness Light LED lights. The recalled round lights emit a white light. Each of the 24 LED lights includes two CR2032 lithium coin batteries. The LED lights measure about 1.18 inches in diameter.,"The recalled LED lights violate the mandatory standard for consumer products containing button cell or coin batteries because they contain lithium coin batteries that can be accessed easily by children, posing an ingestion hazard. Additionally, the LED lights do not have the warnings as required by&nbsp;https://www.cpsc.gov/Business--Manufacturing/Business-Education/Busines…’s Law. When button cell or coin batteries are swallowed, the ingested batteries can cause serious injuries, internal chemical burns and death.",,,Refund,"About 2,800",None reported,"Consumers should stop using the recalled LED lights immediately and place them in an area where children cannot access them. Consumers will be asked to disassemble the lights and submerge all of the components in water. To receive a full refund, email a photo showing the submerged product to&nbsp;usa@happinesslight.com.Note:&nbsp;Button cell and coin batteries are hazardous. Batteries should be disposed of or recycled by following local hazardous waste procedures.",Sold Online At,Amazon.com from March 2024 through February 2026 for about $20.,,,,China,Retailer:,"&nbsp;J U Kai Technology Co., LTD, dba Happiness Light, of China"
26-401,,9-Apr-26,,Shenzhen Shijingjie Network Technology Male-to-Male Extension Cords Recalled Due to Risk of Serious Injury and Death from Electrocution and Carbon Monoxide Poisoning Hazards; Sold on Walmart,Male-to-Male Extension Cords,"This recall involves male-to-male extension cords, also known as pigtail cables, model numbers RY-US-06 and RY_US-1.5. The recalled, 125V 12AWG, heavy-duty extension cords are generally used to back-feed electricity to a residence during a power outage by connecting a generator to an outlet in the home. The blue or yellow cords have two male ends with a three-prong, black plug and measure between 23.6 inches and 59 inches long. The model number is printed on the product’s purchase order or receipt.","The recalled male-to-male extension cords violate safety requirements because their exposed prongs can become energized when one end is plugged into a generator or other power source, posing a risk of serious injury and death from electrocution. In addition, using the cords to supply power from a generator to a residential electrical system (backfeeding) poses a risk of electrocution and fire. The cords’ short length encourages the use of generators close to homes or enclosed spaces, posing a risk of carbon monoxide (CO) poisoning.",,,Refund,About 200 ,None reported,"Consumers should stop using the recalled extension cords immediately, taking care not to touch the live end of the cord when unplugging, and contact Shenzhen Shijingjie Network Technology for a full refund.",Sold Online At,Walmart.com from April 2025 through November 2025 for between $18 and $26.,,,,China,Retailer:,"Shenzhen Shijingjie Network Technology Co., Ltd., of China&nbsp;"
26-399,,9-Apr-26,,"Shenzhen Baihang Recalls VEEKTOMX Mini Power Banks, Due to Fire and Burn Hazards; Sold on Amazon",VEEKTOMX Portable Charger Mini Power Banks,"This recall involves VEEKTOMX VT103 Small Portable Charger Mini Power Banks. The power banks are white, pink, or purple. The recalled power banks have model number “VT103” imprinted on the back of the power bank and do NOT contain a serial number on the bottom right corner of the back of the power bank.Note:&nbsp;Do not throw this recalled lithium-ion battery or device in the trash, in the general recycling stream (e.g., street-level or curbside recycling bins), or in used battery recycling boxes found at various retail and home improvement stores. Recalled lithium-ion batteries must be disposed of differently than other batteries, because they present a greater risk of fire. Your municipal household hazardous waste (HHW) collection center may accept this recalled lithium-ion battery or device for disposal. Before taking your battery or device to a HHW collection center, contact that office ahead of time and ask whether it accepts recalled lithium-ion batteries. If it does not, contact your municipality for further guidance.","The lithium-ion battery in the recalled power banks can overheat and ignite, posing fire and burn hazards to consumers.&nbsp;",,,Replace,"About 8,000",Shenzhen Baihang has received three reports of fires resulting in minor property damage. No injuries have been reported.,Consumers should immediately stop using the recalled power banks and contact Shenzhen Baihang to verify power bank is part of the recall and receive a free replacement power bank.,Sold At,"Amazon.com between January 2024 and September 2024, for between $24 and $30.&nbsp;","Shenzhen Baihang Technology Co., Ltd., of China",,,China,,
26-398,,9-Apr-26,,ShymeryDirect LED Lights Recalled Due to Risk of Serious Injury or Death from Battery Ingestion; Violates Mandatory Standard for Consumer Products with Coin Batteries,ShymeryDirect LED Lights,This recall involves ShymeryDirect branded LED lights. The recalled lights emit a warm white light. Each of the 24 LED lights includes two CR2032 lithium coin batteries. The LED lights measure about 1 inch in diameter.&nbsp; The products are clearly marked with the code X0037GYJYX on their packaging.,"The recalled LED lights violate the mandatory standard for consumer products containing button cell or coin batteries because they contain lithium coin batteries that can be accessed easily by children, posing an ingestion hazard. Additionally, the LED lights do not have the warnings required by&nbsp;https://www.cpsc.gov/Business--Manufacturing/Business-Education/Busines…’s Law. If coin batteries are swallowed, they can cause serious injuries, internal chemical burns and death.",,,Refund,About 295,None reported,"Consumers should immediately stop using the recalled LED lights and place them in an area where children cannot access them. Consumers will be asked to disassemble and submerge all components in water. To receive a full refund, email a photo showing the submerged product to&nbsp;Shymeryrecall0402@outlook.com.Note:&nbsp;Button cell and coin batteries are hazardous. Batteries should be disposed of or recycled by following local hazardous waste procedures.",Sold Online At,Amazon.com from January 2026 through March 2026 for about $23.,,,,China,Retailer:,"ShymeryDirect, of China"
26-397,,9-Apr-26,,Yeeluzan Pool Drain Covers Recalled Due to Risk of Serious Injury or Death from Entrapment and Drowning Hazards; Violates Virginia Graeme Baker Pool & Spa Safety Act; Sold on Amazon by Yeeluzan,Yeeluzan Pool Drain Covers,This recall involves Yeeluzan-branded pool drain covers that are sold for use in swimming pools. The pool drain covers measure about 8.7 inches in diameter and weigh 1.7 pounds. They are white and made of ABS plastic and sold in two-packs.&nbsp;,"The recalled drain covers violate the entrapment protection standards of the&nbsp;https://www.cpsc.gov/Business--Manufacturing/Business-Education/FAQ?p=3… Graeme Baker Pool and Spa Safety Act (VGBA), posing entrapment and drowning hazards to swimmers and bathers.",,,Refund,About 640,None reported,"Pool owners, pool operators and consumers should immediately stop using pools with the recalled pool drain covers. To receive a full refund to their original payment method, consumers should destroy the removed drain cover, take a clear photograph/video of the destroyed product as proof of destruction, and send the proof to the recalling firm by email at&nbsp;yeeluzanrecall@163.com. Ensure all pools and spas are fitted with VGBA-compliant drain covers and teach children to stay away from drains.",Sold Online At,Amazon.com from May 2025 through March 2026 for about $32.,,,,China,Retailer:,"Weifang Luzhan Trade Co., Ltd., dba Yeeluzan, of China"
26-396,,9-Apr-26,,Halloween Pumpkin Carving Kits Recalled Due to Risk of Serious Injury or Death from Battery Ingestion; Violates Mandatory Standard for Consumer Products with Button Cell Batteries; Sold on Amazon by Besslly Store,Besslly Halloween Pumpkin Carving Kits,"This recall involves&nbsp;Besslly&nbsp;Halloween Pumpkin Carving Kits, Model&nbsp;CHD-014-2. The&nbsp;carving kits come with five tea light candles containing 15 preinstalled button cell batteries, ten carving tools with black and orange handles and a bat pattern, ten emoticon stickers, one handbag, and one pair of black latex gloves. “X004P47MYP Besslly Hallow...Fun and Durable New” is printed on the carving kit package.","The recalled carving kits violate the mandatory standard for consumer products with button cell and coin batteries because the button cell batteries in the tea lights can be accessed easily by children, posing an ingestion hazard. Additionally, the product and its packaging do not have the warnings required under&nbsp;https://www.cpsc.gov/Newsroom/News-Releases/2023/Making-Families-Safer-…’s Law. When button cell or coin batteries are swallowed, the ingested batteries can cause serious injuries, internal chemical burns, and death.",,,Refund,About 650,None Reported,Consumers should stop using the recalled carving kits immediately and contact Besslly Store for a full&nbsp;refund. Consumers will be asked to email a photograph of disposal to&nbsp;tingjmng@outlook.com to receive the refund.Note:&nbsp;Button cell batteries are hazardous. Batteries should be disposed of or recycled by following local hazardous waste procedures.&nbsp;,Sold Online At,Amazon.com from March 2024 through December 2025 for between $9 and $20.,,,,China,Seller:,"LinkInnow International Co., Ltd., dba&nbsp;Besslly Store, of China"
26-395,,9-Apr-26,,Head USA Recalls Ski Boots Due to Risk of Serious Injury from Fall Hazard,Head Ski Boots,This recall involves Head Ski Boots with fluorescent yellow components from model years 2016 through 2022 with the model names and article codes shown in the following charts. The article code consists of six digits and is marked in the heel area on the inner side of the left boot.&nbsp;Chart 1 - Boots with fluorescent yellow shell materials eligible for replacement:&nbsp;&nbsp;Chart 2 - Boots with fluorescent yellow sole inserts eligible for new sole inserts:&nbsp;,"The fluorescent yellow materials of the boot shell and sole inserts can deteriorate and break, posing a risk of serious injury from a fall.",,,"Replace, Repair","About 1,365 (In addition, about 525 were sold in Canada)",None reported,"Consumers should stop using the recalled ski boots immediately and contact Head USA or a Head authorized retailer. For recalled boots with fluorescent boot shell materials, Head will provide free replacement boots in a newer equivalent model&nbsp;upon return of the recalled boots. For recalled boots with yellow sole inserts, Head will provide free replacement sole inserts, which can be installed by the consumer or by a ski shop.",Sold At,Various ski retailers nationwide and online from September 2015 through March 2026 for between $500 to $750.,"Head USA Inc., of Boulder, Colorado",,,Czech Republic,,
26-394,,9-Apr-26,,Seasonal Specialties Recalls Members Mark 7’ Pre-Lit Twinkling Bucks Due to Burn Hazard,Members Mark 7’ Pre-Lit Twinkling Buck,This recall involves the 7-foot Pre-Lit Twinkling Buck sold under the Member’s Mark brand name. It has warm white colored LED lights and a control box for the lights. The recalled model number 990404199 is printed on the cord tag near the adaptor wall plug and on the packaging.,"If the wires are connected incorrectly the current limiting resistor can overheat, posing a burn hazard.",,,"Refund, Repair","About 2,460",The firm has received five reports of smoke and a burning smell. No injuries have been reported.,"Consumers should stop using the Members Mark 7’ Pre-Lit Twinkling Buck immediately and contact Seasonal Specialties to request either a full refund or a repair kit.&nbsp; The repair kit includes new instructions on how to connect the wires, color-coded wire labels and a cord tag warning sticker.",Sold Online At,SamsClub.com from August 2025 through December 2025 for about $170.,"Seasonal Specialties, LLC, of Eden Prairie, Minnesota",,,China,,
26-393,,9-Apr-26,,SCUBAPRO Recalls Monorail Weight Pockets for Buoyancy Compensator Devices (BCDs) Due to Risk of Serious Injury or Death from Drowning,SCUBAPRO Monorail Weight Pockets for BCDs,"This recall involves the Monorail Weight Pocket, which is sold as an accessory designed to attach to a Scuba Diving BCD. The weight pocket has a black base and a fabric pouch sold in multiple&nbsp;colors with a gray plastic D-ring handle attached to it. The weight pocket was sold in two sizes, standard and mini, and eight colors, including black, blue, green, orange, pink, teal, white and yellow. The standard size is about 10.75 inches long by 3.75 inches wide by 2 inches deep and weighs about 9.6 ounces. The mini size is about 7.5 inches long by 3.75 wide by 2 inches deep and weighs about 7.52 ounces. Both sizes have a color cover and “Monorail Weight System” printed on the bottom of the pocket.&nbsp; SCUBAPRO is printed on the cover of the standard size.","The D-ring handle that is used to unlock the weight pocket from the Buoyancy Compensator Device (BCD) can detach during use. If this happens, the user will not be able to remove the weight pocket in an emergency in order to rise to the surface, posing a risk of serious injury or death from a drowning hazard.",,,Repair,"About 2,800 (In addition, about 40 were sold in Canada)",The firm has received two reports of the D-ring handle detaching. No injuries have been reported.,Consumers should immediately stop using the recalled Monorail Weight Pocket and register online at https://scubapro.johnsonoutdoors.com/us/recalls for a free repair of the D-ring handle at a local authorized dealer or to obtain a prepaid shipping label to return the recalled weight pocket to SCUBAPRO for a free repair and free return shipping.&nbsp;,Sold At,Specialty dive shops nationwide and online at Scubapro.com and other authorized online retailers from November 2025 through February 2026 for about $200.,"Johnson Outdoors Diving LLC d/b/a SCUBAPRO, of Racine, Wisconsin",,,South Africa,,
26-392,,9-Apr-26,,Magnetic-Drinkware-Charms-Recalled-Due-to-Risk-of-Serious-Injury-or-Death-from-Magnet-Ingestion-Violate-Mandatory-Standard-for-Magnets-Sold-on-Amazon-by-Maitys,Maitys Drinkware Charms,This recall involves Maitys’ drinkware charms. The recalled magnetic charms were sold in sets of 400 multicolored charms with magnetic backings used to attach the charm to glass drinkware. “Maitys” is printed on the front of the charm’s box.,"The recalled magnetic drinkware charms violate the&nbsp;https://www.federalregister.gov/documents/2022/09/21/2022-20200/safety-… standard for magnets because they contain loose magnets posing an ingestion hazard to children. When high-powered magnets are swallowed, the ingested magnets can attract each other, or other metal objects, and become lodged in the digestive system. This can result in perforations, twisting, and/or blockage of the intestines, blood poisoning and death.",,,Refund,"About 16,400",None reported,"Consumers should stop using the recalled drinkware charms immediately, take them away from children and contact Maitys for a full refund. Consumers will be asked to dispose of the charms and send a photo of the disposed product to&nbsp;maituus@outlook.com.",Sold Online At,Amazon.com from October 2022 through January 2026 for about $8.,"Hefei Maitusilu Wangluokeji Youxiangongsi, dba Maitys, of China.",,,China,,
26-389,,9-Apr-26,,Silks Recall Children’s Loungewear Sets Due to Risk of Serious Injury or Death from Burn Hazard; Violates Mandatory Flammability Standards for Children’s Sleepwear,Children’s Loungewear Sets,"This recall involves all Silks-branded children’s loungewear sets. The recalled, two-piece loungewear sets consist of a short-sleeved shirt and matching shorts or pants. The sets were sold in multiple colors with varying prints and in children’s sizes 2T through 13/14. “Silks” and the size are printed on the sewn-in neck label and on the seam label.","The recalled children’s loungewear violates mandatory flammability standards for children’s sleepwear, posing a risk of serious injuries or deadly burn hazards to children.",,,Refund,"About 7,900",None reported,"Consumers should immediately stop using the recalled loungewear, take it away from children and contact Silks for a full refund or store credit. Consumers should destroy the garments by cutting the top and bottom in half and send a photo of the destroyed garments to silkssupport@silksdesign.com. Consumers should then dispose of the loungewear.",Sold Online At,Silksdesign.com from January 2024 through September 2025 for between $40 and $50.,,,,China,Retailer:,"Silks, of Queen Creak, Arizona"
26-388,,9-Apr-26,,SNOOZ Recalls Electrical Fans Due to Fire Hazard,Breez 2-in-1 Smart Bedroom Fan and White Noise Machine,This recall involves the Breez 2-in-1 Smart Bedroom and White Noise electrical fan that provides a combination of white noise and air circulation. It comes in white with a beige stand and is equipped with a temperature-sensing Auto-Fan Mode and user-friendly smart features accessible via the companion app. The Breez fans have a removable barrel power jack and have a serial number on the underside of the fan’s wooden base that begins with BZ10 or BZ02.,"The power connector inside the fan can corrode and cause the fan to overheat, posing a risk of fire.",,,Replace,"About 11,900 (In addition, about 140 were sold in Canada)",The firm reported six cases of the fans overheating and smoking with one report of fire. No injuries or property damage have been reported.,"Consumers should stop using the recalled fan immediately and go to the firm’s website to register for a replacement fan. Breez 2nd&nbsp;Generation sound machines are not affected by this recall.&nbsp;To determine whether a product is affected, consumers should locate the serial number on the underside of the fan’s wooden base. Serial numbers beginning with BZ10, BZ02 or KTCD are included in this recall. Consumers will be asked to cut the power cord and upload a photo of the cut power cord and a photo of the adapter showing the model number and all printed information.",Sold Online At,"Online at Amazon, Shopify, Kickstarter and other small retailers from June 2023 through December 2025 for about $200.","Snooz, Inc., of Las Vegas, Nevada",,,China,,
26-387,,9-Apr-26,,Easymake Adult Portable Bed Rails Recalled Due to Risk of Serious Injury or Death from Entrapment and Asphyxiation; Violates Mandatory Standard for Adult Portable Bed Rails; Imported by ZFZG-US,Easymake Adult Portable Bed Rails,"This recall involves Easymake adult portable bed rails. The white and gray metal bed rails measure about 31.3 inches wide by 39.4 inches tall and have extendable handles and legs with gray padding and a gray storage mesh pocket. “EASYMAKE” and “Manufacturer: Zhongshan Yungu daily products Co., LTD” are printed on the product packaging.","The recalled bed rails violate the mandatory standard for&nbsp;https://www.cpsc.gov/Business--Manufacturing/Business-Education/Busines… portable bed rails because users can become entrapped within the bed rail or between the bed rail and the side of the mattress, posing a serious entrapment hazard and risk of death by asphyxiation.&nbsp;In addition, the bed rails do not bear the required hazard warning labels.",,,Refund,"About 19,000",None reported,"Consumers should stop using the recalled bed rails immediately and contact ZFZG-US for a full refund. Consumers should destroy the bed rail by cutting the storage bag off the upper rail and the safety strap in half, write “Recalled” in permanent marker on the main frame and upload a photo of the marked bed rails to&nbsp;https://easymake-us.myshopify.com/recall. Consumers should then dispose of the recalled product in accordance with state and local waste disposal procedures.",Sold Online At,Amazon.com from August 2023 through February 2026 for about $55.,"Shenzhen Zhongfenzhigu Technology Co., Ltd., dba ZFZG-US, of China","Zhongshan Yungu Daily Products, of China",,China,,
26-386,,9-Apr-26,,Vitaquest International Recalls Multiple Iron Supplement Bottles and Packets Due to Risk of Serious Injury or Death from Poisoning to Young Children; Violates Mandatory Standard for Child-Resistant Packaging,Various Brands of Iron-Containing Dietary Supplements,"This recall involves Arey, Bari Life, Bird&amp;Be, Biote, Dr. Fuhrman, NuLife, HMR, Bariatric Pal, Noevir, Zenbean and Sakara brand iron-containing dietary supplements without child-resistant packaging.Brand / Product NameLotExpiry DateUPCArey Not Today, Grey (60ct and 180ct)0034I5Sept. 20278600071689010342B5Feb. 20278600071689010342B5AFeb. 20278600071689010360G5July 20278600071689010442H4Sept. 20268600071689940442H4ASept. 20268600071689940442H4BSept. 20268600071689940483G5July 2027860007168994Bari Life Complete Bariatric Vitamin – Watermelon (60ct)0138G5July 20288600129139300177D3April 20268600129139300207A4Jan. 20278600129139300333K4Nov. 2027860012913930Bird&amp;Be The Prenatal Essentials for Females (30 pkts)0005K4Oct. 2026860010126417Bird&amp;Be The Power Prenatal for Females (30 pkts)0006K4Aug. 2026860010126479Bird&amp;Be The Power Prenatal for Females + CoQ10 Boost (30pkts)0060L4Aug. 2026860010126493Bird&amp;Be Female Fertility Power Prenatal Pack (30 pkts)0346C5March 2027&nbsp;8600134601360354F5May 2027Bird&amp;Be Complete Prenatal Pack (30 pkts)0342C5May 20278600134601740345F50345F5A0345F5BBird&amp;Be Female Fertility Power Prenatal + CoQ10 Pack (30 pkts)0360F5AJune 20278600134601430360F5June 20270350C5March 2027Biote Nutraceutical Iron+ (30ct)0068F5May 20270516K4&nbsp;0516K4Jan. 20270068F5Dr. Fuhrman Gentle Prenatal Multivitamin + D3 (120ct)0091A5Feb. 2027829584500061Dr. Fuhrman Pixie Vites Children’s Multivitamin (120ct)0130K4Dec. 2026829584500153NuLife Advanced Bariatrics Multivitamin Chewable Tablets (60ct)0041C4Feb. 20277468889150280248J4Oct. 20277468889150280248J4AOct. 20277468889150280305F5July 20277468889150280342J3Oct. 20267468889150280363F3June 20267468889150280363F3AJune 20267468889150280416C5April 20277468889150280440H4Sept. 20277468889150280521D5May 2027746888915028HMR Multi Daily Vitamin and Mineral Supplement (60ct)&nbsp;0013H5July 202700709355144413Bariatric Pal Ultra Multi Bariatric Multivitamin (90ct)0148I4Sept. 20260038407566232Noevir Inner Care Premium BioEssentials (120ct)0134F4July 2026N/AZenbean Kids Café Instant Coffee + Nutrition Latte, Original, Caramel, Chocolate, and Vanilla (30srv)&nbsp;0028H4&nbsp;Aug. 2026&nbsp;8100674449100051H5Aug. 20288500673413380052H5Aug. 20288500673413140050H5Aug. 2028850067341321Sakara The Foundation (30pkts)0340A5Sept. 20268581510083340340A5ASept. 20268581510083340340A5BSept. 20268581510083340340A5CFeb. 20278581510083340340A5DFeb. 20278581510083340540H4DJune 2026858151008334Sakara The Foundation: Prenatal (30pkts)0338A5AFeb. 20278581510083410338A5BFeb. 2027858151008341","The dietary supplements contain iron, which must be in child-resistant packaging as required by the&nbsp;https://www.cpsc.gov/Business--Manufacturing/Business-Education/Busines… Prevention Packaging Act. The packaging of the supplements is not child-resistant, posing a risk of serious injury or death from poisoning if the contents are swallowed by young children.",,,Replace,"About 356,140",None reported,"Consumers should immediately store the supplements out of sight and reach of children and contact Vitaquest International for information on how to obtain a free child-resistant replacement cap or storage pouch.&nbsp;Brand / Product NameRemedyArey Not Today, Grey (60ct and 180ct)Cap&nbsp;Bari Life Complete Bariatric Vitamin – Watermelon (60ct)Storage pouch&nbsp;Bird&amp;Be The Prenatal Essentials for Females (30 pkts)Storage pouch&nbsp;Bird&amp;Be The Power Prenatal for Females (30 pkts)Storage pouch&nbsp;Bird&amp;Be The Power Prenatal for Females + CoQ10 Boost (30pkts)Storage pouch&nbsp;Bird&amp;Be Female Fertility Power Prenatal Pack (30 pkts)Storage pouch&nbsp;Bird&amp;Be Complete Prenatal Pack (30 pkts)Storage pouch&nbsp;Bird&amp;Be Female Fertility Power Prenatal + CoQ10 Pack (30 pkts)Storage pouch&nbsp;Biote Nutraceutical Iron+ (30ct)CapDr. Fuhrman Gentle Prenatal Multivitamin + D3 (120ct)CapDr. Fuhrman Pixie Vites Children’s Multivitamin (120ct)CapNuLife Advanced Bariatrics Multivitamin Chewable Tablets (60ct)CapHMR Multi Daily Vitamin and Mineral Supplement (60ct)&nbsp;CapBariatric Pal Ultra Multi Bariatric Multivitamin (90ct)CapNoevir Inner Care Premium BioEssentials (120ct)CapZenbean Kids Café Instant Coffee + Nutrition Latte, Original, Caramel, Chocolate, and Vanilla (30srv)Storage pouch&nbsp;Sakara The Foundation (30pkts)Storage pouch&nbsp;Sakara The Foundation: Prenatal (30pkts)Storage pouch",Sold At,"Credo Beauty, Erewhon, Healf, Nutrition World, The Vitamin Shoppe, Fullscript, Ulta Beauty stores nationwide, medical practitioners’ offices, brands’ websites and Amazon.com from April 2023 through February 2026 for between $13 and $130 depending on brand and size.&nbsp;",,"Vitaquest International LLC of West Caldwell, New Jersey",,United States,,
26-385,,9-Apr-26,,BISSELL Recalls Over One Million Steam Shot OmniReach Steam Cleaners Due to Risk of Serious Burn Hazard from Attachments,Steam Shot OmniReach and Steam Shot Omni Steam Cleaners with attachments,"This recall involves certain BISSELL Steam Shot OmniReach and Omni handheld steam cleaners with attachments. The affected model numbers are 4155, 4155L, 4155W, 4155G, 4155D, 4155J, 4155Y, 4155P, 4171, 4171L, 4171W, and 4171F. The model numbers are located on the product rating label on the bottom of the unit. The recalled units were sold in green, gray, white, blue, and dark blue. Depending on the model, the products include an accessory nozzle, grout brush, round detail brushes, flat scraping tool, and angle concentrator tool, and may also include an extension hose, fabric steamer and steam&nbsp;squeegee. The attachments and the hose are gray in color.","The recalled steam cleaners’ attachments can unexpectedly detach from the steam cleaners and expel hot water or steam onto users during use, posing a serious burn hazard.",,,Repair,"About 1.7 million (In addition, about 96,000 were sold in Canada)","BISSELL has received 206 reports of hot water or steam unexpectedly escaping from the steam cleaners’ attachments, including 161 reports of burn injuries with a report of one second degree burn.","Consumers should stop using the recalled steam cleaner attachments immediately and contact BISSELL to receive free new attachments. Consumers should visit&nbsp;www.steamshot2026.com to register for the recall and for instructions on how to participate in the recall, including how to upload a photo showing the original attachment accessories have been disposed of in the trash.",Sold At,"Target, Walmart and other department and home goods stores nationwide and online at BISSELL.com, Amazon.com, HSN.com and other websites from October 2024 through March 2026 for between $9 and $55.","BISSELL Homecare Inc. of Grand Rapids, Michigan",,,China,,
26-372,,9-Apr-26,,Wybotics Recalls Robotic Pool Vacuums Due to Burn and Fire Hazards,Osprey 700 Max and S1 robotic pool vacuums,This recall involves Osprey 700 Max with model numbers WY3312MAX and WY100MAX and S1 model number WY200) robotic pool vacuums. Only products with serial numbers listed in the table below are subject to recall.&nbsp; Note: “XXXX” represents any four numeric digits.Product DetailsOsprey 700 MaxS1Model Number(s)WY3312MAX and WY100MAXWY200Product Color(s)&nbsp;Grey and blueGrey and blueBrand Name LocationThe “Wybot” brand name is printed on the top/front of the pool vacuumsThe “Wybot” brand name is printed on the top/front of the pool vacuumsWeight (approximate)17 pounds17 poundsMeasurements (approximate)14.6 x 14.1 x 9.4 inches18 x 17 x 11.5 inchesSerial Number LocationInside the top coverInside the top coverSerial Number (a 10-digit number following the model name)Represented by “WY100M**”&nbsp; &nbsp;Represented by “WY200-” and “W200**”Serial Numbers Subject to RecallWY100M230117XXXX; WY100M230127XXXX; WY100M230130XXXX and WY100M230318XXXXWY200-230328XXXX and W200**230330XXXX,"The lithium-ion battery in the recalled pool vacuums can overheat, posing burn and fire hazards to consumers.",,,Replace,"About 5,000 ","The firm has received ten reports of the pool vacuums overheating or catching fire while charging and not charging, resulting in nine incidents of property damage.  No injuries have been reported.","Consumers should stop using the recalled robotic pool vacuums immediately and contact Wybotics to receive a free replacement WYBOT C2 robotic pool vacuum. Wybotics will provide a free return label for consumers to send the recalled product back to Wybotics. Within 15 days of receiving the recalled pool vacuums, Wybotics will ship the replacement product. Wybotics is contacting all known purchasers directly.",Sold Online At,"Amazon.com, BestBuy.com and Wybotpool.com for between $500 and $700.&nbsp; The S1 was sold from April 2023 through September 2024 and the Osprey 700 Max was sold from April 2023 through November 2024.","Wybotics Inc. of Arcadia, California","Wybotics, Co. Ltd. of Tianjin, China",,China,,
26-382,,2-Apr-26,,Samson International Recalls Bellevue and Oaklynn Canopy Bed Frames Due to Impact and Injury Hazards,Universal Broadmoore brand Bellevue and Oaklynn model canopy bed frames,"This recall involves Samson International canopy bed frames sold under the Universal Broadmoor brand name. There are two models involved, Bellevue and Oaklynn. Both models come in king size and queen size. The model numbers are M24109230, M24109240 (Bellevue Queen and King) and M24107230, M24107240 (Oaklynn Queen and King). The name “Samson International” and the model number are printed on the manufacturing label located on the inside of the bed frame on the right hand-side when looking from the foot of the bed.","The canopy beams of the bed frames can collapse primarily when the bed is moved, posing impact and injury hazards to consumers.",,,Repair,"About 5,600 (In addition, about 516 units were sold in Canada)","The firm has received five reports of the bed canopy collapsing, including five reports of consumers being struck by the canopy beam and four resulting in shoulder and head contusion injuries.",Consumers should not move the recalled bed frames and contact Samson International immediately for a free repair and installation kit consisting of four metal brackets and mounting hardware.,Sold Online At,"Costco.com from October 2024 through February 2026 for between $900 and $1,000.",,"Samson International, of High Point, North Carolina",,Vietnam,,
26-381,,2-Apr-26,,Tuymec Minoxidil Hair Growth Spray Bottles Recalled Due to Risk of Serious Injury or Death from Child Poisoning; Violates Mandatory Standard for Child-Resistant Packaging; Sold on Amazon by DrHealBeauty,"Tuymec Minoxidil Hair Growth Kits, 5% Minoxidil with Biotin Spray","This recall involves Tuymec Minoxidil Hair Growth Kit. The kits contain two black spray bottles with labels that read “Tuymec Minoxidil Hair Hair Growth”, “Advanced Formula” and “5% Minoxidil with BIOTIN”. The kits come in black cartons with white and silver lettering that include “Drug Facts” on the back, distributor information on one of its sides, three icons making product claims on its other side, and batch, manufacture and expiration dates on its bottom.","The hair serum contains minoxidil, which must be in child-resistant packaging as required by the Poison Prevention Packaging Act. The hair serum’s packaging is not child-resistant, posing a risk of serious injury or death from poisoning if the contents are swallowed by young children.",,,Replace,"About 6,200",None reported,Consumers should secure the recalled serum bottles out of sight and reach of children immediately and contact DrHealBeauty for a free empty replacement bottle with a child-resistant closure into which consumers should transfer the recalled bottle’s contents.,Sold Online At,Amazon.com from June 2025 through August 2025 for about $24.,,,,China,Seller:,"DrHealBeauty, of Japan"
26-380,,2-Apr-26,,Sam’s Club Recalls Member’s Mark Children’s Pajama Sets Due to Burn Hazard; Violates Mandatory Flammability Standards for Children’s Sleepwear,Member’s Mark Children’s Valentine SS Notch Collar Pajama Sets,"This recall involves Member’s Mark-branded Valentine SS Notch Collar children’s pajama sets.&nbsp; The Valentine’s-themed pajamas consist of a short and a short-sleeve, button-up top with a front pocket.&nbsp; They were sold in various colors and prints, including solid pink, pink with hearts and cream with bows, and in sizes XS (4/5), S (6/6X), M (7/8), L (10/12), XL (14/16). “Member’s Mark” and the size are printed on the pajama’s neck label.","The recalled pajama sets violate the mandatory standards for flammability of https://www.cpsc.gov/Business--Manufacturing/Business-Education/Busines… lang=""EN-US"">children’s sleepwear, posing a risk of burn injuries to children.",,,Refund,"About 18,000",None reported,"Consumers should immediately stop using the recalled pajama sets, take them away from children and contact Sam’s Club for information on how to receive a full refund. Consumers will be asked to return the product to their local store or to destroy the pajamas by cutting them in half and send a photo of the destroyed pajamas to Supersam@Samsclub.com then dispose of the product.",Sold Online At,Samsclub.com from December 2025 through January 2026 for about $14.,"Walmart, Inc., of Bentonville, Arkansas","Hansoll Textile Ltd., of South Korea","Sam’s West Inc. dba Sam’s Club, of Bentonville, Arkansas",Indonesia,,
26-379,,2-Apr-26,,HTRC and Haisito T400 Battery Chargers Recalled Due to Risk of Serious Injury and Death from Fire Hazard; Manufactured by Huizhou Haitan Technology,HTRC and Haisito battery chargers,"This recall involves battery chargers, model T400, sold under the brand names “HTRC” and “Haisito.” The recalled chargers are black with a touch screen, and the model number T400 is printed on the front. Some units have the brand name “HTRC” printed on the front, while other units do not have a visible brand name. Units without a visible brand name may still have the model number “T400” printed on the front. The brand name “Haisito” may not be printed on the product but may be located on the purchase receipt.","The chargers can ignite or cause a connected battery to ignite, posing a fire hazard and risk of serious injury and death.",,,Refund,"About 4,800","Huizhou Haitan Technology has received 33 reports of fires and explosions, including three reports of burn and smoke inhalation injuries and 12 reports of property damage totaling $224,000. ",Consumers should immediately stop using the recalled chargers and contact Huizhou Haitan Technology for instructions on how to return the chargers for a full refund. Consumers will be instructed to contact the firm to request a prelabeled and prepaid return package to be sent to them so they can return the chargers to the firm for disposal.,Sold At,"AliExpress.us, Amazon.com, Banggood.com, eBay.com, and Pyrodrone.com from March 2019 through March 2026 for about $130.&nbsp;",,"Huizhou Haitan Technology Co., Ltd., of China",,China,,
26-378,,2-Apr-26,,Sangohe Reannounces and Expands Adult Portable Bed Rails Recall Due to Risk of Serious Injury or Death from Entrapment and Asphyxiation; Violates Mandatory Standard for Adult Portable Bed Rails,Sangohe Adult Portable Bed Rails,"This recall involves Sangohe-branded adult portable bed rails models 504E and 504Q. Model 504E bed rail comes in black, measures 23 inches wide by 35 inches tall, and weighs nine pounds. The model number “504E” can be found on the outer packaging box, on the product label/sticker attached to the bed rail, and on the first page of the instruction manual. Model 504Q bed rail comes in black, measures 28.5 inches wide by 43.3 inches tall, and weighs nine pounds. The model number “504Q” can be found on the outer packaging box, on the product label/sticker attached to the bed rail, and on the first page of the instruction manual.&nbsp;&nbsp;","The recalled bed rails violate the mandatory standard for https://www.cpsc.gov/Business--Manufacturing/Business-Education/Busines… lang=""EN-US"">adult portable bed rails because users can become entrapped within the bed rail or between the bed rail and the side of the mattress, posing a serious entrapment hazard and risk of death by asphyxiation. In addition, the bed rails do not bear the required warning labels.",,,Refund,"About 36,500 (In January 2026, Sangohe previously recalled about 26,200 adult portable bed rails)",None reported,"Consumers should immediately stop using the recalled adult portable bed rails and contact Sangohe for a full refund. Consumers should destroy the bed rails by cutting the handrails’ foam padding and writing “RECALLED” on the upper and lower rails with permanent marker, take a photo of the destroyed rails and email the photo to SGHproductrecall@163.com.&nbsp;",Sold Online At,Amazon.com from August 2023 through February 2026 for about $90 (model 504Q) and $110 (model 504E).,,"Zhongshan KDB Health Solutions Co., Ltd., of China","Zhongshan Biankang Medical Equipment Co., Ltd. dba Sangohe, of China",China,,
26-377,,2-Apr-26,,E Mishan Recalls Granitestone Diamond Pro Blue Stainless Sauté Pans Due to Impact and Burn Hazards,Granitestone Diamond Pro Blue Sauté Pans,This recall involves Granitestone Diamond Pro Blue stainless steel sauté pans. The sauté pans were sold in a 2-Piece Set with one pan measuring 10 inches and the other pan measuring 11.5 inches. The UPC number is 0-80313-08131-6.,"The metal cap on the screw that connects the sauté pan to the handle can become detached and forcefully eject when heated, posing impact and burn hazards to consumers.",,,Refund,"About 740,000","E Mishan is aware of at least 98 incidents where the metal cap detached and ejected from the pan, including one report where a consumer received bruising and burn injuries.",Consumers should stop using the recalled sauté pans immediately and contact E Mishan for a full refund. Consumers will be asked to return the recalled sauté pans.,Sold At,"The recalled sauté pans were sold in stores at Costco and online at Costco.com, Walmart.com, and Amazon.com from August 2021 through February 2026 for about $40.","E Mishan & Sons, Inc., of New York, New York",,,China,,
26-375,,2-Apr-26,,TecFlox Hair and Beard Growth Serum Bottles Recalled Due to Risk of Serious Injury or Death from Child Poisoning; Violates Mandatory Standard for Child-Resistant Packaging,TecFlox Hair and Beard Growth Serum Bottles,This recall involves TecFlox’s topical solution bottles. The hair and beard growth serum comes in white plastic bottles fitted with a white nozzle and was sold in packs of four bottles. “TecFlox Minoxidil Topical Solution” is printed on the bottle’s label and the manufacture date “MFD 2025.8.25” on the underside of the bottle.,"The hair and beard growth serum contains minoxidil, which must be in child-resistant packaging, as required by the https://www.cpsc.gov/Business--Manufacturing/Business-Education/Busines… lang=""EN-US"">Poison Prevention Packaging Act. The bottles are not child-resistant, posing a risk of serious injury or death from poisoning if the contents are swallowed by young children.",,,Replace,About 900,None reported,"Consumers should immediately secure the recalled serum bottles out of sight and reach of children and contact TECFLOX to receive free replacement serum bottles, including shipping. Only bottles with serum remaining will be replaced. Consumers will be asked to dispose of the bottles’ contents and email a photo of the bottles in the trash, showing the manufacture date to TecFloxrecall@outlook.com.",Sold Online At,Amazon.com in October 2025 for about $30.,,,,China,Retailer:,"Jichehui Electronics Co. Ltd., dba TecFlox, of China"
26-374,,2-Apr-26,,ELENKER Portable Bed Rails Recalled Due to Risk of Serious Injury or Death from Entrapment and Asphyxiation; Violates Mandatory Standard for Adult Portable Bed Rails; Sold on Amazon by Fuzhou Shiahaha Cultural Industry Development,ELENKER Bed Rails,"This recall involves three different sizes of ELENKER-branded bed rails. The collapsible, portable adult bed rails are silver and come with a strap. Model HFK-5115 (SKU K90002C1) bed rails measure about 37.8 inches wide and 16.3 inches high. Model HFK-5116 (SKU K90001C1) bed rails measure about 28.5 inches wide and 16.3 inches high. Model HFK-5124 (SKU K90003C1) bed rails measure about 48.6 inches wide and 16.3 inches high. The SKU number is printed on the product packaging.","The recalled bed rails violate the mandatory standard for https://www.cpsc.gov/Business--Manufacturing/Business-Education/Busines… lang=""EN-US"">adult portable bed rails because when the bed rails are attached to a bed, users can become entrapped within the bed rail or between the bed rail and the side of the mattress, posing a serious entrapment hazard and risk of death by asphyxiation. In addition, the bed rails do not bear the required hazard warning labels.",,,Refund,About 30,None reported,"Consumers should stop using the recalled bed rails immediately and contact Fuzhou Shiahaha Cultural Industry Development for a full refund. Consumers will be asked to write ""RECALL"" with permanent marker on the bed rails and then dispose of the recalled product in accordance with the state and local waste disposal procedure.",Sold Online At,Amazon.com from August 2023 through February 2026 for about $80.,,,,China,Retailer:,"Fuzhou Shiahaha Cultural Industry Development Co., Ltd., of China"
26-373,,2-Apr-26,,OCUN NA Recalls Condor HMS Triple Carabiners Due to Risk of Serious Injury or Death from Fall Hazard,Ocun Condor HMS Triple Locking Carabiners,"This recall involves Ocun Condor HMS Triple Carabiners sold in dark gray and blue. The carabiners have an independent internal wire gate for belaying and rappelling and a triple locking action gate. The affected carabiners have the following batch numbers 24003xx, 24004xx, 24010xx, 24023xx, 24024xx, 24025xx, 25005xx, 25006xx. The batch number is found on the spine of the carabiner.&nbsp;&nbsp;","The carabiner’s gate can malfunction where the gate does not close automatically and has to be closed manually by hand, posing a risk of serious injury or death due to falling.&nbsp;",,,Replace,"About 295 (in addition, about nine were sold in Canada) ",None reported ,Consumers should stop using the recalled carabiner immediately and contact OCUN NA for a free replacement. Consumers will be asked to fill out the&nbsp;recall form and email it to&nbsp;recall@ocun.com and follow the instructions to receive a prepaid return shipping label and return the recalled product.&nbsp;,Sold At,"First Ascent Climbing and Fitness Arlington, and Vertical eXcape Climbing Center and online at Hownot2.com, backcountry.com, outdoorprolink.com, verticallstore.com from February 2025 through February 2026 for between $23 and $60.","OCUN NA LLC, of Park City, Utah.  ",,,Taiwan,,
26-369,,2-Apr-26,,Coluans Christmas Light-Up Rings Recalled Due to Risk of Serious Injury or Death from Battery Ingestion Hazard; Violates Mandatory Standard for Toys; Sold on Amazon by BUDI Official,Coluans Christmas Light-Up Rings Party Favors,"This recall involves Coluans Christmas Light-Up Rings Party Favors, model number SJP-50. The light-up rings come with 50 multi-colored party favors, including light-up Santas, Christmas trees gingerbread men and other Christmas themed shapes. Each ring includes three preinstalled button cell batteries. The preinstalled button cell batteries are visible through the inner clear casing. The light-up rings have “SJP-50” and “SDJRJJZ0813” printed on labels located at the bottom of the packaging box.","The recalled light-up rings violate the mandatory safety standard for toys because the battery compartment within the LED light ring contains button cell batteries that can be easily accessed by children. When button cell or coin batteries are swallowed, the ingested batteries can cause serious injuries, internal chemical burns and death.",,,Refund,"About 3,540",None reported,"Consumers should take the recalled light-up rings away from children, stop using them immediately and remove and properly dispose of the batteries. Consumers will be asked to throw away the light-up rings and send a photo of the disposed product to BUDIrecall@outlook.com for a full refund.&nbsp; &nbsp;Note: Button cell batteries are hazardous. Batteries should be disposed of or recycled by following local hazardous waste procedures.&nbsp;",Sold Online At,Amazon.com from August 2025 through December 2025 for between $15 to $20.,,,,China,Seller:,"Dongguan Oukatuo Electronic Technology Co., Ltd., dba BUDI Official, of China"
26-368,,2-Apr-26,,Gavoyeat Halloween Light-Up Rings Recalled Due to Risk of Serious Injury or Death from Battery Ingestion Hazard; Violates Mandatory Standard for Toys; Sold on Amazon by CSZWEICD,Gavoyeat Halloween Light-Up Rings Party Favors,"This recall involves Gavoyeat Halloween Light-Up Rings Party Favors, model number 43398-68657. ""B07GF8VD7N"" appears on the back of packaging. The light-up rings come with 50 multi-colored party favors that light up and each includes three preinstalled button cell batteries. The batteries are visible through the inner clear casing. The light-up rings have “Holiday Party Favors LED Light Up Ring” printed on the back of the package.","The recalled light-up rings violate the mandatory safety standard for toys because the battery compartment within the LED light ring contains button cell batteries that can be easily accessed by children. When button cell or coin batteries are swallowed, the ingested batteries can cause serious injuries, internal chemical burns and death.",,,Refund,About 800 units,None reported,"Consumers should take the recalled light-up rings from children, stop using the recalled toys immediately and remove and properly dispose of the batteries. Consumers will be asked to throw away the light-up rings and send a photo of the disposed product to&nbsp;recalledgavoyeat@yeah.net.&nbsp;Note: Button cell batteries are hazardous. Batteries should be disposed of or recycled by following local hazardous waste procedures.",Sold Online At,Amazon.com from June 2025 through January 2026 for about $15.,,,,China,Seller:,"Shenzhen Weichaoda Technology Co., Ltd., dba CSZWEICD, of China"
26-365,,2-Apr-26,,Children’s Toys Recalled Due to Risk of Serious Injury or Death from Choking Hazard; Violates the Small Ball Ban; Sold on Amazon by Beestech,Beestech Children’s Spiral Tower Toys,This recall involves Beestech’s spiral children’s tower toys. The toy has five multicolored levels and a basketball hoop with a character’s face at the top. The toys measure about 10 inches high by four inches wide and come with six plastic balls. “Beestech” and model number&nbsp;“Bee-210316-01” are printed on&nbsp;the product’s packaging.,"The recalled spiral tower toy sets violate the&nbsp;https://www.ecfr.gov/current/title-16/chapter-II/subchapter-C/part-1500… standard for toys because they contain small balls and are intended for children under three years of age, posing a deadly choking hazard.",,,Refund,About 200  ,None reported,Consumers should take the toys away from children immediately and contact Beestech for a full refund. Consumers will be asked&nbsp;to write “Recalled” with permanent marker&nbsp;on the toy and send a photo of the marked toy to&nbsp;beestechballtowerrecall@hotmail.com.&nbsp;Consumers should then dispose of the recalled product.&nbsp;,Sold Online At,Amazon.com from November 2025 through December 2025 for about $15.,,,,China,Seller:,"Dongguan Qicaifeng Trading Co., Ltd., dba&nbsp;Beestech, of China"
26-350,,26-Mar-26,,MPINOI Adult Portable Bed Rails Recalled Due to Risk of Serious Injury or Death from Entrapment and Asphyxiation; Violate Mandatory Standard for Adult Portable Bed Rails; Sold on Amazon by Bioenrrty,MPINOI Adult Portable Bed Rails,This recall involves MPINOI-branded adult portable bed rails. The white metal bed rails measure about 15 inches wide by 26 inches tall and have an extendable handle with gray padding and a black storage mesh pocket. “MPINOI” is printed on the mesh pocket.&nbsp;,"The recalled bed rails violate the mandatory standard for https://www.cpsc.gov/Business--Manufacturing/Business-Education/Busines… lang=""EN"">adult portable bed rails because users can become entrapped within the bed rail, or between the bed rail and the side of the mattress, posing a serious entrapment hazard and risk of death by asphyxiation. In addition, the bed rails do not bear the required hazard warning labels.",,,Refund,About 200,None reported,"Consumers should stop using the recalled adult portable bed rails immediately and contact Bioenrrty for a full refund. Consumers will be asked to destroy the bed rails by cutting the black safety strap in half and writing “RECALLED” on the upper and lower rails with permanent marker, take a photo of the destroyed rails and email the photo to MPINOIproductrecall@outlook.com.&nbsp;",Sold Online At,Amazon.com from December 2025 through February 2026 for about $30.,"Guangzhou Aoran Trading Co., Ltd., dba Bioenrrty, of China",,,China,,
26-349,,26-Mar-26,,DIY Cold Plunge Recalls Sauna Heater Kits Due to Risk of Serious Injury or Death from Fire Hazard,DIY Sauna Heater Kits,"This recall involves the DIY Sauna Heater Kit. The product is a do-it-yourself kit for consumers to assemble a heating fixture with four heat-lamp bulbs (sold separately) and a metal enclosure intended for use in a separate do-it-yourself sauna enclosure, for which carpentry plans are sold separately. The Sauna Heater Kit includes a stainless steel cage (which weighs about 16 lbs., and measures 12”H x 12”W x 8”D when assembled), screws/bolts for assembly, four ceramic bulb sockets, three wire connectors, two ground pigtails, and a three-prong power cord. The recalled Sauna Heater Kit is intended to attach to a customer-built wood frame.&nbsp;&nbsp;","Electrical conductors within the sauna heater kits can overheat, posing a fire hazard and risk of serious injury or death.",,,Refund,"About 675 (In addition, about 14 were sold in Canada)",The firm has received 12 reports of units overheating. No fires or injuries have been reported.,Consumers should stop using the recalled Sauna Heater Kit immediately and register at www.diycoldplunge.com/pages/recall for a full refund. Consumers will be asked to submit written and photo proof that the product has been destroyed/disposed of or request a prepaid shipping label to return the product.&nbsp;,Sold Online At,www.diycoldplunge.com from March 2025 through February 2026 for between $400 and $500.,,"Plunge Buddy LLC, doing business as DIY Cold Plunge, of North Mankato, Minnesota",,United States,,
26-348,,26-Mar-26,,FUNTOK Ride-On Trucks Recalled Due to Fire and Burn Hazards; Risk of Serious Injury or Death; Imported by Shenzhen Luobei Trading,FUNTOK 24V 2-Seater Ride-On Trucks,"This recall involves FUNTOK 24V 2-Seater Ride-On Trucks, model number DLS-K03. The trucks were sold in red, black, white and pink. “4x4” is written in black on the tailgate and “TURBO DIESEL” is written in black on the side of the truck. The brand name “FUNTOK” and model number “DLS-K03” are printed on the User Manual cover and the exterior retail packaging.","The truck’s circuit board can overheat and ignite, posing fire and burn hazards.",,,Refund,"About 1,980","Shenzhen Luobei Trading Co. has received 11 reports of the ride-on trucks catching fire, sparking, burning, melting, overheating and smoking. No injuries have been reported.","Consumers should stop using the recalled ride-on truck immediately, unplug the truck if it is charging, and contact Shenzhen Luobei Trading Co. for instructions to receive a full refund. To obtain a refund, consumers will need to disable the ride-on truck by cutting the wires to the battery and submitting a photo of the cut wires with “VOID,” the consumer’s name and the date written on the hood of the truck in permanent marker. Consumers should dispose of the disabled ride-on truck once they receive their refund. Directions on how to disassemble and disable the ride-on truck can be found on&nbsp;https://funtok.net/pages/voluntary-product-safety-recall.&nbsp;Note:&nbsp;Do not throw the truck battery in the trash, or in the general recycling stream (e.g., street-level or curbside recycling bins). Lead-acid batteries must be disposed of differently than other batteries. Your municipal household hazardous waste (HHW) collection center or battery recycling boxes found at various retail and home improvement stores may accept this lead-acid battery for disposal. Before taking your battery to a HHW collection center, contact that office ahead of time and ask whether it accepts lead-acid batteries. If it does not, contact your municipality for further guidance.",Sold Online At,"Amazon.com, Walmart.com, and TikTok.com from October 2025 through December 2025 for about $240.","Shenzhen Luobei Trading Co., Ltd., of China",,,China,,
26-347,,26-Mar-26,,Petzl America Recalls Nomic and Ergonomic Ice Climbing Axes Due to Fall Hazard; Risk of Serious Injury or Death,Nomic and Ergonomic Ice Climbing Axes,"This recall involves the Petzl Nomic ice climbing axes (model U021AA00, serial numbers 17L 0000000 000 to 20F 9999999 999) and Ergonomic ice climbing axes (model U022AA00, serial numbers 18F 0000000 000 to 21L 9999999 999). The axes are made from an aluminum shaft, steel pick and reinforced plastic grip. Nomic axes are black and Ergonomic axes are orange.&nbsp;The serial number for both models is printed on a label on the upper portion of the shaft.","The ice axe shaft can break at the handle during use, posing a fall hazard, which can result in serious injury or death.",,,Repair,"About 4,200 (In addition, about 1,160 were sold in Canada)",The firm has received 26 reports of the ice axe shafts breaking at the handle. No injuries have been reported.,"Consumers should immediately stop using the recalled ice axes and contact Petzl America for a free repair kit. Consumers should register at https://www.petzl.com/US/en/Sport/Contact?request=product-recall to request a pre-paid shipping label to return the shaft. Petzl America will send a repair kit with a new shaft, hardware for the grip rest and assembly instructions.&nbsp;",Sold At,"REI, Moosejaw Mountaineering and other specialty stores nationwide and online at petzl.com, REI.com and Backcountry.com from December 2017 through March 2022 for between $380 and $440.","Petzl America, Inc., of Salt Lake City, Utah",,,France,,
26-346,26-313,26-Mar-26,5-Mar-26,CCCEI Brand Power Strips Recalled Due to Risk of Serious Injury or Death from Fire; Sold by Middle Way Electronics,CCCEI Power Strips,"This recall involves CCCEI-branded power strips with 6ft, 10ft, and 15 ft power cords. The power strips have a black metal enclosure with six receptacles made of black plastic and individual on/off switches for each receptacle. The back of the power strip has a white label that says: “Relocatable Power Taps. Caution keep children away. To reduce the risk of electric shock, use only indoors, risk of electrical shock. Do not plug into another relocatable power taps or an extension cord. Use only in dry location. Made in China”","The power strips do not contain supplementary overcurrent protection, which creates a risk of fire if the power strips are overloaded. The resulting fire can cause serious injury or death from smoke inhalation and burns.",,"WASHINGTON, D.C. – The U.S. Consumer Product Safety Commission (CPSC) is warning consumers to stop using CCCEI Power Strips with 6ft, 10ft, or 15ft power cords immediately because they pose a risk of serious injury or death.&nbsp;The power strips do not contain supplementary overcurrent protection which creates a risk of fire if the power strips are overloaded. The resulting fire can cause serious injury or death from smoke inhalation and burns.&nbsp;&nbsp;The retailer, Middle Way Electronics, has not agreed to an acceptable recall.&nbsp;The defective power strips come with 6ft, 10ft, or 15ft power cords. The power strips have a black metal enclosure with six receptacles made of black plastic and individual on/off switches for each receptacle. The products were sold on Amazon.com from April 2024 through January 2026 for between $25 and $30.&nbsp;&nbsp;The defective power strips were manufactured in China.&nbsp;",Refund,"About 5,543",Middle Way Electronics has received two reports of the power strips sparking and melting. No fires or injuries have been reported.,Consumers should immediately stop using the CCCEI power strips and contact Middle Way Electronics to receive a full refund.,Sold Online At,Amazon.com from April 2024 to January 2026 for between $23 and $30.,,,,China,Retailer:,"Middle Way Electronics, of China"
26-345,,26-Mar-26,,GLMZZ Fidget Magnet Ball Toys Recalled Due to Risk of Serious Injury or Death from Magnet Ingestion; Violates Mandatory Standard for Toys,GLMZZ Fidget Magnet Ball Toys,"This recall involves GLMZZ Fidget Magnet Ball Toy Sets. Each set contains eight round magnet balls (white, blue, green, pink, yellow, cream and two purple balls). Each ball is about 1.24 inches in diameter. The magnet toys come in a black zippered case.","The&nbsp;magnet ball toys violate the&nbsp;https://www.cpsc.gov/Business--Manufacturing/Business-Education/Toy-Saf… standard for toys because they are high-powered magnets, posing an ingestion hazard to children. When high-powered magnets are swallowed, they can attract each other, or other metal objects, and become lodged in the digestive system. This can result in perforations, twisting, and/or blockage of the intestines, blood poisoning and death.",,,Refund,"About 9,350",None reported,"Consumers should stop using the recalled magnet ball toys immediately, take them away from children, and contact GLMZZ to receive a full refund. Consumers will be asked to throw the magnet ball toys away and email photo of the disposal to&nbsp;GLMZZrecall@outlook.com.",Sold Online At,Amazon.com from February 2025 to October 2025 for about $15.,,,,China,Retailer:,"Shenzhen Jiaying E-commerce Co., Ltd., dba GLMZZ, of China"
26-344,,26-Mar-26,,Sunnyyes LED Mini Lights Recalled Due to Risk of Serious Injury or Death from Battery Ingestion; Violates Mandatory Standard for Consumer Products with Coin Batteries,Sunnyyes LED Mini Lights,This recall involves Sunnyyes branded LED mini lights. The recalled color changing lights have 13 colors. Each of the 10 multicolored lights includes two CR2032 lithium coin batteries. The lights include two remote controls that contain one CR2025 coin lithium battery each. The LED lights measure 1.18 inches in diameter.,"The recalled LED lights violate the mandatory standard for consumer products containing button cell or coin batteries because the lights contain lithium coin batteries that can be accessed easily by children, posing an ingestion hazard. Additionally, the screw used on the remote controls to secure the battery compartments that contain a lithium coin battery does not remain attached. Also, the packaging does not have the warnings as required by&nbsp;https://www.cpsc.gov/Business--Manufacturing/Business-Education/Busines…’s Law. When button cell or coin batteries are swallowed, the ingested batteries can cause serious injuries, internal chemical burns and death.",,,Refund,"About 26,000",None reported,"Consumers should stop using the recalled LED lights immediately and place them in an area where children cannot access them. Consumers will be asked to disassemble and submerge all components in water. To receive a full refund, consumers will be asked to email a photo of the submerged product to&nbsp;usa@sunnyyes.com.Note:&nbsp;Button cell and coin batteries are hazardous. Batteries should be disposed of or recycled by following local hazardous waste procedures.",Sold Online At,Amazon.com from March 2024 through March 2026 for about $20.,,,,China,Retailer:,"Huizhoushi Chuanglianxin Technology Co., Ltd, dba Sunnyyes, of China"
26-343,,26-Mar-26,,DuraTrac Recalls Stainless Steel Gas Connectors Due to Fire Hazard,DuraTrac stainless steel gas connectors,"This recall involves DuraTrac stainless steel gas connectors sold between May 2025 and November 2025. The recalled products have a yellow product label that includes the brand name “DuraTrac,” and “Made in Thailand,” and are marked CSA file number “259973” engraved on the flare nuts with one of the following codes indicating their date of manufacture: 24D, 25A, 25B, or 25C.","The recalled DuraTrac gas connectors contain a manufacturing defect that could cause a gas leak, posing a fire hazard to consumers.",,,Refund,"About 196,800",None reported,Consumers should stop using the recalled DuraTrac stainless steel gas connectors immediately and contact DuraTrac for a full refund.,Sold At,"Ace Hardware, Blake’s Inc. and Merritt’s Hardware stores from May 2025 through November 2025 for about $20.","DuraTrac, of Anaheim, California",,,Thailand,,
26-342,,26-Mar-26,,AirClub Convertible Bassinets Recalled Due to Risk of Serious Injury or Death from Fall Hazard; Violates Mandatory Standard for Bedside Sleepers,AirClub Convertible Bassinets,"This recall involves AirClub convertible bassinets which convert into a bedside sleeper. The bassinets come in light grey,&nbsp;beige,&nbsp;and purple&nbsp;colors with quilted padding. “Product Model QX-831” is on a label located on the bottom of the convertible bassinets underneath the mattress pad.","The recalled convertible bassinets violate the mandatory standard for&nbsp;https://www.cpsc.gov/Business--Manufacturing/Business-Education/Busines… sleepers because the mechanism used to attach the product to the adult bed creates an opening between the bedside sleeper and mattress, posing a deadly fall hazard to infants.",,,Repair,"About 110,400",None reported,"Consumers should stop using the recalled AirClub convertible bassinets immediately and contact AirClub for a replacement attachment mechanism. Consumers will be asked to cut off the two original L-shape straps, throw them away and follow the instructions provided to install the new four straps with T-shaped buckle.",Sold Online At,Amazon.com from October 2023 through December 2025 for between $110 and $130.,,,,China,Retailer:,"Zhangzhou Qiangxing Supply Chain Management Co., Ltd. dba AirClub of China"
26-341,,26-Mar-26,,Vive Health Recalls Adult Portable Bed Rails Due to Risk of Serious Injury or Death from Entrapment and Asphyxiation; Two Deaths Reported,Vive Health Bed Rails,"Washington, D.C. -- The U.S. Consumer Product Safety Commission (CPSC) and Vive Health LLC, of Naples, Florida, are announcing the recall of three models of Vive Health adult bed rails. The recalled bed rails pose a risk of entrapment and asphyxia because users can become entrapped within the rail or between the rail and mattress.Vive Health has received two reports of entrapment deaths associated with one model of the recalled bed rails. The deaths occurred in September 2024 and involved a 97-year-old man at an assisted living facility in Texas and a 93-year-old man at his home in Florida.Consumers should stop using the recalled bed rails immediately and contact Vive Health for a full refund.This recall involves the Vive Health Compact Bed Rail (model LVA2009SLV) and Bed Rail Collection V (model LVA2097SLV), as well as units of the Vive Health Bed Rail model LVA1024 purchased on or before August 21, 2023. Vive Health previously recalled units of model LVA1024 purchased after August 21, 2023, on&nbsp;February 19, 2026. The recalled bed rails are made of silver or white metal tubing with a black foam rubber grip handle. The recalled bed rails may not contain model numbers or brand-specific labels.Vive Health sold about 122,000 units of the recalled bed rails at medical supply stores nationwide and online at&nbsp;www.vivehealth.com, Amazon and online medical supply stores. The bed rails were sold from September 2019 through December 2025 for between $45 and $90. They were manufactured in China.&nbsp;Consumers should stop using the recalled bed rails immediately and contact Vive Health for a full refund.CPSC urges consumers to report any related incidents to the agency at&nbsp;www.SaferProducts.gov.","When the recalled bed rails are attached to a bed, users can become entrapped within the bed rail or between the bed rail and the side of the mattress. This poses a serious entrapment hazard and risk of death by asphyxiation.",,,Refund,"122,000",Vive Health has received two reports of entrapment deaths associated with one model of the recalled bed rails. The deaths occurred in September 2024 and involved a 97-year-old man at an assisted living facility in Texas and a 93-year-old man at his home in Florida.,Consumers should stop using the recalled Vive Health Bed Rails immediately and contact Vive Health for a full refund. Consumers should write “RECALLED” on the upper and lower portions of the bed rails with permanent marker and take a photo of the marked bed rail with the buyer’s name on a piece of paper and email to&nbsp;recalls@vivehealth.com. Consumers should then dispose of the recalled product in accordance with the state and local waste disposal procedure.,Sold At,"Vive Health sold the recalled bed rails at medical supply stores nationwide and online at&nbsp;www.vivehealth.com, Amazon and online medical supply stores. The bed rails were sold from September 2019 through December 2025 for between $45 and $90.","Vive Health LLC, of Naples Florida","Ningbo Shenyu Medical Equipment Co., Ltd., of China",,China,,
26-340,,26-Mar-26,,4our Kiddies Tip Restraint Kits Recalled Due to Tip-Over Hazard; Risk of Serious Injury and Death,4our Kiddies Plastic Tip Restraint Kits,"This recall involves defective plastic tip restraint kits (also referred to as furniture straps) manufactured by 4our Kiddies. The recalled tip restraint kits contain two white plastic brackets/mounts (one for connection to furniture and the other for connection to the wall), a white plastic cable zip tie, two different pairs of screws (one longer than the other) and two drywall anchors.The plastic in the brackets/mounts and the cable zip tie can break or degrade over time, which could lead to furniture tipping over if a consumer interacts with furniture that was secured by the recalled product. CPSC testing revealed that the recalled plastic tip restraints failed to meet the requirements of the industry standard for tip restraints.CPSC’s Anchor It! website,&nbsp;www.anchorit.gov/, has educational materials available to the public, including important instructions for properly anchoring furniture to prevent tip-overs.","The recalled plastic tip restraint kits (also referred to as furniture straps) can break or degrade, posing tip-over and entrapment hazards that can result in serious injuries or death to children or elderly consumers interacting with furniture that is secured to the wall with the defective plastic tip restraints. This is a hidden defect because consumers who purchase and install this product may be under a false sense of security that their furniture is safe from a tip-over incident.",,,Replace,"About 253,500","CPSC is aware of at least 150 incidents where consumers reported that the defective plastic tip restraint kits broke, including three reported tip-over incidents.",Consumers should stop using 4our Kiddies plastic tip restraints immediately and contact 4our Kiddies for a free replacement tip restraint kit made of stainless steel. Consumers should keep children away from the unit while waiting for a replacement tip restraint kit and should dispose of the recalled tip restraint in their household trash once they have installed the replacement tip restraint.,Sold Online At,Amazon.com from June 2019 through January 2026 for between $6 and $21.,"Shenzhen City Donglin E-Commerce Co., Ltd d/b/a 4our Kiddies, of China",,,China,,
26-339,,26-Mar-26,,Nexgrill Recalls Over 10.2 Million Metal Wire Bristle Grill Brushes Due to Ingestion Hazard; Sold at Home Depot,Metal Wire Bristle Grill Brushes,"This recall involves Nexgrill metal wire bristle grill brushes with black plastic or wood handles measuring between 18 and 21 inches long. The following model numbers are included in this recall and can be found on the product packaging: 530-0024, 530-0024G, 530-0034, 530-0039, 530-0041, 530-0042. Only the model numbers listed below are part of this recall. The word “Nexgrill” is included on each model.Model No.Brush DescriptionBrush PictureDistribution Dates530-002419-Inch Grill Brush2015-2026530-0024GGrill Cleaning Brush with Scraper&nbsp;2022-2026530-0034Long Handle Grill Brush&nbsp;2015-2026530-0039Grill Brush and Scraper&nbsp;2015-2026530-0041Grill Brush with Scrub Pad&nbsp;2015-2026530-0042Wood Handle Grill Brush&nbsp;2015-2021","Small metal wire bristles can detach from the brushes and stick to the grill or food, posing an ingestion hazard and risk of serious internal injuries that could require surgery.",,,Refund,About 10.2 million,"Nexgrill is aware of at least 68 reports and reviews where small wire bristles detached from the grill brushes, including five reports of consumers who swallowed metal bristles and sought medical treatment to remove the bristles from their digestive tract or throat.","Consumers should immediately stop using the recalled grill brushes and contact Nexgrill for a full refund. Consumers will be provided with a registration code as part of the recall process and will be directed to upload a photograph of their grill brush with that code and their initials to the recall website to register for the recall. After receiving a confirmation email that their registration has been successfully processed, consumers will then receive directions on how to discard of the recalled grill brush.",Sold At,The recalled grill brushes were sold in stores at Home Depot and online at homedepot.com from 2015 through 2026 for between about $5 and $15.,"Nexgrill Industries, Inc. of Chino, California",,,China,,
26-335,,19-Mar-26,,Aisstxoer Adult Bicycle Helmets Recalled Due to Risk of Serious Injury or Death from Head Injury; Violates Mandatory Standard for Bicycle Helmets; Sold on Amazon by YXTDZ Store,Aisstxoer Adult Bike Helmets,"This recall involves Aisstxoer bike helmets. The recalled helmets were sold in size large, fitting a head circumference of about 22.8 to 24.4 inches, and in the color pink. The recalled helmets have black padding, black straps, a black buckle and a black plastic knob at the back, for adjusting the fit. “Aisstxoer” and the size are printed on a white label on the packaging and the model “GH018L” is printed on a label located inside of the helmet.&nbsp;","The recalled helmets violate the mandatory safety standard for https://www.cpsc.gov/Business--Manufacturing/Business-Education/Busines… lang=""EN-US"">bicycle helmets because the helmets do not comply with the impact attenuation, positional stability, and certification requirements. The helmets can fail to protect the user in the event of a crash, posing a serious risk of injury or death due to head injury.",,,Refund,About 200,None reported ,Consumers should stop using the recalled adult helmets immediately and contact YXTDZ Store for a full refund. Consumers will be asked to destroy the recalled helmet by cutting the straps and email a photo of the destroyed helmet to yxtdzamz@126.com.&nbsp;&nbsp;&nbsp;,Sold Online At,Amazon.com from October 2025 through November 2025 for about $25.&nbsp;,,,,China,Retailer:,"Shenzhenshiyongxintaidianziyouxiangongsi (Shenzhen Yongxintai Electronics Co., Ltd.), dba, Yxtdz Store, of China&nbsp;"
26-334,,19-Mar-26,,Amazon Recalls Amazon Basics Camping Folding Pocket Knives Due to Laceration Hazard,Amazon Basics Camping Folding Pocket Knives,"This recall involves the Amazon Basics Camping Folding Pocket Knife with a 3.5” blade. It is made from black high carbon stainless steel and has a pocket clip. The model number is B0DM5BJK3H. Manufacturing lot codes (MLC) C25021766FJO, C25090466FJO or C25090566FJO are printed on the side of the white packaging box.","The folding mechanism on the blade can fail to remain properly secured in the closed position, posing a laceration hazard.",,,Refund,"About 2,840",Amazon received one report of the blade not remaining properly secured in the closed position. No injuries have been reported.,"Consumers should immediately stop using the recalled knife and register for the recall at https://amazonfoldingkniferecall.expertinquiry.com/. Consumers will be provided with a prepaid return kit and instructions to safely return the recalled knife to Amazon. Upon receipt, consumers will be issued a full refund to the original payment method or in the form of an Amazon gift card.&nbsp;&nbsp;",Sold Online At,Amazon.com from August 2025 through February 2026 for about $30.&nbsp;,"Amazon.com Services LLC, of Seattle, Washington",,,China,,
26-333,,19-Mar-26,,Electrolux Group Recalls Frigidaire Gas Ranges Due to Burn Hazard,Frigidaire Gas Ranges,"This recall involves Frigidaire, Frigidaire Gallery, and Frigidaire Professional Gas Ranges Models FCFG3083AS, FCRG3083AD, FCRG3083AS, GCFG3060BD, GCFG3060BF, GCFG3070BF, GCRG3060BD, GCRG3060BF, PCFG3080AF, FCFG3062AB, FCFG3062AS, FCFG3062AW, FCRG3051BB, FCRG3051BS, FCRG3051BW, FCRG3052BB, FCRG3052BS, FCRG3052BW, FCRG3062AB, FCRG3062AS, FCRG3062AW, FCRG306LAF, and GCFG3059BF, within the serial number range of VF52200000 through VF54399999.The model and serial numbers are printed on a nameplate located in the drawer beneath the oven.","The ovens in the ranges can experience a delayed ignition of the oven's bake burner, posing a risk of burn hazards to users.",,,Repair,"About 174,800 (In addition, about 5,300 were sold in Canada)","Electrolux Group and the CPSC are aware of 62 reports of the oven’s bake burner delayed ignition, including 30 reports of burn injuries.",Consumers should stop using ovens in the recalled ranges immediately and contact Electrolux Group for a free repair. Electrolux Group will provide professional in-home installation of a new bake burner at no cost to consumers. Consumers can continue to use the cooktop burners on the range.,Sold At,"Lowe’s, The Home Depot, and other retail stores nationwide and online at Frigidaire.com from June 2025 through January 2026 for between $630 and $2,700.",,"Electrolux Consumer Products, Inc., of Charlotte, North Carolina",,United States,,
26-332,,19-Mar-26,,Infant Walkers Recalled Due to Risk of Serious Injury or Death from Fall Hazard; Violate Mandatory Standard for Infant Walkers; Sold on Amazon by Goregent Official Store,Goregent Infant Walkers,"This recall involves&nbsp;Goregent-branded&nbsp;infant walkers. The walkers are green and have a fabric seat with animal print, a rotating activity tray with toys, lights and music, a round base and six wheels. The walkers are collapsible with three adjustable height settings. “Model No: 901,” “SKU: GEBA030AGXP” and “Date of Production: November 2025” are printed on a yellow label located on the walker’s base.","The recalled infant walkers violate the mandatory standard for&nbsp;https://www.cpsc.gov/Business--Manufacturing/Business-Education/Busines… walkers because they can fit through a standard doorway and fail to stop at the edge of a step,&nbsp;posing a risk of serious injury or death due to a fall hazard.",,,Refund,About 90,None reported,"Consumers should immediately stop using the&nbsp;recalled infant walkers and contact Goregent Official Store for a full refund. Consumers will be asked to disassemble the walker, remove the fabric seat, write “Recalled” on the top of the tray in permanent marker and send a photo of the recalled&nbsp;infant walker to&nbsp;GoregentInfantWalkersRecall@outlook.com.",Sold Online At,Amazon.com in January 2026 for about $90.,,,,China,Retailer:,"Dongguanshi Aokaolan Trading Co., Ltd., dba&nbsp;Goregent Official Store, of China"
26-331,,19-Mar-26,,Lifetime Brands Recalls BUILT LUUM Light Up Tumblers Due to Risk of Choking and Battery Ingestion Hazards,BUILT LUUM Tumblers,"This recall involves the LUUM collection of BUILT-branded light up tumblers. The recalled plastic 16 oz. or 18 oz. drinking cups with a lid and a straw were sold in various winter holiday and Fourth of July themes. The tumblers have a bottom compartment containing a LED light that has a preinstalled button cell battery. “lumm,” the tumbler’s theme name and the following corresponding item numbers and UPC codes are printed on a label located on the tumblers’ underside or hangtag:LUUM Tumbler ThemeCapacityItem #UPCFESTIVE FOREST18 oz5323719843461115513MERRY GLOW18 oz5323721843461115551LET IT SNOW18 oz5323722843461115520WINTER BLOOM18 oz5323723843461115537MERRY MAGIC18 oz5323724843461115544JOLLY JOURNEY18 oz5323725843461115568HEART N STARS18 oz5331965843461121002USA18 oz5331966843461121019STARS18 oz5331967843461121026FLAG18 oz5331968843461121033WINDMILL18 oz5331969843461121040BLUE FIREWORKS18 oz5331974843461121057FESTIVE FOREST16 oz5324497843461116374MERRY GLOW16 oz5324498843461116381LET IT SNOW16 oz5324499843461116398","The recalled LED tumblers can break, making the button cell batteries accessible to children and posing choking and ingestion hazards. When button cell or coin batteries are swallowed, the ingested batteries can cause serious injuries, internal chemical burns and death.",,,Refund,"About 75,700",Lifetime Brands has received one report of a child gaining access to the tumbler’s button cell battery and putting it in the mouth. No injuries have been reported.,"Consumers should stop using the recalled tumblers immediately, place them in an area that children cannot access and properly dispose of the battery. Contact Lifetime Brands for a full refund. Consumers will be asked to throw the piece with the LED light away and upload a photo of the product in the trash when completing a Product Recall Refund Form at&nbsp;https://www.builtny.com/pages/recall.&nbsp;Note: Button cell batteries are hazardous. Batteries should be disposed of or recycled by following local hazardous waste procedures.",Sold At,"Kroger, Hy-Vee, Meijer, Nordstrom Rack and Winn-Dixie stores nationwide and online at Builtny.com from October 2024 through December 2025 for between $10 and $15.","Lifetime Brands, Inc., owner of the BUILT brand, of Garden City, New York",,,China,,
26-330,,19-Mar-26,,Specialized Bicycle Components Recalls Specialized Turbo Como SL Electric Bicycles Due to Risk of Serious Injury or Death from Fall Hazard,Specialized Turbo Como SL 4.0 & 5.0 Bicycle Forks,"This recall involves bicycle forks on all Specialized Como SL electric bicycles, regardless of model. “Como SL” is printed on the bicycle’s seat tube or top tube, and the bikes were sold in a variety of colors, including Cast Umber, Dove Grey and Raspberry (Como SL 4.0), and Smoke, Brassy Yellow and Brushed Silver (Como SL 5.0). You can also determine which model you have by connecting your bicycle to the Specialized app. Only SL versions in the Como family of bicycles are part of this recall.","The bike’s fork steerer tube can develop a small fatigue crack that can lead to a progressive failure of the fork, posing a fall hazard.",,,Repair,"About 5,720",The firm has received one report of an incident involving a steerer tube failing and breaking. No injuries have been reported.,Consumers should stop using their Specialized Turbo Como SL bicycles immediately and contact their Authorized Specialized Retailer to schedule an appointment to bring their bike in for a free replacement of the fork at an authorized dealer location. Replacement parts are expected to be available in Spring 2026.,Sold At,"Online at www.specialized.com and through Authorized Specialized Retailers between March 2021 through January 2026 for between $3,250 and $4,800.","Specialized Bicycle Components Inc., of Morgan Hill, California",,,Taiwan or Vietnam,,
26-329,,19-Mar-26,,Tainoki Fine Furniture Recalls Office Chairs Due to Risk of Serious Injury and Fall Hazard,Swivel Office Chairs,"This recall involves height-adjustable swivel office chairs designed for desk use. The chairs feature an upholstered padded seat, backrest headrest, and two padded armrests supported by chrome-finished metal bars. The following model names, model numbers, and colors are included in this recall: Noah Office Chair, model number M7016O in Cream, Jiffy, French Roast, and Black; the Owen Office Chair, model number M7004O in Cream, Black, Merlin, Jiffy and Wade; the Warren Office Chair, model number M7074O in Taupe and Justin's. The model numbers can be found on the label on the underside of the chair seat. The chairs sit on a five-star chrome metal base with five black rolling casters.","The recalled chairs’ base can bend, posing a fall hazard.",,,Refund,"About 2,200",None reported,"Consumers should stop using the recalled chairs immediately and visit&nbsp;https://www.tainoki.com/recall for instructions on how to participate in the recall. Consumers will be asked to submit photos of the recalled chairs, the model number and proof of destruction for a full refund.",Sold At,HomeGoods stores nationwide from August 2025 through December 2025 for between $180 and $200.,"Tainoki Fine Furniture, of Brea, California",,,China,,
26-328,,19-Mar-26,,Wagner Spray Tech Recalls 900 Series Power Steamers Due to Burn Hazard,Wagner 900 Series Power Steamers,"This recall involves Wagner 900 Series power steamers. Models 905e Auto Steamer, 915e On-Demand Power Steamer, and 925e Steam Machine Elite Steamer are included in this recall. All steamer models contain the same base steamer but include different accessories. The steamers include a yellow and black pressurized boiler base with “Wagner” written on the sides of the product. The model number may also appear on the sides of the product. The base also contains a clear storage compartment for accessories, a handle, wheels, an eight-foot-long black steam hose, and a nozzle/gun with trigger to start and stop the steam.","The attached hose can get excessively hot and the nozzle/gun can expel hot water during use and after the trigger is engaged, posing a serious burn hazard to consumers.&nbsp;",,,Repair,"About 700,000 (In addition, about 8,000 in Canada) ","Wagner has received at least 156 incidents involving the hose getting too hot or the nozzle/gun expelling hot water. This includes over 50 reported burn injuries to consumers’ arms, hands, feet, and face, many of which resulted in first- or second-degree burns.","Consumers should stop using the recalled steamers immediately and contact Wagner for a free repair kit, consisting of a hose sleeve, nozzle cover and funnel.&nbsp;",Sold At,"The Home Depot, Lowe’s, Walmart, Target, HSN and QVC, and online at Amazon.com and www.wagnerspraytech.com from November 2018 to March 2026 for between $130 and $200.","Wagner Spray Tech Corp. of Plymouth, Minnesota",,,China,,
26-324,,12-Mar-26,,LFTE USA Recalls Playground Swing Set Seats Due to Fall Hazard,Playground Swing Set Seats,"This recall involves the Playground Swing Set Seats sold as part of assembled playground sets. The swing belt seat was sold in black, blue, green, red, tan, and yellow colors. The product is marked with the code “LF-65708” on the seat pad part. Only swings with model number 999604 are included in this recall.&nbsp;&nbsp;","The rivets used to support the swing seat can fail, posing a fall hazard to children.",,,Replace,"About 7,200","The firm received one report of a swing breaking and a child falling, resulting in a minor injury.",Consumers should stop using the recalled playground swings immediately and contact LFTE USA for a free replacement swing seat. Little Tikes Commercial and Miracle Recreation Equipment have contacted all known purchasers directly.,Sold At,Miracle Recreation Equipment and Little Tikes Commercial nationwide from January 2025 through September 2025 for between $80 and $95. The swing belt seat was only sold directly to playground manufacturers and not to individual consumers.,"LFTE USA Inc., of Cary, North Carolina",,,China,,
26-323,,12-Mar-26,,17 Stories Furniture 14-Drawer Dressers Recalled Due to Risk of Serious Injury or Death from Tip-Over and Entrapment Hazards; Violates Mandatory Standard for Clothing Storage Units; Imported by Hong Kong Baojia International,17 Stories Furniture 14-Drawer Dressers,"This recall involves 17 Stories Furniture 14-Drawer Dressers. The recalled dressers were sold in the following colors: black, white, and brown. They have 14 fabric drawers and are 11.8 inches long by 37.4 inches wide by 52.2 inches tall. They have a metal frame, wooden top and 14 collapsable fabric drawers. Model numbers 55SCDR14KDBRDL, 55SCDR14KDCHDL, 55SCDR14KDPDL, 55SCDR14KDWPVCDL, and 55SCDR14KDGDL can be found on the product’s packaging, or on the order information in your Wayfair account.","The recalled dressers are unstable if they are not anchored to the wall, posing tip-over and entrapment hazards that can result in risks of serious injuries or death to children. The dressers violate the mandatory standard as required by the&nbsp;https://www.cpsc.gov/Business--Manufacturing/Business-Education/Busines… Act.",,,Refund,"About 3,000",None reported,Consumers should immediately stop using the recalled dressers if they are not anchored to the wall and place them in an area that children cannot access. Contact Hong Kong Baojia International for instructions on how to identify affected units and dispose of the dressers to receive a full refund. Consumers will be asked to submit a photo to&nbsp;Baojia_recall@outlook.com demonstrating disposal of the product.,Sold Online At,Wayfair.com from September 2023 through January 2026 for about $135.,"Hong Kong Baojia International Limited, of China",,,China,,
26-321,,12-Mar-26,,LIVEHOM 11-Drawer Dressers Recalled Due to Risk of Serious Injury or Death from Tip-Over and Entrapment Hazards; Violates Mandatory Standard for Clothing Storage Units; Sold on Amazon by Simplehome,LIVEHOM 11-Drawer Dressers,"This recall involves LIVEHOM-branded 11-Drawer Dressers. The recalled dressers are made of fabric and were sold in black, white, pink, rustic brown and charcoal black. They measure about 11.8 inches long, 39 inches wide and 46 inches tall and have 11 fabric drawers.&nbsp; The brand name can be found on the product sale receipt.","The recalled dressers are unstable if they are not anchored to the wall, posing tip-over and entrapment hazards that can result in risks of serious injuries or death to children. The dressers violate the mandatory safety standard as required by the&nbsp;https://www.cpsc.gov/Business--Manufacturing/Business-Education/Busines… Act.",,,Refund,About 370,None reported,Consumers should immediately stop using the recalled dressers if they are not anchored to the wall and place them in an area that children cannot access. Contact Simplehome for a full refund. Consumers will be asked to write “RECALL” with permanent marker on the dressers and send a photo of the marked dressers to livehomerecall@163.com. Consumers should then dispose of the recalled product.,Sold Online At,Amazon.com from December 2025 through January 2026 for about $110.,,,,China,Retailer:,"Shenzhen Lvmukeji Co., Ltd., dba Simplehome, of China"
26-320,,12-Mar-26,,ProRider Recalls Bicycle Helmets Due to Risk of Serious Injury or Death from Head Injury; Violates Mandatory Standard for Bicycle Helmets,ProRider Bicycle Helmets,"This recall involves ProRider Economy, Bike Helmets with turn ring, Bike Helmets Black Foam, BMX Helmet and Toddler Bike Helmets. The helmets were sold in the following colors: blue, green, red, black, and purple. The model number, date of manufacture in MM/YYYY format, and serial number can be found on a label inside the helmet.Model NumberModel NameSize(s)Manufacture DateSerial Number(s)BG-W/10BICYCLEEconomy Bicycle HelmetS/M (Small/Medium)12/202200158202 and 00158287L/XL (Large/Xtra-Large)04/202200094738 and 00094811BG-14BICYCLEBike Helmet with turn ringS/M (Small/Medium)12/202200141944 and 00140406L/XL (Large/Xtra-Large)10/202200134699 and 00134652BG-14BICYCLEBike Helmet Black FoamL/XL (Large/Xtra-Large)12/202200145398SPORT HELMETBMX HelmetXS (Xtra-Small)09/202200127689BM-5TODDLERToddler Bike HelmetXXS (Xtra-Xtra-Small)09/2022None","The recalled helmets violate the mandatory safety standard for&nbsp;https://www.cpsc.gov/Business--Manufacturing/Business-Education/Busines… helmets&nbsp;because the helmets do not comply with the impact attenuation, positional stability, labeling and certification requirements. The helmets can fail to protect the user in the event of a crash, posing a serious risk of injury or death due to head injury.",,,Refund,"About 9,546",None reported,Consumers should immediately stop using the recalled helmets and contact ProRider for a full refund. Consumers should destroy the helmet by cutting the straps and sending a photo of the destroyed helmet to&nbsp;org@prorider.com to obtain a refund.,Sold At,"Distributed by Wisconsin Bike Federation, Kiwanis Club, Foster Love nationwide, and sold online at ProRider.com from June 2022 through May 2023 for between $5 and $18.","ProRider, Inc., of Kent, Washington",,,China,,
26-319,,12-Mar-26,,Stoney Games Recalls Kluster Magnet Chess Games Due to Risk of Serious Injury or Death from Magnet Ingestion; Violates Mandatory Standard for Toys,Kluster Fun Tabletop Magnet Chess Games,"This recall involves the Kluster Fun Tabletop Magnet Chess Games with small, loose magnets about .5 to one inch wide and .3 to .4 inches high. The games are sold in a black box with the word “Kluster” on the front of the box. The games include about 24 magnets, an orange string, an instruction manual and a black storage pouch with “Kluster” printed on the front. The games were also sold in a white pouch with gameplay instructions printed on the back.","The recalled magnet games violate the https://www.ecfr.gov/current/title-16/chapter-II/subchapter-B/part-1250… lang=""EN-US"">mandatory standard for toys because they contain loose high-powered magnets that fit within CPSC’s small parts cylinder, posing an ingestion hazard to children. When high-powered magnets are swallowed, the ingested magnets can attract each other, or other metal objects, and become lodged in the digestive system. This can result in perforations, twisting, and/or blockage of the intestines, blood poisoning and death.",,,Replace,"About 151,600",None reported,"Consumers should immediately stop using the recalled magnet games, take them away from children and contact Stoney Games for instructions on how to dispose of the recalled magnets and receive replacement magnets that are not small parts.",Sold At,"Independent game shops nationwide, and online at Klustermagnets.com, Amazon.com, and Etsy.com from October 2018 to September 2025 for between $15 and $20.","Stoney Games, LLC of Bexley, Ohio",,,China,,
26-317,,5-Mar-26,,Cubimana Island Storm 3 In 1 Building Sets Recalled Due to Risk of Serious Injury or Death from Battery Ingestion; Violates Mandatory Standard for Toys; Sold on Amazon by RBS Toys,Cubimana Island Storm 3 In 1 Building Sets with LED Lights,This recall involves Cubimana&nbsp;Island Storm 3 In 1 Building Sets. The sets contain 781 pieces of multi-colored building blocks and come in a black box with images of a pirate base and a pirate ship. Model number “HG1004” is printed on the front of the box.,"The&nbsp;Island Storm Building Sets&nbsp;violate the mandatory safety standard for toys&nbsp;because the battery compartment within the LED light piece&nbsp;contains button cell batteries that can be easily accessed by children. When button cell or coin batteries are swallowed, the ingested batteries can cause serious injuries, internal chemical burns and death.",,,Refund,"About 3,950",None reported,"Consumers should take the&nbsp;Island Storm 3 In 1 Building Sets away&nbsp;from children immediately, stop using the&nbsp;recalled toys and remove and properly dispose of the batteries.&nbsp;Consumers will be asked to throw the&nbsp;product away and send a photo of the disposed product to&nbsp;productrecall@cubimanatoys.com&nbsp;to receive a full refund.Note:&nbsp;Button cell and coin batteries are hazardous. Batteries should be disposed of or recycled by following local hazardous waste procedures.&nbsp;",Sold Online At,Amazon.com from October 2025 through January 2026 for about $30.,,,,China,Seller:,"Shenzhen Ruibosi Technology Co., Ltd., dba RBS Toys, of China"
26-315,,5-Mar-26,,HALO Dream Recalls Magic Sleepsuits Due to Choking Hazard,HALO Magic Sleepsuits,"This recall involves HALO Magic Sleepsuit with batch codes PO30592, PO30641 and PO30685. The recalled infant sleepsuit shell and lining are made from 100% cotton and the fill is made from 100% polyester. It has double zippers running down each side of the front of the garment. It was sold in a variety of colors in small and large sizes. “HALO Magic Sleepsuit” is printed on the front of the sleepsuit. The batch codes and “Made in India” are printed on the sewn-in label inside the garment and the hang tag affixed to the outside of the sleepsuit.","The zipper head can detach from certain sleepsuits, posing a choking hazard to infants.",,,"Refund, Replace","About 45,000",The firm has received 15 reports of the zipper head detaching from the garment. No injuries have been reported.,"Consumers should stop using the recalled HALO Magic Sleepsuit immediately and go to the firm’s website at&nbsp;http://www.sleepsuitrecall.com to participate in the recall. After registering, consumers will receive a coupon code that can be applied towards a replacement sleepsuit or a $50 store credit to purchase another item on the firm’s website. Do not discard the recalled garment until you have received the coupon code.",Sold At,"Halosleep.com, Amazon.com, Walmart.com and Target.com from September 2025 through February 2026 for about $50.","HALO Dream, Inc., of New York City",,,India,,
26-312,,5-Mar-26,,Tomum Minoxidil Hair Serum Spray Bottles Recalled Due to Risk of Serious Injury or Death from Child Poisoning; Violates Mandatory Standard for Child-Resistant Packaging; Distributed by Belleka,Tomum Hair Regrowth Treatment with Minoxidil for Men and Women Spray Bottles,"This recall involves spray bottles for Tomum Minoxidil Hair Growth Treatment, 100 mL.&nbsp; The spray bottles are silver with a blue wraparound label and black cap. The bottles are packaged in a blue box and both the bottle and box have “TOMUM” and “Hair Growth Treatment” printed on labels located on their fronts.","The hair serum contains minoxidil, which must be in child-resistant packaging as required by the Poison Prevention Packaging Act. The hair serum’s bottles are not child-resistant, posing a risk of serious injury or death from poisoning if the contents are swallowed by young children.",,,Replace,"About 27,400",None reported,"Consumers should secure the recalled serum bottles out of sight and reach of children immediately and contact Belleka for a free replacement product, including two child-resistant bottles of serum (60 mL per unit). Consumers will be asked to dispose of the recalled product bottle and send a photo of the bottle in the trash to Belleka at&nbsp;tomumcs@gmail.com.",Sold Online At,Amazon.com from March 2025 through September 2025 for about $20.,,,"Belleka Inc, dba TOMUM, of China",China,Retailers:,"Chifengrongxiangshangmaoyouxiangongsi, dba Haircare Solution, of China; SOLUVIA LLC, of Brooklyn, New York, US; Xingchang Technology Co., Ltd., dba Xingchang, of China."
26-309,,5-Mar-26,,Unique Brands Com Recalls Forever 21 Pajama Pants Due to Risk of Serious Injury or Death from Burn Hazard; Violates Mandatory Flammability Standards for Children’s Sleepwear,Forever 21 Kids Disney Mickey Mouse Pajama Pants,"This recall involves Forever 21 Kids Disney Mickey Mouse Pajama Pants with black stripes. The pajama pants were sold in children’s sizes 5/6, 7/8, 9/10, 11/12 and 13/14. The size and “Forever 21” are printed on the red and black label at the waist of the pants. The pajamas pants have the item number 01334347 located on a sewn-in, side-seam label below the bar code.","The recalled children’s pajama pants violate the mandatory standards for flammability of children’s sleepwear, posing a burn hazard and risk of serious injury or death to children.",,,Refund,About 230,None Reported,Consumers should stop using the recalled pajama pants immediately and contact Unique Brands Com for a full refund. Consumers will be provided with a prepaid shipping label to return the recalled kids pajama pants.,Sold Online At,Forever21.com from September 2025 through November 2025 for about $25.,,,,China,Retailer:,"Unique Brands Com, Inc., of New York, New York"
26-288,,26-Feb-26,,Trankerloop Baby Bath Seats Recalled Due to Risk of Serious Injury or Death to Children from Drowning; Violates Mandatory Standard for Infant Bath Seats,Trankerloop Baby Bath Seats,"This recall involves&nbsp;Trankerloop-branded baby bath seats sold in blue, gray, pink and yellow. The bath seats have two detachable arms that serve as a restraint, four suction cups on the bottom, and come with a cup and a sponge. “PLASTIC STOOL” and “Model: YD-1958” are printed on a tracking label located on the back of the bath seat.","The recalled&nbsp;bath seats violate the mandatory standard for&nbsp;https://www.cpsc.gov/Business--Manufacturing/Business-Education/Busines… bath seats because they are unstable and can tip over while in use, posing a risk of serious injury or death due to drowning.",,,Refund,"About 2,380",None reported,"Consumers should immediately stop using the recalled&nbsp;bath seats and contact Trankerloop for a full refund. Consumers will be asked to write “Recalled” on the front of the bath seat in permanent marker, disassemble the bath seat by removing the back rest and arm restraints, cut the four suction cups on the bottom and email a photo of the disassembled recalled bath seat showing the marked front of the seat to&nbsp;hkkll147@outlook.com.",Sold Online At,Amazon.com from August 2025 to October 2025 for about $36.,,,,China,Retailer:,"Shenzhenshirongmanshangmaoyouxiangongsi (Shenzhen Shi Ronmang Trading Co., Ltd.) dba Trankerloop, of China"
26-308,,26-Feb-26,,Evajoy Above-Ground Pools 48 Inches and Taller Recalled Due to Drowning Hazard; Manufactured by Shenzhen Danya Tech,Evajoy 48-inch and taller above-ground pools,"This recall involves all Evajoy above-ground pools 48 inches and taller. Models EJ-HF032, EJ-HF044, and EJ-HF045 are included in this recall. Model EJ-HF032 measures 16 feet in diameter by 48 inches in height. Model EJ-HF044 measures 18 feet in diameter by 52 inches in height. Model EJ-HF045 measures 24 feet in diameter by 52 inches in height. Model information and the Evajoy logo are printed on the liner on the outside of the pool.The recalled above-ground pools contain a compression strap (also referred to as a reinforcing belt) that wraps around the pool on the outside of the vertical support poles, and may create a foothold, allowing a child to access the pool and drown.Children can still gain access to the pools using these footholds even if the ladder is removed.CPSC’s website&nbsp;www.PoolSafely.gov has free, downloadable educational materials available to the public on pool safety including information on barriers, covers, alarms and other safety information.","The compression strap that surrounds the outside of the pool legs may create a foothold, allowing a child access to the pool, posing a drowning risk.",,,Repair,"About 4,000",None reported,"Consumers should contact Evajoy to request a free repair kit that removes the compression strap from the pool, while maintaining the structural integrity of the pool. In the interim, consumers should ensure that children cannot access the pool unattended or, alternatively, drain the pool until the repair can be installed.",Sold Online At,"Amazon.com from March 2023 through June 2024 for between $550 and $1,050 depending on the size and model of the pool and accessories purchased.",,"Shenzhen Danya Tech Co., Ltd. d/b/a Evajoy, of China",,China,,
26-307,,26-Feb-26,,Babysense Max View Baby Monitors Recalled Due to Fire Hazard; Manufactured by Hisense Ltd. of Israel,Babysense Max View Baby Monitors,"This recall involves the Babysense Max View Baby Monitor with model number VBM55. The reported issue involves the display unit (also referred to as the parent unit) that allows the parents to see and hear the baby (not the camera component that is placed in the child’s bedroom). The display unit has “5.5” HD 1080P” printed on the upper left side of the monitor screen and the “babysense” logo on the lower portion of the monitor screen. The model number, “VBM55RX,” is printed on the product identification label on the back of the display unit.Note: Do not throw this recalled device in the trash, in the general recycling stream (e.g., street-level or curbside recycling bins), or in used battery recycling boxes found at various retail and home improvement stores. Recalled lithium-ion batteries must be disposed of differently than other batteries, because they present a greater risk of fire. Your municipal household hazardous waste (HHW) collection center may accept this recalled lithium-ion battery or device for disposal. Before taking your battery or device to a HHW collection center, contact that office ahead of time and ask whether it accepts recalled lithium-ion batteries. If it does not, contact your municipality for further guidance.","The display or “parent” unit of the Max View baby monitors can overheat and/or spark when charging, posing a fire hazard to consumers.",,,Replace,"About 81,800",Hisense has received 11 reports of incidents involving the display unit for the Babysense Max View Baby Monitors. No injuries have been reported.,Consumers should stop using the display unit of the Max View baby monitors immediately and contact Hisense for a free replacement display unit that does not pose a fire hazard.,Sold Online At,"Amazon.com, Walmart.com, and babylist.com from January 2023 through December 2025 for between $90 and $180.",,"Hisense Ltd., of Israel",,China,,
26-306,,26-Feb-26,,Andersen Windows Recalls Window Opening Control Devices Sold as Kits or Installed on 100 Series Casement Windows Due to Fall and Serious Injury Hazards,Window opening control devices sold as kits or installed on 100 Series casement windows,"This recall involves window opening control devices sold individually as kits or as factory-installed accessories and applied to 100 Series casement windows that were manufactured prior to November 19, 2025. Consumers can contact Andersen Windows and share the Product ID number on the label on the upper right corner of the window to determine if the unit is included in the recall.&nbsp;&nbsp;","The window opening control devices can break or detach&nbsp;after accidental or other impact, allowing the window to be opened, posing fall and serious injury hazards.",,,Repair,"About 91,000 (In addition, about 180 were sold in Canada)","The firm has received eight reports of the devices breaking, detaching or malfunctioning. No injuries have been reported.",Consumers should leave the recalled windows with the opening control devices in the closed and locked position and immediately contact Andersen Windows to schedule a free in-home repair by an authorized technician. Consumers should submit a request for the repair to:&nbsp;www.andersenwindows.com/100seriescasementwocdrecall&nbsp;,Sold At,Independent window distributors and online at parts.andersenwindows.com from October 2015 through December 2025 for between $9 (individual kit) and $220 (factory installed on 100 series casement window).,,,"Andersen Windows, Inc., of Bayport, Minnesota",United States,,
26-305,,26-Feb-26,,SumDirect LED Mini Lights Recalled Due to Risk of Serious Injury or Death from Battery Ingestion; Violates Mandatory Standard for Consumer Products with Button Cell Batteries,SumDirect LED Mini Lights,This recall involves SumDirect-branded LED mini lights. The recalled blinking lights rotate and have a built-in loop for hanging. Each of the 24 multicolored lights includes three preinstalled LR41 button cell batteries.,"The recalled LED lights violate the mandatory standard for consumer products containing button cell or coin batteries because they contain button cell batteries that can be accessed easily by children, posing an ingestion hazard. Additionally, the LED lights do not have the warnings as required by https://www.cpsc.gov/Business--Manufacturing/Business-Education/Busines… lang=""EN-US"">Reese’s Law. When button cell and coin batteries are swallowed, the ingested batteries can cause serious injuries, internal chemical burns and death.",,,Refund,"About 1,600",None reported,"Consumers should immediately stop using the recalled LED lights, place them in an area that children cannot access and properly dispose of the batteries. Contact SumDirect for a full refund. Consumers will be asked to send a photo of the product in the trash to recall@dgfuxin.cn.Note: Button cell and coin batteries are hazardous. Batteries should be disposed of or recycled by following local hazardous waste procedures.&nbsp;",Sold Online At,Amazon.com from January 2016 through November 2025 for about $23.,,,,China,Retailer:,"Dongguan Fuxin E-Commerce Co., Ltd., dba SumDirect, of China"
26-304,,26-Feb-26,,Todson Recalls Concord Bicycle Helmets Due to Risk of Serious Injury or Death from Head Injury; Violates Mandatory Standard for Bicycle Helmets,Concord 360 Degree Rechargeable Light-Up Bike Helmets,"This recall involves Concord-branded 360 Degree Rechargeable Light-Up bike helmets. The helmets were sold in size large (L), fitting a head circumference of about 22.8 to 24 inches. The helmets have a black exterior with a built-in LED lighting system, black straps, black buckle, and have a black plastic knob at the back of the helmet for adjusting the fit. “Concord” is printed on the back of the helmet.&nbsp;","The recalled helmets violate the mandatory safety standard for&nbsp;https://www.cpsc.gov/Business--Manufacturing/Business-Education/Busines… helmets because the helmets do not comply with the retention system and positional stability requirements. The helmets can fail to protect the user in the event of a crash, posing a serious risk of injury or death due to head injury.",,,Refund,"About 40,245  ",None reported,"Consumers should immediately stop using the recalled Concord Helmets and contact Todson for a full refund. Consumers should destroy the recalled helmets by cutting the straps off the helmets. Consumers can send photos of the helmet with the straps cut off to&nbsp;360concordhelmet@todson.com to obtain a refund.&nbsp;Note:&nbsp;Do not throw this recalled helmet with a lithium-ion battery in the trash, the general recycling stream (e.g., street-level or curbside recycling bins), or used battery recycling boxes found at various retail and home improvement stores. Lithium-ion batteries must be disposed of differently than other batteries, because they present a greater risk of fire. Your municipal household hazardous waste (HHW) collection center may accept this recalled lithium-ion battery or device for disposal. Before taking your battery or device to a HHW collection center, contact that office ahead of time and ask whether it accepts lithium-ion batteries. If it does not, contact your municipality for further guidance. You can also visit&nbsp;Todson.com/360-concord-recall for more information on potential disposal locations.",Sold At,Walmart stores nationwide and online at Walmart.com from January 2025 through September 2025 for about $30.,"Todson, Inc., of Foxboro, Massachusetts",,,China,,
26-303,,26-Feb-26,,Joyreal Busy Board Children’s Toys Recalled Due to Risk of Serious Injury or Death from Choking and Laceration Hazards; Violate Small Parts Ban and Mandatory Standard for Toys; Sold on Amazon by Indream Store,Joyreal Busy Board Toys,"This recall involves Joyreal-branded busy board toys. The children’s toys consist of a wooden base that measures about 6.6 inches long by 6 inches wide and have 18 led lights, a power switch, a light brightness knob, a mirror, two keys, an electrical cable and a hand crank to generate power. The Joyreal logo and “POWER” are written on the front of the toy, and “SKU: MX049-3” and “Series no.20250730” are written on the underside of the toy.","The recalled children’s toys violate the&nbsp;https://gcc02.safelinks.protection.outlook.com/?url=https%3A%2F%2Fcpsc… parts ban because the small mirror can detach from the toy, posing a deadly choking hazard. In addition, the toys violate the mandatory&nbsp;https://gcc02.safelinks.protection.outlook.com/?url=https%3A%2F%2Fcpsc… for toys because the toy’s mirror has sharp edges, posing a laceration hazard.&nbsp;&nbsp;",,,Refund,About 210 ,None reported,"Consumers should stop using the recalled toys immediately, take them away from children and contact Indream Store for a full refund. Consumers will be asked to destroy the busy board by writing “RECALLED” with permanent marker on the front of the toy and send a photo of the destroyed toy to&nbsp;indreamrecall@outlook.com. Consumers should then dispose of the recalled product.&nbsp;",Sold Online At,Amazon.com from September 2025 through November 2025 for about $20.,,,,China,Retailer:,"Guangzhou Mengli Trading Co., Ltd., dba&nbsp;Indream Store, of China"
26-302,,26-Feb-26,,Zelbuck Children’s Chess Games Recalled Due to Risk of Serious Injury or Death from Magnet Ingestion; Violate Mandatory Standard for Toys; Sold on Amazon by n b plus,Zelbuck Magnetism Ball Game Toys,"This recall involves Zelbuck-branded children’s chess games. The recalled, blue turtle-shaped games have a white playing board at the top and come with a multi-colored spinner and 32 black magnetic balls that can be stored under the playing board. “Magnetism Ball Game” is printed on the front of the game’s box and “Number 999-9” on the back.&nbsp;","The recalled children’s chess games violate the&nbsp;https://www.federalregister.gov/documents/2024/01/18/2024-00741/safety-… standard for toys because they contain loose magnets posing an ingestion hazard to children. When high-powered magnets are swallowed, they can attract each other, or other metal objects, and become lodged in the digestive system. This can result in perforations, twisting, and/or blockage of the intestines, blood poisoning and death.",,,Refund,About 200,None reported,"Consumers should stop using the recalled games immediately, take them away from children and contact n b plus for a full refund. Consumers will be asked to write “RECALLED” in permanent marker on the games and send a photo of the marked games to&nbsp;zelbuckrecall@sina.com. Consumers should then dispose of the recalled product.",Sold Online At,Amazon.com from October 2025 through November 2025 for about $14.,,,,China,Retailer:,"&nbsp;ShenZhenShiGuWangChuanShuoKeJiYouXianGongSi (Shenzhen Guwang Legend Technology Co., Ltd.), dba n b plus, of China"
26-301,,26-Feb-26,,TheKiddoSpace Recalls Children’s Sensory Swing Due to Risk of Serious Injury or Death from Strangulation,TheKiddoSpace Children’s Sensory Swing,"This recall involves TheKiddoSpace’s sensory swing. The recalled children’s swing consists of a stretchable, cocoon-style hammock made of soft fabric, intended to be suspended indoors for therapeutic or recreational use. The swings were sold in green, gray, blue and pink and in themed prints: ocean, jungle, space and fairytale. The swings included installation hardware (mounting kit with carabiners, screws, ceiling plate, daisy chain straps and rope) and a white washing bag and were packaged in a blue drawstring storage bag. TheKiddoSpace logo is printed on the front of the storage bag.&nbsp;","The recalled swing’s flexible fabric can form loops that can entangle a child’s head or neck, posing a risk of serious injury or death from strangulation.&nbsp;",,,Refund,About 140,None reported,"Consumers should stop using the recalled swings immediately, take them away from children and contact TheKiddoSpace for a full refund. Consumers will be asked to destroy the swing by cutting the fabric in half and to send a photo of the destroyed swing to&nbsp;info@thekiddospace.com. Consumers should then dispose of the destroyed swing.&nbsp;",Sold Online At,TheKiddoSpaceStore.com from November 2023 through February 2025 for between $50 and $80.,"SN Commerce LLC, dba TheKiddoSpaceStore, of Dover, Delaware ",,,China,,
26-300,,26-Feb-26,,TheKiddoSpace Recalls Children’s Christmas Tree Play Sets Due to Risk of Injury from Lead Exposure; Violates Federal Lead Content Ban and Mandatory Standard for Toys,Children’s Christmas Tree Toy Play Sets,"This recall involves TheKiddoSpace-branded children’s Christmas tree toy play sets. The recalled felt play sets consist of a two-sided Christmas tree that measures about 40 inches high and 28 inches wide, holiday-themed felt ornaments, including one that reads “Merry Christmas”, and a storage box. TheKiddoSpace logo and “Christmas Tree” are printed on the front of the product packaging.","The zipper pull on the music box compartment of the recalled Christmas Tree Toys contain levels of lead that exceed the federal https://cpsc.gov/Business--Manufacturing/Business-Education/Lead/Total-… content ban. Lead is toxic if ingested by young children and can cause adverse health issues. Additionally, the Christmas tree component fails to comply with various https://cpsc.gov/Business--Manufacturing/Business-Education/Toy-Safety""… and electrical requirements for battery-operated toys.",,,Replace,About 300,None reported.,"Consumers should stop using the recalled play sets immediately, take them away from children, and contact TheKiddoSpace for a free replacement toy of at least equal value to the purchase price of the recalled play set, including free shipping. Consumers will be asked to write “RECALLED” on the tree and submit a photo of the marked product to info@thekiddospace.com. Consumers should then discard the tree and storage box in accordance with their local waste disposal requirements.",Sold Online At,TheKiddoSpaceStore.com from November 2023 through February 2025 for between $13 and $40.,"SN Commerce LLC, dba TheKiddoSpaceStore, of Dover, Delaware",,,China,,
26-299,,26-Feb-26,,TheKiddoSpace Recalls Peg Doll Children’s Toys Due to Risk of Serious Injury or Death from Choking Hazard; Violate Small Parts Ban,TheKiddoSpace Peg Dolls in Cups Toys,This recall involves TheKiddoSpace-branded peg dolls in cups toys. The children’s toys consist of seven rainbow-colored wooden peg figures with a matching cup and a circular natural wood tray. TheKiddoSpace logo and “Peg Dolls in Cups” are printed on the toy’s blue box.,"The recalled toys are intended for children under three years old and the toy’s peg dolls can block a child’s airway, which violate the https://cpsc.gov/Business--Manufacturing/Business-Education/Business-Gu… parts ban, posing a risk of choking and death to children.",,,Refund,About 40,None reported,"Consumers should stop using the recalled toys immediately, take them away from children and contact TheKiddoSpace for a full refund. Consumers will be asked to write “RECALLED” in permanent marker on the pieces and send a photo of the marked toys to&nbsp;info@thekiddospace.com. Consumers should then dispose of the toys.",Sold Online At,TheKiddoSpaceStore.com from July 2023 through February 2025 for about $30.,"SN Commerce LLC, dba TheKiddoSpaceStore, of Dover, Delaware",,,China,,
26-298,,26-Feb-26,,TheKiddoSpace Recalls LED Soccer Hover Balls Due to Serious Risk of Injury from Burn Hazard; Violates Mandatory Standard for Toys,TheKiddoSpace LED Soccer Hover Balls,"This recall involves TheKiddoSpace-branded LED soccer hover balls. The recalled plastic soccer balls are black and white and have foam bumpers. TheKiddoSpace logo, “HOVER LED SOCCER BALL” and “GLIDE INTO FUN!” are printed on the front of the product packaging. Only the small hover balls that measure about 5.5 inches in diameter are included in this recall.","The surface temperature of the recalled toys’ batteries exceeds the allowable limit, which violates the&nbsp;https://cpsc.gov/Business--Manufacturing/Business-Education/Toy-Safety""… for toys, posing a risk of burn injuries.",,,Replace,About 650,TheKiddoSpace has received three reports of a burning smell coming from the hover ball when in use. No injuries have been reported.,"Consumers should stop using the recalled balls immediately, take them away from children and contact The KiddoSpace to receive a free replacement LED soccer hover ball, including shipping. Consumers will be asked to write “RECALLED” in permanent marker on the ball and send a photo of the marked ball to&nbsp;info@thekiddospace.com. Consumers should then dispose of the ball in accordance with their local waste disposal requirements.",Sold At,Received by consumers as promotional giveaways from December 2024 through February 2025.,"SN Commerce LLC, dba TheKiddoSpaceStore, of Dover, Delaware",,,China,,
26-297,,26-Feb-26,,TheKiddoSpace Recalls Children’s Montessori Egg Puzzle Toys Due to Risk of Serious Injury or Death from Choking Hazard,TheKiddoSpace Children’s Montessori Egg Toys,This recall involves TheKiddoSpace-branded Montessori children’s puzzle egg toys. The recalled toys consist of six or 12 white plastic eggs that split in two and come in a yellow storage case. Each egg half has a different colored geometric shape that only fits with its matching pair.,"The recalled toys are intended for children under three years of age and the eggs can block a child’s airway, posing a risk of choking and death to children.",,,Refund,About 200,None reported,"Consumers should stop using the recalled toys immediately, take them away from children and contact TheKiddoSpace for a full refund. Consumers will be asked to write “RECALLED” in permanent marker on the toy and send a photo of the marked toy to&nbsp;info@thekiddospace.com. Consumers should then dispose of the toy.",Sold Online At,TheKiddoSpaceStore.com from June 2023 through February 2025 for between $20 and $30.,"SN Commerce LLC, dba TheKiddoSpaceStore, of Dover, Delaware",,,China,,
26-296,,26-Feb-26,,TheKiddoSpace Recalls Children’s Flashcard Talking Toys Due to Risk of Injury from Lead and Phthalate Exposure; Violates Federal Lead Content and Phthalates Bans and Standard for Toys,KiddoSpace Children’s Flashcard Talking Toys,"This recall involves two different TheKiddoSpace-branded children’s flashcard, talking toys:&nbsp;The animal-shaped, pastel-colored toys were sold with a varying number of flashcards. “Audible Flashcards” is printed on the front of the flashcard’s storage box and “Audible Flashcard Device” on the front of the toy storage box.&nbsp;&nbsp;&nbsp;The rectangular toys have a slot at the top to insert the flash cards, a speaker, volume and power buttons at the front. The toys come with multi-colored flash cards that have animals, shapes, people, foods or vehicle illustrations and the descriptive word written on the card.&nbsp;","The recalled children’s flashcard toy sets contain levels of lead that exceed the federal https://cpsc.gov/Business--Manufacturing/Business-Education/Lead/Total-… lang=""EN-US"">lead content ban and levels of phthalates that exceed the federal https://cpsc.gov/Business--Manufacturing/Business-Education/Business-Gu… lang=""EN-US"">phthalates ban. Lead and phthalates are toxic if ingested by young children and can cause adverse health issues. In addition, the flashcards also violate the https://www.cpsc.gov/Business--Manufacturing/Business-Education/Toy-Saf… lang=""EN-US"">mandatory standard for toys because they fail to comply with the short circuit protection requirement for battery-operated toys.",,,Replace,"About 4,000",None reported,"Consumers should stop using the recalled toys immediately, take them away from children and contact TheKiddoSpace for a free replacement toy or free USB cable, including shipping.&nbsp;&nbsp;For the animal-shaped toy, consumers will be asked to write “RECALLED” in permanent marker on the unit and submit a photo of the marked product to info@thekiddospace.com to receive a replacement toy of at least equal value to the purchase price of the recalled animal-shaped toy. Consumers should then dispose of the recalled toys in accordance with their local waste disposal requirements&nbsp;&nbsp;For the rectangular toy, consumers will be asked to cut the USB cable and submit a photo of the cut USB cable to info@thekiddospace.com to receive a free replacement USB cable. Consumers should then dispose of the cut USB cable.&nbsp;Note: Button cell batteries are hazardous. Batteries should be disposed of or recycled by following local hazardous waste procedures.&nbsp;",Sold Online At,TheKiddoSpaceStore.com and Amazon.com from October 2023 through February 2025 for between $30 and $50.,"SN Commerce LLC, dba TheKiddoSpaceStore, of Dover, Delaware",,,China,,
26-295,,26-Feb-26,,TheKiddoSpace Recalls Reusable Water Balloons Due to Risk of Injury from Phthalate Exposure; Violate Federal Phthalates Ban,TheKiddoSpace Reusable Water Balloons,"This recall involves TheKiddoSpace-branded reusable water balloons. The recalled refillable multi-colored water balloons are silicon balls that have small magnets to keep them closed when filled and come with a black mesh storage bag. TheKiddoSpace logo, “Reusable Water Ballons” and an image of child holding a water balloon are printed on the product’s resealable blue packaging.","The cord lock on the recalled water ballons’ storage bags contain a regulated phthalate, which violate the federal&nbsp;https://cpsc.gov/Business--Manufacturing/Business-Education/Business-Gu… ban. Phthalates are toxic if ingested by young children and can cause adverse health effects.",,,Replace,"About 4,300",None reported,"Consumers should stop using the recalled reusable water balloons immediately, take the storage bag away from children and contact TheKiddoSpace to receive a free replacement bag, including shipping. Consumers will be asked to cut the storage bag in half and send a photo of the destroyed bag to&nbsp;info@thekiddospace.com. Consumers should then dispose of the destroyed bags in accordance with their local waste disposal requirements.",Sold Online At,TheKiddoSpaceStore.com from April 2024 through February 2025 for between $15 and $30.,"SN Commerce LLC, dba TheKiddoSpaceStore, of Dover, Delaware",,,China,,
26-294,,26-Feb-26,,TheKiddoSpace Recalls Children’s Fingerpainting Kits Due to Risk of Injury from Hazardous Substances and Phthalate Exposure; Violates Federal Hazardous Substances Act and Phthalates Ban,TheKiddoSpace Fingerpainting Kits,"This recall involves KiddoSpace-branded fingerpainting kits. The recalled children’s fingerpainting kits consist of one round paint palette with 12, 25 or 36 colors and one or more coloring books with between 14 and 40 pages each. TheKiddoSpace logo, “Finger Painting Kit,” an image of a child with painted hands and the color quantity are printed on the product’s light-blue box.&nbsp;","The recalled children’s fingerpainting kits contain the hazardous substances methanol and ethylene glycol and are intended for children under 12 years of age, which violate the https://cpsc.gov/Business--Manufacturing/Business-Education/Business-Gu… lang=""EN-US"">Federal Hazardous Substances Act. The products also contain a regulated phthalate, which violate the https://cpsc.gov/Business--Manufacturing/Business-Education/Business-Gu… lang=""EN-US"">federal phthalate ban; phthalates are toxic if ingested by young children and can cause adverse health effects.&nbsp;",,,Refund,"About 9,400","TheKiddoSpace has received 18 reports worldwide, including one in the United States, of strong paint odor, skin irritation and swollen lymph nodes.","Consumers should stop using the recalled fingerpainting kits immediately, take them away from children and contact TheKiddoSpace for a full refund. Consumers will be asked to write “RECALL” on the back and lid of the paint pad and send a photo of the marked product to info@thekiddospace.com. Consumers should then dispose of kits in accordance with their local waste disposal requirements.&nbsp;",Sold Online At,TheKiddoSpaceStore.com and Amazon.com from June 2023 through February 2025 for between $20 and $30.,"SN Commerce LLC, dba TheKiddoSpaceStore, of Dover, Delaware",,,China,,
26-293,,26-Feb-26,,TheKiddoSpace Recalls Children’s Handwriting Practice Kits Due to Risk of Injury from Lead Exposure; Violates Federal Lead Content Ban,TheKiddoSpace Print and Cursive Handwriting Kits,"This recall involves two different types of TheKiddoSpace-branded handwriting practice kits sold with or without a carrying case:&nbsp;The block handwriting kits consist of four reusable books with animal images on the cover (alphabet with a bunny, numbers with a frog, math with a cow and drawing with an elephant); black pens; blue, green, yellow, purple, pink and red pen grips; and pen refills. TheKiddoSpace logo and “Handwriting Practice Kit” are printed on the blue and white book covers and their storage box.&nbsp;&nbsp;&nbsp;The cursive handwriting kits consist of three reusable books (letters, words and sentences) with an image of an open book on the cover; black pens; blue, green, yellow, purple, pink and red pen grips; and pen refills. TheKiddoSpace logo and “Cursive Practice Kit” are printed on the blue and white book covers and their storage box. &nbsp;","The pens in the recalled children’s handwriting kits contain levels of lead in the nib that exceed the federal https://cpsc.gov/Business--Manufacturing/Business-Education/Lead/Total-… lang=""EN-US"">lead content ban. Lead is toxic if ingested by young children and can cause adverse health issues.",,,Replace,"About 19,700",None reported,"Consumers should stop using the recalled handwriting kits immediately, take the pens and refills away from children and contact The KiddoSpace to receive free replacement pens and refills, including shipping. Consumers will be asked to dispose of the pens and refills according to local and state regulations and send a photo of the disposed products to info@thekiddospace.com.",Sold Online At,TheKiddoSpaceStore.com and Amazon.com from February 2024 through February 2025 for between $25 and $50.,"SN Commerce LLC, dba TheKiddoSpaceStore, of Dover, Delaware",,,China,,
26-292,,26-Feb-26,,TheKiddoSpace Recalls Children’s Story Books Due to Choking Hazard,TheKiddoSpace Children’s Story Books,"This recall involves TheKiddoSpace’s children’s story books. The recalled soft fabric books measure about 7 inches by 8 inches and have six felt pages. TheKiddoSpace logo, “BOOK,” “2” and images of a rainbow and clouds are printed on the book’s front cover. TheKiddoSpace logo and “Boys and Girls Sensory Storybook” are printed on the book’s packaging.","The recalled book’s felt parts can detach, posing a choking hazard.",,,Refund,About 140,None reported,"Consumers should stop using the recalled books immediately, take them away from children and contact TheKiddoSpace for a full refund. Consumers will be asked to write “RECALLED” in permanent marker on the book and send a photo of the marked book in the trash to info@thekiddospace.com.",Sold Online At,Thekiddospacestore.com from March 2023 through February 2025 for between $45 and $50.,"SN Commerce LLC, dba TheKiddoSpaceStore, of Dover, Delaware",,,China,,
26-291,,26-Feb-26,,Grtard Magnetic Stick Figure Toy Sets Recalled Due to Risk of Serious Injury or Death from Magnet Ingestion; Violates Mandatory Standard for Toys,Grtard Magnet Stick Figure Men Toy Sets,"This recall involves&nbsp;10 flexible stick figures in purple, black, red, orange, pink, yellow, bright blue, dark blue, white and green. The stick figures come in solid and transparent colors. Each stick figure has four small magnets, one in each hand and foot. The stick figures come in clear plastic packaging labeled “Grtard.”","The magnetic stick figure toy sets violate&nbsp;https://www.ecfr.gov/current/title-16/chapter-II/subchapter-B/part-1250… mandatory standard for toys because they contain loose magnets, posing an ingestion hazard to children. When high-powered magnets are swallowed, the ingested magnets can attract each other, or other metal objects, and become lodged in the digestive system. This can result in perforations, twisting, and/or blockage of the intestines, blood poisoning and death.",,,Refund,About 130,None reported,Consumers should immediately stop using the recalled magnetic stick figures and take them away from children. Contact Grtard for information on how to receive a full refund. Consumers will be asked to email a photo of the disposed product to&nbsp;Grtardrecall@outlook.com.,Sold Online At,Walmart.com from&nbsp;May 2025 to November 2025 for about $12.,,,,China,Retailer:,"Shanghaijinlianwangluokejiyouxiangongsi (Shanghai Jinlian Network Technology Co., Ltd.), dba Grtard, of China"
26-290,,26-Feb-26,,Bicystar High Chairs Recalled Due to Risk of Serious Injury or Death from Fall and Entrapment Hazards; Violates Mandatory Standard for High Chairs,High Chairs,"This recall involves children’s high chairs. The gray high chairs have a metal frame, metal legs, a tray and a cushioned seat cover. “BICYSTAR” is printed on the front of the tray and “Model No.: TB-HC6900” on a label stitched to the back of the high chair’s seat cover.","The high chairs violate the mandatory standard for&nbsp;https://www.cpsc.gov/Business--Manufacturing/Business-Education/Busines… chairs because they were sold without the required attached crotch restraint, posing a deadly fall hazard for children. In addition, a child’s head can become trapped between the seat and the side of the high chair, posing a deadly entrapment hazard.",,,Refund,About 150,None reported,"Consumers should immediately stop using the recalled high chairs and contact Bicystar Store for a full refund. Consumers should disassemble the high chair, cut the restraints and fabric seat cover, write “Recall” on the backseat and send photos of the destroyed high chairs to&nbsp;bicystarhighchair@outlook.com.",Sold Online At,"Amazon.com from September 1, 2025 through September 30, 2025 for about $76.",,,,China,Retailer:,"Hebei Beihong Kejiyouxiangongsi, dba Bicystar Group Co., Ltd. and Bicystar Store,&nbsp;of China"
26-289,,26-Feb-26,,Magnetic Chess Games Recalled Due to Risk of Serious Injury or Death from Magnet Ingestion; Violates Mandatory Standard for Toys; Sold on Amazon by Kaiwenshangpin,Magnetic Chess Games,"This recall involves magnetic chess games with magnets that are small, loose and separable with a strong magnetic flux. The games are sold in a blue box with the words “Magnetic”, “Magnetic Chess Piece” and “Intelligence Strategy Game” on the front of the box.&nbsp;The game includes 20 loose magnets, a yellow string, gameplay instructions and a plastic storage bag.","The recalled magnetic chess games violate the&nbsp;https://www.ecfr.gov/current/title-16/chapter-II/subchapter-B/part-1250… standard for toys because they contain loose magnets posing an ingestion hazard to children. When high-powered magnets are swallowed, the ingested magnets can attract each other, or other metal objects, and become lodged in the digestive system. This can result in perforations, twisting, and/or blockage of the intestines, blood poisoning and death.",,,Refund,"About 1,300",None reported,"Consumers should stop using the recalled magnetic chess games immediately, take them away from children, and dispose of them. To receive a full refund, consumers will be asked to email a photo of the disposal to&nbsp;Kaiwenshangpinrecall@outlook.com.",Sold Online At,Amazon.com from August 2025 to November 2025 for about $13.,"Yiwushixiuxiangfushiyouxiangongsi (“Yiwu Xiu Xiang Garment Co., Ltd.”) dba Kaiwenshangpin, of China ",,,China,,
26-286,,26-Feb-26,,Surreal Brands Recalls Children’s Tubby Tots Fizzy Flask Bath Magic Bath Foam Sets Due to Impact Hazard,Tubby Tots Fizzy Flask Bath Magic bath foam set,"This recall involves Tubby Tots Fizzy Flask Bath Magic bath foam sets. The set includes six bath bomb potions packaged in plastic flasks and individual boxes. The clear flasks contain purple, orange, dark green, pink, blue and light green bath bombs in powder form. “Tubby Tots Fizzy Flask Bath Magic” is printed on the front of each color box. The six potions are individually packaged within a single larger box with plastic wrap. The recalled batch number 082025 is printed on the back of the larger box.","Moisture trapped inside the bath foam set container can cause pressure to build up, allowing pieces to be forcefully ejected when opened, posing an impact hazard.",,,Refund,"About 9,400 (In addition, about 600 were sold in Canada)","The firm has received three reports of pieces ejecting forcefully from the plastic container when opened. Two consumers reported bruises and swelling after being struck in the arm and face, including a consumer who reported a chipped tooth.","Consumers should immediately stop using the recalled plastic flask bath foam sets and contact Surreal Brands for a full refund. Consumers should register at&nbsp;www.wonderfunbrands.com/recall. Consumers&nbsp;should permanently mark the plastic flasks with the word “Recalled” and, after registration is confirmed,&nbsp;dispose of them in a sealed garbage bag for household waste collection.",Sold Online At,"Amazon.com, wonderfunbrands.com and TikTokShop@Wonderfun_Brands from November 2025 through January 2026 for between $14 and $15.","Surreal Brands LLC, of Brooklyn, New York",,,China,,
26-285,,26-Feb-26,,Somgem Pig and Yomin Toilet Lighters Recalled Due to Risk of Serious Injury or Death from Fire and Burn Hazards; Violates Mandatory Standard for Cigarette Lighters; Sold on Amazon by Elepdv,Somgem Lightweight Tiny Pinky Pig and Yomin Toilet Lighters,This recall involves Somgem Lightweight Tiny Pinky Pig and Yomin Toilet Lighters. The Somgem-branded lighter comes in the shape of a pink pig with the ignition trigger on the top. The Yomin-branded lighter comes in the shape of a white toilet with a cap on top of the tank and a bottle opener on the bottom of the lighter. The Somgem-branded lighter is 1.18 inches in height and the Yomin-branded lighter is 3 inches in height.,"The recalled pig and toilet lighters violate the mandatory standard for&nbsp;https://www.cpsc.gov/Business--Manufacturing/Business-Education/Busines… lighters&nbsp;because they do not have the required child-resistant mechanisms, posing a serious risk of injury or death from fire and burn hazards.The lighters also failed to meet the pre-market lighter submission requirement needed to demonstrate&nbsp;that&nbsp;the&nbsp;lighters&nbsp;feature&nbsp;child-resistant&nbsp;mechanisms&nbsp;and&nbsp;ensuring&nbsp;their&nbsp;safety&nbsp;and compliance with U.S. regulations.",,,Refund,"About 11,710",None reported,Consumers should stop using the recalled lighters immediately and contact Elepdv for a full refund. Consumers will be asked to send a photo of the disabled lighter showing “Recalled” written on it to&nbsp;elepdv@163.com to receive a full refund. Consumers should dispose of the recalled lighters in accordance with state and local waste disposal procedures.,Sold Online At,Amazon.com from July 2022 through November 2025 for between $8 and $13.,,,,China,Retailer:,"Shenzhen Elephant Outdoor Information Technology Inc. dba Elepdv, of China"
26-284,,26-Feb-26,,Royal Oak Enterprises Recalls Lighters Due to Risk of Serious Injury or Death from Fire and Burn Hazards; Violates Mandatory Standard for Multipurpose Lighters,Royal Oak Flame Saber Lighters,"This recall involves Royal Oak flame saber lighters. The lighters are red with a black-and-gray checkered grip and have a hands-free operation lock. The lighter bears the warning labels, “DANGER: Extremely Flammable, Content Under Pressure” and “WARNING: Only store in locked position” on the sides of the lighter. The “Royal Oak” logo is printed on the front of lighter.","The recalled lighters violate the mandatory standard for&nbsp;https://www.cpsc.gov/Business--Manufacturing/Business-Education/Busines… lighters because they do not have the required child-resistant mechanisms, posing a risk of serious injury or death from fire and burn hazards. The lighters also&nbsp;violate the labeling requirements under the&nbsp;Federal Hazardous Substances Act by missing required safety information.",,,Refund,"About 190,560",None reported,Consumers should stop using the recalled lighters immediately and contact Royal Oak for a full refund. Consumers will be given instructions on how to destroy the device and submit proof of destruction to receive a refund.,Sold At,"Lowe’s, Home Depot, Tractor Supply, Rural King and Ace Hardware stores nationwide and online at Lowes.com, HomeDepot.com, TractorSupply.com, RuralKing.com and AceHardware.com from November 2023 through October 2025 for about $30.",,,"Royal Oak Enterprises, LLC, dba Royal Oak of Roswell, Georgia",China,,
26-283,,26-Feb-26,,Dupray USA Recalls Neat Steam Cleaners Due to Risk of Burn Hazards or Serious Injury,Dupray Neat Steam Cleaners,"This recall involves&nbsp;the&nbsp;portable Dupray Neat Steam Cleaner.&nbsp; It is designed to clean, detail, sanitize, and deodorize household surfaces. The cleaner comes with a white base connected to a black flexible hose. The Model Number is DUP020WNA. Batch/Date Code 0118-01 through 0425-05 are on&nbsp;the&nbsp;rating label located on the bottom of the cleaner. The cleaner includes an accessory set that comes with various brushes, tools, a Velcro pad and dust cloths.","The steam cleaner’s boiler can rupture if it is overfilled, corroded and the pressure release valve malfunctions, posing risk of burn hazards or serious injury to users or bystanders.",,,Repair,"About 651,145 (In addition, about 96,530 were sold in Canada)","The firm has received 15 reports of boiler ruptures, including four reports of minor burns, bruises, lacerations, and a broken wrist, and at least seven reports of minor property damage.","Consumers should stop using the recalled steam cleaner immediately and go to dupray.com for instructions on receiving a free replacement safety boiler cap.&nbsp; Consumers will need their batch code, which is found on the bottom of the cleaner, to determine eligibility for the recall.&nbsp;The new safety cap is quick and easy to install with a simple screw-on design.",Sold At,"Online at dupray.com and in stores and online at Home Depot, Lowe’s, Macy’s, Walmart, Amazon.com and other retailers nationwide from April 2018 through December 2025 for about $150.","Dupray USA LLC, of Newark, Delaware",,,China,,
26-282,,26-Feb-26,,Weber Recalls Over 3.2 Million Metal Wire Bristle Grill Brushes Due to Ingestion Hazard,Metal Wire Bristle Grill Brushes,"This recall involves the metal wire bristle grill brushes with plastic or wood handles measuring between 12 and 21 inches long, as described below. The following model numbers are included in this recall and can be found on the product packaging: 6277, 6278, 6463, 6464, 6493, and 6494. Only the model numbers listed below are part of this recall.Model No.Brush DescriptionBrush PhotographsDistribution Dates627712” black plastic handle with red ring stamped with Weber grill logo&nbsp;&nbsp;2021-2026627818” black plastic handle with red ring stamped with Weber grill logo&nbsp;&nbsp;2021-2026646312” bamboo handle with silver metal scraper on the back branded with Weber logo name2011-2021646418” bamboo handle with silver metal scraper on the back branded with Weber logo name2011-2021649321” black plastic handle with black ring stamped with Weber grill logo and metal binder with Weber grill logo2013-2021649412” black plastic handle with black ring stamped with Weber grill logo2013-2021","Small metal wire bristles can detach from the brushes, stick to the grill or food, posing an ingestion hazard and risk of serious internal injuries that could require surgery.",,,Replace,About 3.2 million,"Weber is aware of at least 38 reports and reviews where small wire bristles detached from the grill brushes, including four reports of consumers who swallowed metal bristles and sought medical treatment to remove the bristles from their digestive tract or throat.",Consumers should immediately stop using the recalled grill brushes and contact Weber for a cold cleaning nylon bristle grill brush replacement. Consumers will be asked to discard the recalled grill brushes.,Sold At,"The recalled grill brushes were sold online and in stores at Lowe's, Home Depot, Ace Hardware, and Target, and online at Amazon and Weber.com from 2011 through 2026 for between $10 and $17. The products have also been found on resale sites, such as eBay.com.","Weber-Stephen Products LLC, of Palatine, Illinois",,,China and Cambodia,,
26-278,,26-Feb-26,,PQL Recalls High Bay Linear LED Light Fixtures Due to Fire Hazard,High Bay Linear LED light fixtures,"This recall involves&nbsp;High Bay Linear LED light fixtures. The fixtures are rectangular, white, metal, and are available in either 2-foot or 4-foot-wide configurations.&nbsp;2-foot-wide models:55202, 55203, 55208, 55209, 55209-WC, 55213, 55214, 55222, 55223, 55225, 55226, 55227, 55228, 55360, 55361, 55362, 55363, 55477, 55478, 55480, 55481, 55482, 55483, 55484, 55485, 55504, 55505, 55506, 55507, 55508, 55511, 55512, 55514, 55515, 55518, 55534, 55535, 55536, 55537, 55538, 55539, 55710, 55711, 55712, 55713, 55714, 55715.4-foot-wide models:55213, 55214, 55215, 55230, 55231, 55232, 55364, 55365, 55366, 55367, 55487, 55491, 55492, 55510, 55521, 55716, 55717, 55720, 55722.The model numbers can be found on the back of the fixture.&nbsp;","The retaining pins used to secure the LED board inside some units can degrade, allowing the LED board to come loose inside the fixture, posing a fire hazard.",,,Repair,"About 186,520",The firm has received one report of a LED light fixture catching fire. No injuries have been reported.,Consumers should immediately stop using the High Bay Linear LED light fixtures and contact PQL for free replacement retaining pins. Consumers should register their product at&nbsp;https://pqlighting.com/product-recall-notice.,Sold At,"Stores Nationwide including LED Indy, Universal Lighting of America, Inc, and Independent Lighting, and online from January 2016 through June 2025 for between $50 to $350.","PQL, Inc., of Simi Valley, California","Jiangsu Ever-Tie Lighting Co., Ltd, of China",,Hong Kong,,
26-264,,26-Feb-26,,Sanven Technology Recalls Vevor Baby Gates Due to Risk of Serious Injury from Entrapment Hazard; Violates Mandatory Standard for Gates and Enclosures,Vevor Retractable Baby Gates,"This recall involves Vevor-branded safety gates.&nbsp;The recalled safety gates were sold in gray, black and white and have a metal frame about&nbsp;34.2 inches high and a retractable screen that extends up to&nbsp;60&nbsp;inches wide (model YJ-3355), 76.8 inches wide (model YJ-3371) or 116 inches wide (model YJ-33110). “Vevor” is printed on a label on the corner post of the gate. The model number is printed on the product packaging and in the user manual.","The recalled gates violate the mandatory standard for&nbsp;https://www.cpsc.gov/Business--Manufacturing/Business-Education/Busines… gates and expandable enclosures because a child’s torso can fit through the opening between the gate and the floor, posing a risk of serious injury due to entrapment.",,,Refund,"About 10,400",None reported,Consumers should stop using the recalled gates immediately and contact Sanven Technology for a full refund. Consumers should destroy the gate by cutting through the mesh and send a photo of the destroyed gate to&nbsp;recalling@vevor.com.,Sold Online At,"Amazon.com, Homedepot.com, Vevor.com, Walmart.com and Wayfair.com from December 2023 through December 2025 for between $32 and $53.",,,"Sanven Technology Ltd., dba Vevor, of Rancho Cucamonga, California",China,,
26-287,,24-Feb-26,,Magnetic Chess Games Recalled Due to Risk of Serious Injury or Death from Magnet Ingestion; Violate Mandatory Standard for Toys; Sold on Amazon by Yiruikeji2024,Christmas-themed Magnetic Chess Games,"This recall involves magnetic chess games. The recalled Christmas-themed games consist of 20 magnets, a red string, instructions and a red drawstring storage bag. “Merry Christmas,” and holiday images, including a Santa Claus, snowmen and a Christmas tree, are printed on the front of the game’s box and “Magnetic” is printed on the back.","The recalled magnetic chess games violate the&nbsp;https://www.ecfr.gov/current/title-16/chapter-II/subchapter-B/part-1250… standard for toys because they contain loose magnets posing an ingestion hazard to children. When high-powered magnets are swallowed, the ingested magnets can attract each other, or other metal objects, and become lodged in the digestive system. This can result in perforations, twisting, and/or blockage of the intestines, blood poisoning and death.",,,Refund,"About 5,300",None reported,"Consumers should immediately stop using the recalled magnetic chess games, take them away from children and contact Yiruikeji2024 for a full refund. Consumers will be asked to send a photo of the disposed product to&nbsp;yirui2024@yeah.net.",Sold Online At,Amazon.com from November 2024 through November 2025 for about $7.,"Shenzhenshiyiruikejiyouxiangongsi (Shenzhenshi Yirui Technology Co., Ltd.), dba Yiruikeji2024, of China",,,China,,
26-277,,19-Feb-26,,SAMIT Youth Multi-Purpose Helmets Recalled Due to Risk of Serious Injury or Death from Head Injury; Violates Mandatory Standard for Bicycle Helmets; Sold on Amazon by SAMIT Outdoor,SAMIT Youth Multi-Purpose Helmets,"This recall involves SAMIT multi-purpose helmets for children. The recalled helmets were sold in one size and fit a head circumference of about 21 to 23 inches. The helmets are sold in “crack” blue, “crack” red, and “crack” black with a cracked paint design.&nbsp; They were also sold in pure black.&nbsp; The helmets have gray padding, black straps, a black and red buckle with a black chin strap, and a black plastic knob at the back of the helmet for adjusting the fitting.","The recalled helmets violate the mandatory safety standard for&nbsp;https://www.cpsc.gov/Business--Manufacturing/Business-Education/Busines… helmets because the helmets do not comply with the positional stability and certification requirements. The helmets can fail to protect the user in the event of a crash, posing a serious risk of injury or death due to head injury.",,,Refund,"About 3,295",None reported,Consumers should immediately stop using the recalled helmets and contact Samit Outdoor for a full refund. Consumers should destroy the recalled helmet by cutting the straps off. Consumers can upload photos of the helmet with the straps cut off to usjialebei@foxmail.com to obtain a refund. &nbsp;,Sold Online At,Amazon.com from March 2025 through November 2025 for between $28 and $33.,,,,China,Retailer:,"Shenzhenshilonghuaqujialebeibaihuoshanghang (Jialebei Department Store, Longhua District, Shenzhen) dba Samit Outdoor, of China"
26-276,,19-Feb-26,,Prismatic 3D Prints Recalls Book Nooks Due to Risk of Serious Injury or Death from Battery Ingestion; Violates Mandatory Standard for Consumer Products with Coin Batteries and Statute for Battery Packaging,Prismatic 3D Prints Book Nooks with Lights,"This recall involves Prismatic 3D Prints Book Nooks with Lights. The book nooks are bookshelf decorations meant to be placed in between books. The book nooks come in three designs: Fantasy Window, Gothic Cathedral Window, and Gothic Cathedral Window that are a set of three.&nbsp;The book nooks were sold in a variety of different colors for the frame and window. Frame colors include antique gold, pewter, black granite, white marble, and black. Window colors include purple, red, yellow, green, and blue. The base of the book nooks has a circular recess behind the window for holding spare CR2032 coin cell batteries. The words “extra battery” is embedded in the plastic in the recess.","The recalled book nooks violate the mandatory standard for consumer products containing button cell or coin batteries because the nooks include a spare lithium coin battery that can be easily accessed by children. In addition, the spare coin battery is not in child resistant packaging, and the packaging does not have the warnings as required by&nbsp;https://www.cpsc.gov/Newsroom/News-Releases/2023/Making-Families-Safer-…’s Law. When button cell or coin batteries are swallowed, the ingested batteries can cause serious injuries, internal chemical burns and death.",,,Repair,"About 1,770",None reported,"Consumers should stop using the book nooks immediately, remove the batteries and place them in an area that children cannot access. Consumers should contact Prismatic 3D Prints for instructions on receiving a free repair kit. The repair kit will include a part to permanently cover the spare battery holder and installation instructions.Note: Button cell batteries are hazardous. Batteries should be disposed of or recycled by following local hazardous waste procedures.",Sold Online At,Etsy.com from March 2025 through October 2025 for between $25 and $72.,,,,United States,Retailer:,"Prismatic 3D Prints LLC of Loveland, Colorado"
26-275,,19-Feb-26,,Meijer Recalls Lullaby Lane and MCS Children’s Sleepwear Due to Burn Hazard; Violates Mandatory Standard for Children’s Sleepwear,"Meijer one-piece footed 12-, 18-and 24-month children’s sleepwear","This recall involves 10 different styles in various colors and patterns of 12-, 18-and 24-month size MCS and Lullaby Lane branded one-piece footed sleepwear. The brand, size and “Made in Thailand” are printed on the neck of the garment. The sleepwear has the following style number located on a sewn-in, side-seam label:BrandStyle/Name&nbsp;MCS7903815 – HeartMCS7903816 – XOXOMCS7903824 - Lucky ShamrockMCS7903830 – BunnyLullaby Lane7904011 - Airplane; Animal Print; Animals; Apples; Camping; Daisies; Dinos; Duckies; Elephants; Forest; Highland Cow; Safari Lilac; Safari White; Sheep; Toile Floral; BeesLullaby Lane7904012 - Meadow; Sharks; Star and Moon; StrawberriesLullaby Lane7904013 – Chalk Blue; Green; Heather Grey; Pastel Lilac; Pink A Boo; Powder BlueMCS7904907 - Beige Heather HalloweenLullaby Lane7905217 - Dinos Blue; Dinos Pink; Fair Isle; Heart; Multi Check; Penguin Pink; Penguin Iced Aqua; Polar Bear; TreesLullaby Lane7905217 - Buffalo Check; Reindeer Heads; Gingerbread; TreesLullaby Lane7905218 - Arctic Scene; BowsMCS7905646 – Cupids Bows; Shamrocks","The recalled sleepwear violates the mandatory flammability standard for&nbsp;https://www.cpsc.gov/Business--Manufacturing/Business-Education/Busines…’s sleepwear, posing a risk of burn injuries to children.",,,Refund,"About 211,520",None reported,Consumers should immediately stop using the recalled sleepwear and return the product to a Meijer store for a full refund.,Sold At,"Meijer stores in Michigan, Ohio, Indiana, Illinois, Wisconsin and Kentucky from December 2024 through October 2025 for about $5 through $12.","Meijer Distribution, Inc., of Grand Rapids, Michigan",,,Thailand,,
26-274,26-190,19-Feb-26,15-Jan-26,JJGoo LED Balloon Lights Recalled Due to Risk of Serious Injury or Death from Battery Ingestion; Violates Mandatory Standard for Consumer Products with Button Cell Batteries,JJGoo LED Balloon Lights,"This recall involves JJGoo- branded balloon lights. The recalled, submersible lights were sold in packs of 100 LED color-changing lights. Each multi-color, blinking light measures about 0.6 inches in diameter and has 200 preinstalled LR41 batteries.""MY1005E-Colorfu1-100"" is printed on a label on the product packaging.","The recalled lights violate the https://www.cpsc.gov/Business--Manufacturing/Business-Education/Busines… standard for consumer products containing button cell or coin batteries&nbsp;because they contain button cell batteries that can be accessed easily by children, posing an ingestion hazard. Additionally, the LED lights do not have the warnings required by&nbsp;https://www.cpsc.gov/Business--Manufacturing/Business-Education/Busines…’s Law. When button cell batteries are swallowed, the ingested batteries can cause serious injuries, internal chemical burns and death.",,"WASHINGTON, D.C. – The U.S. Consumer Product Safety Commission (CPSC) is warning consumers to immediately stop using JJGoo Submersible LED Lights because the products violate the mandatory standard for consumer products containing button cell or coin batteries. The LED lights contain button cell batteries that can be accessed easily by children, posing an ingestion hazard. Additionally, the LED lights do not have the required warnings.Reese’s Law and CPSC’s implementing regulations establish performance and warning label requirements for consumer products with button cell batteries to protect children from life threatening ingestion. If a child swallows a button cell battery, it can cause serious injuries, internal chemical burns or death.&nbsp;CPSC issued a Notice of Violation to the seller,&nbsp;Shenzhen Yimu Technology Co., Ltd., doing business as JJGoo, of China. JJGoo has not agreed to recall these LED lights or offer a remedy to consumers. &nbsp;About 103,000 LED lights were sold online at Amazon.com from February 2020 through November 2025 for about $16. The LED lights may have also been sold by various third-party sellers and on other websites.&nbsp;The LED mini, round waterproof ball lights were sold in packs of 100 color-changing lights. Each ball light measures about 0.67 inches in diameter and has two preinstalled LR41 button cell batteries.&nbsp;These products were manufactured in China.CPSC urges consumers to stop using the&nbsp;LED lights immediately and dispose of them. Do not sell or give away these hazardous LED lights.&nbsp;Button cell and coin batteries are hazardous. The batteries in the submersible LED lights should be disposed of or recycled following local hazardous waste procedures.&nbsp;&nbsp;Report any incidents involving injury or product defect to CPSC at&nbsp;www.SaferProducts.gov.",Refund,"About 3,400",None reported,"Consumers should stop using the recalled LED lights immediately, place them in an area that children cannot access&nbsp;and properly dispose of the batteries. Contact JJGoo for a full refund. Consumers should throw the balloon lights away and send a photo of the product in the trash to&nbsp;JJGooLEDBalloonLightsrecall@outlook.com.Note:&nbsp;Button cell and coin batteries are hazardous. Batteries should be disposed of or recycled by following local hazardous waste procedures.",Sold Online At,Amazon.com from October 2025 through November 2025 for about $10.,,,,China,Retailer:,"Shenzhen Yimu Technology Co., Ltd. dba JJGoo, of China"
26-273,,19-Feb-26,,Joly’s Recalls 80% Vinegar Due to Risk of Serious Injury or Death from Poisoning and Chemical Burns; Violates FHSA Labeling Requirements,"Joly’s 80% Vinegar (32 oz, pack of two)","This recall involves Joly’s 80% Vinegar (32-ounce, pack of two). The vinegar comes in a white capped transparent bottle with an orange and red label with white lettering that has “Joly’s” brand, “80% Vinegar” and “Dilutes to 5 Gallons”. There are no other markings on the container.",The recalled vinegar product violates the precautionary labeling requirements under the&nbsp;https://cpsc.gov/Business--Manufacturing/Business-Education/Business-Gu… Hazardous Substances Act&nbsp;(FHSA)&nbsp;because the hazardous substance lacks required warning labels and first-aid treatment instructions. This poses a deadly risk of poisoning if the contents are swallowed and a serious injury from chemical burns to the skin and eyes if improperly handled.,,,Refund,About 450,None reported,Consumers should move the vinegar products out of sight and reach of children immediately and&nbsp;contact Joly’s to receive a full refund and disposal instructions. Consumers will be asked to send an email to&nbsp;jolysllc@gmail.com with a photo of the recalled product in its original packaging and “RECALLED” printed on the container.,Sold Online At,Amazon.com from May 2025 through November 2025 for about $23.,,"Joly’s LLC, of Orlando, Florida",,United States,Retailer:,"Joly’s LLC, dba Josie’Store, of Orlando, Florida"
26-272,,19-Feb-26,,Huaker Magnetic Balls and Rods Sets Recalled Due to Risk of Serious Injury or Death from Choking; Violates the Small Ball Ban,Huaker Magnetic Balls and Rods Sets,This recall involves Huaker Magnetic Balls and Rods sets. The sets include 88 pieces and come in a plastic box with a handle. “Magnetic Sticks” and “Model:20A-13” are printed on the box. There are no identifying marks on the magnetic toys.,"The recalled magnet toy building sets violate the mandatory standard for toys because they contain small balls and are intended for children under three years of age, posing a deadly choking hazard.",,,Refund,About 782,None reported,"Consumers should stop using the recalled magnetic balls and rods sets immediately, take them away from children and contact Huaker to receive a full refund. Consumers will be asked to throw the magnetic toy sets away and email a photo of the disposed product to&nbsp;Huaker-magnetic-balls@outlook.com.",Sold Online At,Amazon.com from September 2025 through November 2025 for about $23.,,,,China,Retailer:,"Shenzhen Huakechuang Technology Co. Ltd., dba Huaker, of China"
26-271,,19-Feb-26,,Vive Health Recalls Adult Portable Bed Rails Due to Risk of Serious Injury or Death from Entrapment and Asphyxiation; Violates Mandatory Standard for Adult Portable Bed Rails,Vive Health Bed Rails,"This recall involves Vive Health Bed Rails, model LVA1024 and LVA3031BLK. The model LVA1024 bed rail comes in a white frame with a black handle and measures 20 inches wide by 32 inches tall. The model LVA3031BLK bed rail comes in a black frame with a black handle and measures 13 inches wide by 18 inches tall.","The recalled bed rails violate the mandatory standard for&nbsp;https://www.cpsc.gov/Business--Manufacturing/Business-Education/Busines… lang=""EN"">adult portable bed rails because when the bed rails are attached to a bed, users can become entrapped within the bed rail or between the bed rail and the side of the mattress, posing a serious entrapment hazard and risk of death by asphyxiation. In addition, the bed rails do not bear the required hazard warning labels.",,,Refund,"About 12,355",None reported,"Consumers should stop using Vive Health Bed Rails immediately and contact Vive Health for a full refund. Consumers should write “RECALLED” on the upper and lower bedrails with a permanent marker and take a photo of the marked bed rail with the buyer’s name on a piece of paper, and email to&nbsp;recalls@vivehealth.com. Consumers should then dispose of the recalled product in accordance with the state and local waste disposal procedure. Only bed rails purchased after August 21, 2023, are included in this recall.",Sold Online At,Amazon.com and ViveHealth.com from August 2023 through December 2025 for between $45 and $80.,"Vive Health LLC, of Naples Florida","Ningbo Shenyu Medical Equipment Co., Ltd., of China",,China,,
26-268,,12-Feb-26,,Watkins Manufacturing Recalls Hydromassage Rotary Jets in Highlife Collection Spas Due to Entanglement and Drowning Hazards,Hydromassage Rotary Jet (6 fin) in Highlife Collection spas,"This recall involves Hydromassage rotary jets (6 fin) in Highlife Collection spas and also sold as replacement parts.&nbsp;There are eight models included in this collection: Grandee, Envoy, Vanguard, Aria, Prodigy, Sovereign, Jetsetter and Jetsetter LX. The recalled jets are found in model year 2023, 2024 and 2025 Highlife Collection spas.","The hydromassage rotary jets can create a suction force that allows the user’s hair to be entangled, submerging their head underwater, posing entanglement and drowning hazards to the user.",,,Repair,"About 32,900 units (In addition, about 853 were sold in Canada)",The firm has received one report of a consumer whose hair was entangled in the jets. No injuries have been reported.,"Consumers should immediately stop using the recalled jets and go to the firm’s website&nbsp;http://www.hotspring.com/recalls to determine if their spa has them. If it is determined that the spa has the recalled parts, contact the firm to obtain instructions and a video that demonstrates how to turn the recalled jets off and how to install free replacement jet inserts in your spa. Consumers will need the serial number located on the front of the spa to make the determination.",Sold At,"Independent pool and spa dealers nationwide from October 2022 through September 2025 for between $16,000 and $24,000 (spas) and between $18 and $35 (replacement parts).","Jet Importer: Watkins Manufacturing Corporation, of Vista, California",,,China,,
26-267,,12-Feb-26,,Beloems Adult Portable Bed Rails Recalled Due to Risk of Serious Injury or Death from Entrapment and Asphyxiation; Violate Mandatory Standard for Adult Portable Bed Rails,Beloems Adult Portable Bed Rails,"This recall involves Beloems-branded adult portable bed rails, model BL-BR201. The recalled foldable bed rails have white metal tubing with either rounded black or gray foam rubber handle grips, support legs and a fabric pouch. The “Beloems” logo is printed on the bed rail’s fabric cover and the model number on the owner’s manual.","The recalled bed rails violate the mandatory standard for&nbsp;https://gcc02.safelinks.protection.outlook.com/?url=https%3A%2F%2Fwww.c… portable bed rails because users can become entrapped within the bed rail or between the bed rail and the side of the mattress, posing a serious entrapment hazard and risk of death by asphyxiation. The bed rails do not meet structural stability or retention strap requirements, posing a fall hazard. The bed rails’ push pins and push pin holes are incorrectly sized, posing a laceration hazard.",,,Refund,About 800,None reported,"Consumers should immediately stop using the recalled adult portable bed rails and contact Beloems for a full refund. Consumers should destroy the bed rails by cutting the handrails’ foam padding and writing “RECALLED” on the upper and lower rails with permanent marker, take a photo of the destroyed rails and send it to&nbsp;leioujiapin@163.com.",Sold Online At,Amazon.com from June 2025 through October 2025 for about $90.,,"Leioujiapin Technology Co., Ltd. dba Beloems, of China",,China,,
26-266,,12-Feb-26,,CheerKid Baby Bath Seats Recalled Due to Risk of Serious Injury or Death to Children from Drowning; Violates Mandatory Standard for Infant Bath Seats; Sold on Amazon by Babibaby and Woot,CheerKid Baby Bath Seats,"This recall involves&nbsp;CheerKid-branded baby bath seats. The recalled bath seats are sold in gray, pink and light blue. They come&nbsp;with five suction cups on the bottom and have a multi-colored rolling abacus toy at the front. “Model: BH-222” is printed on a label on the back of the bath seat.","The recalled&nbsp;bath seats violate the mandatory standard for&nbsp;https://www.cpsc.gov/Business--Manufacturing/Business-Education/Busines… bath seats because they are unstable and can tip over while in use, posing a risk of serious injury or death due to drowning.",,,Refund,About 590,None reported,"Consumers should immediately stop using the recalled&nbsp;bath seats and contact Babibaby for a full refund. Consumers should write “Recalled” on the front of the bath seat in permanent marker, disassemble the bath seat by removing the back rest and arm restraints, discard the screws, cut the five suction cups on the bottom and send a photo of the disassembled recalled bath seat showing the marked front of the seat to&nbsp;CheerKid-Recall@outlook.com.",Sold Online At,Amazon.com in September 2025 for about $35.,,,,China,Retailers:,"Hangzhouyoupengmaoyiyouxiangongsi&nbsp;(Hangzhou Youpeng Trading Co., Ltd.),&nbsp;dba Babibaby, of China, and Woot, of Carrollton, Texas"
26-265,,12-Feb-26,,Surveying Accessories Cheaper Recalls Board Games Due to Risk of Serious Injury or Death from Magnet Ingestion; Violates Mandatory Standard for Toys,Colombia-themed Magnetic Board Games,This recall involves Colombia-themed magnetic board games. The recalled games consist of a two-sided board with a storage bag and 32 multi-colored magnetic pieces and two dice with one storage pouch. The original packaging included a piece of chocolate. “Colombia que linda eres” is printed on the game’s board. “Cositas Colombianas” is printed on the front of storage box. Only the four-and six-player versions of the board games are included in this recall.,"The recalled board games violate the mandatory standard for toys because the magnetic game pieces contain loose&nbsp;high-powered magnets, posing an ingestion hazard to children. When high-powered magnets are swallowed, the ingested magnets can attract each other, or other metal objects, and become lodged in the digestive system. This can result in perforations, twisting, and/or blockage of the intestines, blood poisoning and death.",,,Refund,"About 1,200",None reported,Consumers should immediately stop using the recalled magnetic board games and take them away from children. Consumers should contact Surveying Accessories Cheaper for a pre-paid shipping label to return the board games for a full refund in the form of the original form of payment or check.,Sold At,"Centro Envíos Aventura in Miami, Florida and online at Amazon.com from April 2023 through June 2025 for between $20 and $50.",,,,Colombia,Retailer:,"Surveying Accessories Cheaper, of Miami, Florida"
26-263,,12-Feb-26,,Fortemotus Direct Adult Portable Bed Rails Recalled Due to Risk of Serious Injury or Death from Entrapment and Asphyxiation; Violate Mandatory Standard for Adult Portable Bed Rails,Fortemotus Adult Portable Bed Rails,"This recall involves Fortemotus-branded adult portable bed rails, model USFTMTJAS008. The recalled bed rails have black tubing with black foam rubber handle grips, support legs and a fabric pouch, and measure about 30 inches wide by 30 inches high.&nbsp;The Foremotus logo is printed on the bed rail’s fabric cover and the model number on the owner’s manual.","The recalled bed rails violate the mandatory standard for&nbsp;https://gcc02.safelinks.protection.outlook.com/?url=https%3A%2F%2Fwww.c… portable bed rails because users can become entrapped within the bed rail or between the bed rail and the side of the mattress, posing a serious entrapment hazard and risk of death by asphyxiation. The bed rails do not meet structural stability or retention strap requirements, posing a fall hazard. The bed rails’ push pins and push pin holes are incorrectly sized, posing a laceration hazard.",,,Refund,About 550 ,None reported.,"Consumers should immediately stop using the recalled adult portable bed rails and contact Fortemotus Direct US for a&nbsp;full refund. Consumers should destroy the bed rails by cutting the handrails’ foam padding, take a photo of the destroyed rails and send it to&nbsp;fortemotusofficial@outlook.com.&nbsp;",Sold Online At,Amazon.com from August 2025 through October 2025 for about $100.,,"Guangzhou Kezhinuo Maoyi Youxian Gongsi, dba Fortemotus Direct US, of China",,China,,
26-261,,12-Feb-26,,SOOWERY 6-Drawer Dressers Recalled Due to Risk of Serious Injury or Death from Tip-Over and Entrapment Hazards; Violates Mandatory Standard for Clothing Storage Units,SOOWERY 6-Drawer Dressers,"This recall involves SOOWERY 6-Drawer Dressers. The dressers were sold in black. They have a metal frame, wooden top, and six collapsable fabric drawers. The dressers are 47.2 inches long by 11.8 inches wide by 33.3 inches tall.","The recalled dressers are unstable if they are not anchored to the wall, posing tip-over and entrapment hazards that can result in risks of serious injuries or death to children. The dressers violate the mandatory standard as required by the https://www.cpsc.gov/Business--Manufacturing/Business-Education/Busines… lang=""EN-US"">STURDY Act.",,,Refund,About 166,None reported.,"Consumers should immediately stop using the recalled dressers if they are not anchored to the wall and place them in an area that children cannot access. With a permanent marker, write the word ""recalled"" on the top and all sides of the dresser. Contact SOOWERY for instructions on how to dispose of the dressers to receive a full refund. Consumers must submit a photo to SOOWERYrecall@outlook.com showing disposal of the product.&nbsp;",Sold Online At,Amazon.com from December 2025 through January 2026 for about $130.&nbsp;,,,,China,Retailer:,"Shenzhen Zhongyuantong Technology Co., Ltd., dba SOOWERY of China&nbsp;"
26-260,,12-Feb-26,,LShome Photoelectric Smoke Detector Fire Alarms Recalled Due Failure to Warn During Fire Posing Serious Injury or Death Hazard; Sold Exclusively on Amazon.com by TIANJINSHIHAOWEIXINSHENGJIDIANANZHUANGGONGCHENG,3-Pack Smoke Detector Fire Alarms,"This recall involves 3-Pack Smoke Detector Fire Alarms. The alarms are 9V battery operated and have a light sound warning and test button. The alarms are white and circular in shape. Model number “XG-7D04-KZ9Z"" and SKU number “CX-50YP-A5VN"" are printed on the bottom side of the alarm.&nbsp;","If the sensing threshold of security warnings is set too high, the alarm might not sound in a timely manner, posing a fire hazard.&nbsp;",,,Refund,"About 4,800",None reported.,Consumers should immediately stop using the smoke detector fire alarms and contact&nbsp;lmm15957491237@163.com for instructions on how to receive a full refund through Amazon.com. Smoke alarms can be discarded in the household trash.&nbsp;,Sold Online At,Amazon.com in September 2025 for about $30.,,,,China,Retailer:,"TIANJINSHIHAOWEIXINSHENGJIDIANANZHUANGGONGCHENG, of China"
26-244,,9-Feb-26,,Airova Recalls Aroeve Air Purifiers Due to Fire and Burn Hazards,Aroeve brand air purifiers,"This recall involves Aroeve brand air purifiers, model MK04. The recalled air purifiers come in black or white. The model, date code, and serial number information are printed on the product label located on the bottom of the air purifiers. The air purifiers subject to this recall were manufactured prior to July 2025 and have a serial number starting with “BN”.","The air purifiers can overheat and ignite, posing fire and burn hazards to consumers.",,,Replace,"About 191,390","Airova received 37 reports of the air purifiers overheating, including one report of fire. No injuries or property damage have been reported.",Consumers should stop using the recalled Aroeve air purifiers immediately and contact Airova for a free replacement air purifier.,Sold Online At,"Amazon.com, Shopify.com, TEMU.com, and TikTok.com from September 2024 through June 2025 for between $80 and $134.","Airova, Inc. of Newark, California",,,China,,
26-257,,5-Feb-26,,Andy & Evan Recalls Children’s Pajama Sets Due to Risk of Serious Injury or Death from Burn Hazard; Violate Mandatory Standard for Children’s Sleepwear,Andy & Evan Children’s Pajama Sets,"This recall involves Andy &amp; Evan-branded children’s pajama sets. The recalled woven pajamas consist of a long-sleeved shirt with buttons, a front pocket and matching flared pants. The pajamas were sold in pink with white stripes and purple and pink hearts with trim in children’s sizes 2T, 3T, 4T, 5, 6 and 6X. “Andy &amp; Evan” and the size are printed on the sewn-in neck label. “RN# 136762” and “YC05” are printed on the sewn-in side seam label.","The recalled children’s pajamas violate the mandatory flammability standard for&nbsp;https://www.cpsc.gov/Business--Manufacturing/Business-Education/Busines…’s sleepwear, posing a risk of serious burn injuries or death.",,,Refund,About 500,None reported,"Consumers should immediately stop using the pajama sets and contact Andy &amp; Evan for a full refund. Consumers should cut the pajamas in half, take a photo of the destroyed pajamas and email it to&nbsp;recall@andyandevan.com, then dispose of the destroyed pajamas.",Sold At,"Bringing Up Baby Boutique in South Boston, Massachusetts; Paddy Bunks Boutique in Locust Valley, New York; Crib &amp; Kids, LLC Boutique in San Antonio, Texas; and online at andyandevan.com, marshalls.com, saksoff5th.com, nordstorm.com, tjmaxx.tjx.com, paddybunks.com, cribandkids.com and other online retailers from February 2024 through June 2025 for between $13 and $58.",,,"Andy & Evan Industries, Inc., of New York City, New York",China,,
26-256,,5-Feb-26,,DriBiz Recalls Ammo Tabs Desiccant Tiles Due to Injury Hazard,Ammo Tabs Fiber Desiccant Tiles used for Firearms and Ammunition,"This recall involves Ammo Tabs, rectangular, off-white fiber desiccant tiles measuring about 2 inches by 4 inches with a thickness of 2.5mm. The tiles are used within ammunition cans and pistol cases to absorb and lock in humidity. Model number AMT-010 is printed on the packaging.","The Ammo Tab can fail to protect the firearms and ammunition from humidity, allowing excess moisture to cause corrosion or rust that can increase the risk of malfunction and pose an injury hazard.",,,Refund,About 760,None reported,Consumers should immediately stop using the recalled Ammo tab and go to the firm’s website at&nbsp;https://www.norustzone.com to receive instructions on how to receive a full refund and to dispose of the tab.&nbsp;,Sold At,Amazon.com from July 2025 through December 2025 for between $10 and $13.,"DriBiz LLC, Fairview Heights, Illinois",,,China,,
26-255,,5-Feb-26,,EnHomee 10-Drawer Dressers Recalled Due to Risk of Serious Injury or Death from Tip-Over and Entrapment Hazards; Violates Mandatory Standard for Clothing Storage Units,EnHomee 10-Drawer Dressers,"This recall involves EnHomee 10-Drawer Dressers. The recalled dressers were sold in the following colors: black, white, grey, and brown. They have a metal frame, wooden top, 10 collapsable fabric drawers, and two metal drawers. The dressers are 38 inches long by 11.8 inches wide by 48.1 inches tall. Model number “55SCWMSCXLBR” can be found on the order information within your Amazon account.","The recalled dressers are unstable if they are not anchored to the wall, posing tip-over and entrapment hazards that can result in risks of serious injuries or death to children. The dressers violate the mandatory standard required by the&nbsp;https://www.cpsc.gov/Business--Manufacturing/Business-Education/Busines… Act.",,,Refund,"About 5,000",None reported,"Consumers should immediately stop using the recalled dressers, if they are not anchored to the wall, and place them in an area that children cannot access. Contact EnHomee for instructions on how to identify affected units and dispose of the dressers to receive a full refund. Consumers must submit a photo to&nbsp;enhomeestore@gmail.com&nbsp;showing disposal of the product.",Sold Online At,Amazon.com from&nbsp;September 2023 through December 2025 for about $115.,,"Xuzhou Mingquanhe Home Furnishing Co., Ltd., of China",,China,Retailer:,"HunanSan Tang International Trading Co., Ltd.&nbsp;dba EnHomee Direct, of China"
26-254,,5-Feb-26,,Cobelae Busy Books Recalled Due to Risk of Serious Injury or Death from Choking Hazard; Violates Small Parts Ban; Sold on Amazon by Flyindream,Cobelae Busy Book for Toddlers,"This recall involves Cobelae Busy Book, model: 2025-Q3-0702. The Busy Book has a yellow and brown giraffe on the front cover. The apple on page eight of the books includes a string of beads. There are no markings on the book.","The toy books violate the small parts ban because the beads can loosen and detach from the product, posing a deadly choking hazard.&nbsp;&nbsp;",,,Replace,"About 3,500  ",None reported,"Consumers should immediately stop using the recalled busy book and contact Flyindream to receive a free replacement book. Consumers should write “RECALLED” on the front of the book with permanent marker, throw the product away, and send a photo of the disposed product to cobelaeservice@outlook.com.&nbsp;",Sold Online At,Amazon.com from October 2025 through November 2025 for about $26.&nbsp;,,,,China,Retailer:,"Shenzhenmengzhongfeikejiyouxiangongsi doing business as Flyindream, of China&nbsp;"
26-253,,5-Feb-26,,Clark Associates Recalls Lancaster Table & Seating Powder-Coated Aluminum Outdoor Restaurant Chairs and Barstools Due to Fall Hazard,Lancaster Table & Seating Powder-Coated Aluminum Outdoor Chairs and Barstools,"This recall involves three models of Lancaster Table &amp; Seating Powder-Coated Aluminum Outdoor Chairs and Barstools in arm chair, side chair (no arms) and barstool configurations sold under 180 item numbers. The chairs and barstools were sold in blue, brown, dark gray, light gray/silver, red, white, aqua, black, green, sangria/burgundy, yellow and orange. The chairs were sold with and without accompanying outdoor tables, which are not subject to the recall. The item numbers can be found on order confirmation emails, shipping confirmation emails and invoices. A full list of affected item numbers and examples of colors are available at www.webstaurantstore.com/uploads/Clark_Associates/2026/1/lts-recall-list-of-affected-products-1.pdf.","The legs of the chairs and barstools can bend or break while the chair is in use, posing a fall hazard.&nbsp;",,,Refund,"About 158,486","The firm has received 36 reports of broken or bent chair legs, resulting in four falls and three injuries.","Consumers should immediately stop using the recalled chairs and barstools and contact Clark Associates for a full refund to the original method of purchase or a store credit. Consumers should register their product online at www.lancastertableandseating.com/recalls/powder-coated-aluminum-chairs, mark the product with the word “Recalled” in paint or thick permanent marker in a visible location and dispose of the product in accordance with local and state laws.&nbsp;",Sold At,"Clark Pro and Clark National Accounts nationwide and online at webstaurantstore.com, therestaurantstore.com and quicksupply.com from April 2020 through October 2025 for between $55 and $133.","Clark Core Services LLC, dba Clark Associates, of Lancaster, Pennsylvania",,,China,,
26-252,,5-Feb-26,,"Scepter Fuel Containers Recalled Due to Risk of Serious Injury or Death from Flash Fire, Burn and Child Poisoning; Violates Mandatory Standards for Portable Fuel Containers; Imported by Mameix Retail",Scepter Gas and Oil Combination Fuel Containers,This recall involves Scepter B62 gas and oil fuel containers. The recalled combination fuel containers are red with black caps and yellow spouts on each end. They have dual chambers with a 6-liter gas capacity on one side and 2.5-liter oil capacity on the other. “Scepter” and “Essence Danger” are embossed on the side of the container.,"The recalled fuel containers violate the mandatory safety standards for portable fuel containers because they lack flame mitigation devices required under the https://www.cpsc.gov/Business--Manufacturing/Business-Education/Busines… lang=""EN"">Portable Fuel Container Safety Act, posing a deadly risk of flash fire. In addition, the Children’s Gasoline Burn Prevention Act requires all closures on portable gasoline fuel containers to be child resistant. The spout on the product is not child-resistant, posing a risk of burn and poisoning to children.&nbsp;",,,Refund,About 700  ,None reported,"Consumers should immediately stop using the recalled fuel containers, place them out of reach of children and contact Mameix Retail for a full refund. Consumers will be asked to write “Recalled” with permanent marker on the container and submit a photo of it in the trash to scepterrecall@gmail.com.&nbsp;",Sold Online At,Amazon.com from August 2024 through May 2025 for about $40.&nbsp;&nbsp;,"Mameix Retail, Inc. of Canada",,,Canada,,
26-251,,5-Feb-26,,YITA Recalls Multiple Brands of Dressers Due to Risk of Serious Injury or Death from Tip-Over and Entrapment Hazards; Violates Mandatory Standard for Clothing Storage Units,"Yitahome, Uforic, Dextrus, Yintatech and ModFusion-branded Dressers","This recall involves the five different brands of YITA dressers: Dextrus, ModFusion, Uforic, Yintatech and Yitahome. The 16-drawer dressers were sold in gray, black, white, pink and brown. They have a black or white metal frame, a wooden top and collapsable fabric drawers; and measure about 37.4 inches long, 11.8 inches wide and 57.1 inches tall. SKU numbers FTBFSD-0161, FTBFSD-0162, FTBFSD-0212, FTBFSD-0246 or SKU FTBFSD-0465 is printed on labels located on the dresser’s top panel and on the product packaging. The brand name can be found on the product online listing.&nbsp;","The recalled dressers are unstable if they are not anchored to the wall, posing tip-over and entrapment hazards that can result in risks of serious injuries or death to children. The dressers violate the mandatory standard as required by the https://www.cpsc.gov/Business--Manufacturing/Business-Education/Busines… lang=""EN-US"">STURDY Act.",,,Refund,"About 6,800",None reported,"Consumers should immediately stop using the recalled dressers, if they are not anchored to the wall, and place them in an area that children cannot access. Contact YITA for a full refund. Consumers should write “RECALL” on the dressers using a permanent marker, disassemble them and submit a photo of the disposed product to yitamotor@outlook.com.&nbsp;",Sold Online At,Amazon.com and Walmart.com from September 2023 through August 2025 for between $75 and $100.&nbsp;&nbsp;,"Yita LLC, dba Yitahome, Uforic, Dextrus, Yintatech and ModFusion, of Kent, Washington",,,China,,
26-250,,5-Feb-26,,Aterian Recalls PurSteam Elite Travel Steamers and Mighty Lil Steamers Due to Risk of Serious Burn Injury,PurSteam Mighty Lil Steamers and PurSteam Elite Travel Steamers,"This recall involves PurSteam Elite Travel Steamers and PurSteam Mighty Lil Steamers purchased after December 2020 or with one of the following date codes: 2310, 2308, 2305, 2304, 2303, 2212, 2211, 2210, 2203, 2112, 2111, 2110, 0221, 1019, and 4619. The PurSteam Elite Travel Steamer is white with a triangular-shaped opening for the steam vents. The “PurSteam” logo is printed below a wave-shaped water reservoir window, and “Model: PS-510” is printed on a label on the bottom of the product. The PurSteam Mighty Lil Steamer is white with an oblong-shaped opening for the steam vents. The “PurSteam” logo is printed below the water reservoir window, and “Model: PS 550” is printed on a label on the bottom of the product. On both steamer models, the manufacture date (date code) is located on a label on the bottom of the product in YYMM format.&nbsp;&nbsp;","The steamers can expel hot water from the steam nozzle during use, posing a serious burn hazard to consumers.",,,Refund,"About 75,400 PurSteam Elite Travel Steamers and about 119,000 PurSteam Mighty Lil Steamers","Between December 2020 and 2024, there were 80 reports of hot water being expelled from the PurSteam Elite Travel Steamer model PS-510, including 14 reports of burn injuries. Between December 2020 and 2024, there were 392 reports of hot water being expelled from the PurSteam Mighty Lil Steamer model PS-550, including 40 reports of burn injuries, two of which were reported as second-degree burns. There are additional reports of hot water being expelled from both steamer models, including reports of burn injuries, from before Aterian’s acquisition of PurSteam in December 2020. ","Consumers should immediately stop using the recalled steamers and visit recall.pursteam.com to submit a Recall Request. As part of the request process, consumers will be required to provide their contact information and then cut the steamer’s cord and upload a photo of the steamer with its cut cord, in order to receive a full refund. Consumers should keep their steamer until receiving their refund, as some consumers may be asked to return their steamer to Aterian with a prepaid shipping mailer.&nbsp;&nbsp;",Sold Online At,"Pursteam.com, Amazon.com and Walmart.com from December 2020 through April 2025 for between about $15 and $35 for the PurSteam Elite Travel Steamer model PS-510, and from December 2020 through January 2024 for between about $11 and $30 for the PurSteam Mighty Lil Steamer model PS-550.","Aterian, Inc., of Summit, New Jersey",,,China,,
26-249,,5-Feb-26,,Dresbe LED Christmas Headbands Recalled Due to Risk of Serious Injury or Death from Battery Ingestion; Violate Mandatory Standard for Consumer Products with Button Cell Batteries,Dresbe LED Christmas Headbands,"This recall involves Dresbe LED Christmas Headbands. The headbands were sold as a two-pack of novelty headbands, one red headband with candy cane attachments and a green headband with a Christmas tree attachment, each containing three button cell batteries to power LED lights. The headbands have “HB-052” and “DRESBE LED Christmas Headband (2pc)” printed on labels located on the package.&nbsp;&nbsp;","The recalled headbands violate the mandatory standard for consumer products with button cell and coin batteries because the button cell batteries in the headbands can be accessed easily by children, posing an ingestion hazard. Additionally, the packaging and product do not have the warnings required under https://www.cpsc.gov/Newsroom/News-Releases/2023/Making-Families-Safer-… lang=""EN-US"">Reese’s Law. When button cell or coin batteries are swallowed, the ingested batteries can cause serious injuries, internal chemical burns, and death.",,,Refund,About 250 units,None reported,Consumers should stop using the recalled headbands immediately and contact Dresbe for information on how to properly dispose of the product. Consumers will need to email a photograph of disposal to dresberecall@shineprom.com to receive the refund.Note: Button cell batteries are hazardous. Batteries should be disposed of or recycled by following local hazardous waste procedures.&nbsp;&nbsp;,Sold At,Amazon.com from March 2024 through June 2025 for about $13.,,,,China,Retailer:,"Wenxi Xuefeng Technology Co., Ltd, dba Dresbe, of China"
26-248,,5-Feb-26,,Fixwal 7-Drawer Dressers Recalled Due to Risk of Serious Injury or Death from Tip-Over and Entrapment Hazards; Violates Mandatory Standard for Clothing Storage Units,Fixwal 7-Drawer Dressers,"This recall involves the Fixwal 7-Drawer Dressers. The recalled dressers were sold in black and white and have a metal frame, wooden top, and seven collapsable fabric drawers. The dressers are 55.1 inches long by 11.8 inches wide by 31.5 inches tall.&nbsp;","The recalled dressers are unstable if they are not anchored to the wall, posing tip-over and entrapment hazards that can result in risks of serious injuries or death to children. The dressers violate the mandatory standard as required by the https://www.cpsc.gov/Business--Manufacturing/Business-Education/Busines… lang=""EN-US"">STURDY Act.",,,Refund,"About 2,900",None reported,"Consumers should immediately stop using the recalled dressers if they are not anchored to the wall, place them in an area that children cannot access and contact Momok for a full refund. Consumers should write “RECALLED” on the front, side, and back of the dresser with a permanent marker, take photos and email them to fixwaldresserrecall@outlook.com.&nbsp;&nbsp;",Sold Online At,Amazon.com from September 2023 through December 2025 for about $100.&nbsp;&nbsp;,,,,China,Retailer:,"Changzhou Xunchuang Home Furnishing Co., Ltd., dba Momok of China&nbsp;"
26-247,,5-Feb-26,,Furnulem 5-Drawer Dressers Recalled Due to Risk of Serious Injury or Death from Tip-Over and Entrapment; Violates Mandatory Standard for Clothing Storage Units,Furnulem 5-Drawer Dressers,"This recall involves Furnulem five-drawer dressers. The wooden, white dressers measure about 31.5 inches tall, 15.75 inches long and 50.2 inches wide. They have a top with recessed power outlets, and each drawer has two round pull knobs. Only dressers that did not come with feet extensions are included in this recall. Model “HK-DS-017-CL-5D-1-W” is printed on the packaging.&nbsp;","The recalled dressers are unstable if they are not anchored to the wall, posing tip-over and entrapment hazards that can result in risks of serious injuries or death to children. The dressers violate the mandatory standard as required by the https://www.cpsc.gov/Business--Manufacturing/Business-Education/Busines… lang=""EN-US"">STURDY Act.",,,Refund,About 50,None reported,Consumers should immediately stop using the recalled dressers if they are not anchored to the wall and place them in an area that children cannot access. Contact Furnulem for instructions on how to dispose of the dressers for a full refund. Consumers should send a photo demonstrating disposal of the product to support@furnulem.com.&nbsp;,Sold Online At,Amazon.com in July 2025 for about $140.&nbsp;,,,,China,Retailer:,"Shanghai Taiye Furniture Co., Ltd., dba Furnulem, of China"
26-246,,5-Feb-26,,Kitosun Submersible LED Lights Recalled Due to Risk of Serious Injury or Death from Battery Ingestion; Violates Mandatory Standard for Consumer Products with Coin Batteries,Kitosun Submersible LED Lights,"This recall involves Kitosun Submersible LED Lights. The LED lights include 10 color-changing LED lights, two remote controls, 20 preinstalled CR2450 lithium batteries in the lights and four preinstalled CR2032 lithium batteries in the remote controls. Each light is about 3.5 cm in diameter.&nbsp;&nbsp;","The recalled LED lights violate the mandatory standard for consumer products containing button cell or coin batteries because they contain lithium coin batteries that can be accessed easily by children, posing an ingestion hazard. Additionally, the LED lights do not have the warnings as required by https://www.cpsc.gov/Business--Manufacturing/Business-Education/Busines… lang=""EN-US"">Reese’s Law. When children swallow button cell or coin batteries, the ingested batteries can cause serious injuries, internal chemical burns, and death, posing an ingestion hazard to children.",,,Refund,"About 8,100",None reported,"Consumers should immediately stop using the recalled LED lights and contact Kitosun by email with “Recall” in the subject line for disposal instructions. To receive a full refund, email a photo of the disposed product to sales@kitosun.com.&nbsp;Note: Button cell and coin batteries are hazardous. Batteries should be disposed of or recycled by following local hazardous waste procedures.&nbsp;",Sold Online At,Amazon.com from March 2024 through November 2025 for about $23.,,,,China,Retailer:,"Kitosun Original Company Limited, dba Kitosun, of China&nbsp;"
26-243,,5-Feb-26,,GM Gumili Wintergreen Essential Oil Bottles Recalled Due to Risk of Serious Injury or Death from Child Poisoning; Violates Mandatory Standard for Child-Resistant Packaging; Sold on Amazon by Gumili Beauty,GM Gumili Wintergreen Essential Oil Bottles,"This recall involves GM Gumili Wintergreen Essential Oil.&nbsp; The essential oil was sold in an amber glass bottle with a black screw-on cap and a white label with the “GM” logo, “gumili,” “wintergreen essential oil” and an image of a wintergreen plant. The packaging box is white with blue text with the “GM” logo, “gumili,” “essential oil” and “100% pure &amp; natural” on the front. The back of the box has directions, safety instructions and the manufacturer’s information. A black dropper cap was included with the oil.","The essential oil contains methyl salicylate, which must be in child-resistant packaging, as required by the https://cpsc.gov/Business--Manufacturing/Business-Education/Business-Gu… lang=""EN-US"">Poison Prevention Packaging Act (PPPA). The packaging for the products is not child resistant, posing a risk of poisoning if the contents are swallowed by young children.",,,"Refund, Replace","About 2,970",None reported,Consumers should immediately secure the recalled essential oil out of the sight and reach of children and contact the firm to receive a full refund or free replacement bottle of essential oil. Consumers will be asked to take a photo of their product in the trash in order to receive a refund or replacement and email the photo to gumilius@outlook.com.,Sold Online At,Amazon.com by Gumili Beauty from October 2023 through November 2025 for about $8.&nbsp;,,,,China,Retailer:,"Guangzhou Feifan Kuajing Supply Chain Co., Ltd. dba Gumili Beauty, of China"
26-242,,5-Feb-26,,Organic Zing Birch Essential Oil Bottles Recalled Due to Risk of Serious Injury or Death from Child Poisoning; Violates Mandatory Standard for Child-Resistant Packaging; Sold on Amazon by Linkers,Organic Zing Birch Oil Bottles,"This recall involves Organic Zing Birch Oil bottles. The recalled essential oil’s amber bottles have black continuous thread caps and a beige and green label with white and black labeling. The Organic Zing logo, “Birch Oil” and “Pure &amp; Natural” are printed on the front of the bottle. The Organic Zing logo and “Pure &amp; Natural” are printed on the front of the bottles’ beige and green box packaging and “Made in India” on the back.","The essential oil bottles contain methyl salicylate, which must be in child-resistant packaging, as required by the&nbsp;https://www.cpsc.gov/Business--Manufacturing/Business-Education/Busines… Prevention Packaging Act (PPPA). The bottles for the products are not child resistant, posing a risk of poisoning if the contents are swallowed by young children.",,,Refund,About 940,None reported,Consumers should immediately secure the recalled essential oil bottles out of the sight and reach of children and contact Linkers for a full refund and instructions on destroying the recalled bottles. Consumers will be asked to pour the contents of the bottle into the trash and email a photo of the disposed bottle to&nbsp;admin@linkersecomm.com.,Sold Online At,Amazon.com from January 2024 through November 2025 for about $20.,,"Salvia Cosmeceuticals, of India",,India,Retailer:,"Linkers, of India"
26-241,,5-Feb-26,,"Little Cow Company Recalls 9 oz Candles in Glass Jars Due to Fire, Burn and Laceration Hazards",Little Cow Co. 9 oz candles in glass jars,"This recall involves “Little Cow Co.” candles in glass jars with screw top lids. The recalled candles were sold in 9 oz glass jars with a sticker with the brand name “Little Cow Co.” located on the center of the front of the glass jar. The sticker also says “100% natural soy wax candle, laced with organic butter.”","The glass jar holding the candle can crack or break during use, posing fire, burn and laceration hazards.",,,Refund,"About 1,140",The firm has received two reports of glass jar breaking. No injuries have been reported.,"Consumers should immediately stop using the recalled candles and contact&nbsp;Little Cow Company to receive&nbsp;a full refund. Consumers will be asked to use a permanent marker to draw an ‘X” on the glass container, cut the wicks and email a photo of the marked jar can and cut wicks to Little Cow Company.",Sold At,New Seasons Market and Town and Country stores nationwide from December 2025 through January 2026 for about $25.,,"Little Cow Company LLC, of Portland, Oregon",,United States,,
26-240,,5-Feb-26,,Lola Plus The Boys Recalls Youth Clothing with Drawstrings Due to Risk of Serious Injury or Death from Strangulation Hazard; Violates Federal Rule for Children’s Upper Outerwear,Lola + The Boys Youth Clothing with Drawstrings,"This recall involves five styles of Lola + The Boys hooded clothing with drawstrings:-The Candy Heart Tie Dye set consists of pink and white pants and a sweatshirt. Both have a yellow drawstring with beads, and the sweatshirt has a heart on the front.&nbsp;-The Hoodie Unicorn Tutu set consist of a rainbow organza skirt and a purple hoodie sweatshirt with a unicorn on the front.&nbsp;-The Justice League Hero hoodie is gray and has a front pocket and superhero decals along the right sleeve.&nbsp;-The Emoji Love hoodie sweatshirt is white and has a pocket and three smiley emojis on the front.&nbsp;-The Crystal Rainbow Rain hoodie is gray and has a front pocket and rainbow-colored beads at both ends of the drawstrings.&nbsp;The clothing was sold in youth sizes 1 through 12. “Lola + The Boys” and the size are printed on the neck label.",The drawstrings in the recalled clothing can get caught on objects and cause death or serious injury to children due to the strangulation hazard. The clothes are in violation of the federal rule for children’s upper outerwear and present a substantial product hazard.,,,Refund,About 620,None reported,"Consumers should immediately take the recalled clothing away from children, remove the drawstrings to eliminate the hazard and contact Lola Plus The Boys for a full refund. Consumers should send a photo of the clothing without a drawstring, along with their name and the date, to&nbsp;customerservice@lolaandtheboys.com.&nbsp;",Sold At,Lola Plus The Boys stores nationwide and online at Lolaandtheboys.com from November 2022 through September 2025 for between $45 and $80.,"Lola Plus The Boys Inc., of Chicago, Illinois",,,China,,
26-239,,5-Feb-26,,Semfri Children’s Helmets Recalled Due to Risk of Serious Injury or Death from Head Injury; Violates Mandatory Standard for Bicycle Helmets,Semfri Children’s Helmets,"This recall involves Semfri-branded children’s multi-purpose helmets. The recalled helmets were sold in size medium (M), fitting a head circumference of about 20.5 to 22.8 inches; and in the following colors: orange, black, blue, navy blue, pink, red and white. All helmets have black padding, black straps and a black buckle. The helmets have a black plastic knob at the back of the helmet for adjusting the fitting. The size is printed on a black circular label located inside of the helmet.","The recalled helmets violate the mandatory safety standard for&nbsp;https://www.cpsc.gov/Business--Manufacturing/Business-Education/Busines… helmets because the helmets do not comply with the impact attenuation, positional stability, labeling and certification requirements. The helmets can fail to protect the user in the event of a crash, posing a serious risk of injury or death due to head injury.",,,Refund,About 300,None reported,Consumers should immediately stop using the recalled helmets and contact Semfri for a full refund. Consumers should destroy the helmet by cutting the straps and sending a photo of the destroyed helmet to Semfri_recall@163.com.,Sold Online At,Walmart.com from June 2025 through November 2025 for between $19 and $28.,,,,China,Retailer:,"Jinjiangshi XunMai Network Technology Co., Ltd., dba Semfri, of China"
26-238,,5-Feb-26,,Shintenchi 6-Drawer Dressers Recalled Due to Risk of Serious Injury or Death from Tip-Over and Entrapment Hazards; Violate Mandatory Standard for Clothing Storage Units,Shintenchi 6-Drawer Dressers,"This recall involves Shintenchi-branded dressers. The recalled, white dressers have six wooden drawers and golden metal feet and measure about 15.7 inches deep by 47.2 inches wide by 30.5 inches high. “SHX12077-WH” is embossed on the underside of the dresser at the top of one metal foot and on the product packaging.","The recalled dressers are unstable if they are not anchored to the wall, posing tip-over and entrapment hazards that can result in risks of serious injuries or death to children. The dressers violate the mandatory standard as required by the&nbsp;https://www.cpsc.gov/Business--Manufacturing/Business-Education/Busines… Act.",,,Refund,About 600,None reported,"Consumers should immediately stop using the recalled dressers, if they are not anchored to the wall, and place them in an area that children cannot access.&nbsp;Contact Shintenchi for instructions on how to dispose of the dressers to receive a full refund. Consumers must submit a photo to&nbsp;ShintenchiRecall@hotmail.com&nbsp;showing disposal of the product.",Sold At,Amazon.com from July 2025 through August 2025 for about $130.,,"Huizhou Sunhouse Home Furnishings Co., Ltd., of China",,China,Retailer:,"Shanghai Kase International Trade Co., Ltd., dba Shintenchi, of China"
26-229,,5-Feb-26,,Zan International Trading Recalls Lotus Joy Sweet Birch Essential Oil Bottles Due to Risk of Serious Injury or Death from Child Poisoning; Violates Mandatory Standard for Child-Resistant Packaging,Lotus Joy Organic Sweet Birch Essential Oil Bottles,"This recall involves Lotus Joy Organic Sweet Birch Essential Oil bottles. The essential oil comes in 0.34 fluid ounce amber bottles with a black cap and a separate glass dropper with a black cap. The white label on the bottle has orange and black text with “LotusJoy”, “organic”, “sweet birch”, “essential oil and “betula lenta” printed on the front and ingredients and directions on the back. The packaging box is blue and has the same information as the front of the bottle in orange and black lettering and has directions and the distributor’s information on the back.","The essential oil bottles contain methyl salicylate, which must be in child-resistant packaging, as required by the https://cpsc.gov/Business--Manufacturing/Business-Education/Business-Gu… lang=""EN-US"">Poison Prevention Packaging Act (PPPA). The bottles are not child-resistant, posing a risk of poisoning if the contents are swallowed by young children.",,,Refund,About 470,None reported,Consumers should immediately secure the recalled essential oil out of the sight and reach of children and contact Zan International Trading for a full refund. Consumers will be asked to pour the contents in the trash and take a photo of the bottle in the trash and email it to Zan International Trading at zantradellc@hotmail.com.,Sold Online At,Amazon.com from August 2025 through November 2025 for about $13.,,"Guangzhou Tenghui Fragrance &amp; Flavor Co., Ltd., of China","Zan International Trading & Services LLC, of Rockville, Maryland",China,,
26-236,,29-Jan-26,,Gazelle USA Recalls Urban Arrow FamilyNext Pro Cargo E-Bikes Due to Injury Hazard,Urban Arrow FamilyNext Pro Cargo E-Bikes,"This recall involves Urban Arrow FamilyNext Pro Cargo E-Bikes with Fidlock buckles. The recalled bicycle comes in one size and comes in green and black. The frame of the bicycle is made of aluminum with a reinforced foam (EPP) cargo box. The bicycle is 105"" in length and 28"" wide. “Urban Arrow” is imprinted on the bottom of the cargo box.","The buckle can fail to fully latch when used with children in the cargo area, posing injury hazards to children.",,,Repair,About 320,The firm has received three reports of buckles not fully latching. No injuries have been reported.,Consumers should immediately stop using the e-bikes and contact Gazelle USA to arrange for a free repair of the bench assembly in the cargo area of the e-bike. The repair will include a replacement buckle and will be done at a dealership location.,Sold At,"Individual specialty stores from March 2025 through December 2025 for about $9,000.","Gazelle USA, LLC, of Santa Cruz, California",,,Vietnam,,
26-234,,29-Jan-26,,Bazic Products Recalls Bazic Silicone Glue Due to Risk of Serious Injury or Death from Child Poisoning; Violates Mandatory Standard for Child Resistant Packaging and FHSA Labeling Requirements,Bazic Silicone Glue,"This recall involves Bazic Silicone Glue, Model 2030.&nbsp; The glue comes in a transparent plastic bottle with a blue nozzle top and a blue and black wraparound label bearing instructions and warning statements. The glue’s label reads “Bazic”, “Silicone Glue”, and “Clear Adhesive Sealant” on the front, with cautionary statements and “2030” above the barcode on its side. Only Bazic Silicone Glue with batch code “V01233-031725-70004523"" printed on the side of the bottles are included in the recall.","The glue contains methanol, which must be in child-resistant packaging, as required by the&nbsp;https://www.cpsc.gov/Business--Manufacturing/Business-Education/Busines… Prevention Packaging Act. The glue’s packaging is not child-resistant, posing a risk of serious injury or death from poisoning if the contents are swallowed by young children. In addition, the glue violates the labeling requirements under the&nbsp;https://www.cpsc.gov/Business--Manufacturing/Business-Education/Busines… Hazardous Substances Act because it is incorrectly labeled as “Non-Toxic” and because it lacks a “highly flammable” hazard statement.",,,Refund,"About 21,170",None reported,"Consumers should stop using the recalled Bazic Silicone Glue immediately and contact Bazic Products for instructions on how to submit a photo of the product to receive a full refund.Note: The recalled glue should be disposed of in accordance with any local and state regulations, contact your local hazardous waste treatment center. Do not dispose of methanol in sewers, rainwater pipes or ordinary garbage cans to avoid causing fires or environmental pollution.",Sold At,"Shims Bargain Inc., Henry Lamond Co. Ltd., Universal Wholesale and D’notions &amp; crafts stores nationwide and online at Amazon.com and Walmart.com from May 2025 through October 2025 for about $3.","Bangkit USA Inc, dba Bazic Products, of El Monte, California",,,China,,
26-231,,29-Jan-26,,Viofairy Hair Growth Serum Bottles Recalled Due to Risk of Serious Injury or Death from Child Poisoning; Violates Mandatory Standard for Child-Resistant Packaging; Sold on Amazon by FDAF,Viofairy Hair Growth Serum,This recall involves Viofairy Hair Growth Serum. The hair serum comes in black and gold packaging and a black bottle with gold and white label and a black cap. The hair serum has “VIOFAIRY HAIR GROWTH SERUM” and “5% MINOXIDIL With BIOTIN” printed on labels located the front of the bottle.,"The serum bottles contain minoxidil, which must be in child-resistant packaging, as required by the&nbsp;https://www.cpsc.gov/Business--Manufacturing/Business-Education/Busines… Prevention Packaging Act. The serum’s packaging is not child-resistant, posing a risk of serious injury or death from poisoning if the contents are swallowed by young children.",,,Replace,"About 8,600",None reported,Consumers should immediately secure the recalled serum bottles out of sight and reach of children and contact FDAF for instructions on how to destroy the recalled bottles and to receive a free replacement. Consumers will be asked to pour the contents of the bottle into the trash and email a photo of the bottle in the trash to&nbsp;sesuall@outlook.com.,Sold Online At,Amazon.com from January 2024 through September 2025 for about $15.,,"Guangzhou Runshu BioTech Co., Ltd. of China",,China,Retailer:,"Shen Zhen Shi Yi Jiu Si Mao Yi You Xian Gong Si &nbsp; dba FDAF, of China"
26-230,,29-Jan-26,,Primark Recalls The Nightmare Before Christmas Glow-in-the-Dark Coloring Sets Due to Ingestion Hazard,Primark The Nightmare Before Christmas Glow-in-the-Dark Coloring Set,"This recall involves Primark The Nightmare Before Christmas Glow-in-the-Dark Coloring Set, which included five coloring sheets and five glow-in-the-dark crayons in purple, yellow, pink, blue, and orange. The crayons are wrapped in black paper that read “GLOW IN THE DARK” with images of the head of Jack Skellington and snowflakes. The product code “0309401” is printed on the price tag located on the back of the packaging. “Primark” is printed on the top left corner on the front of the packaging and above the Mickey Mouse logo on the back of the packaging. The book measures about 11.5 x 8 inches.","The crayons in the coloring set have high levels of strontium and aluminum, and this may present a risk if ingested, posing a poisoning hazard if ingested by young children.",,,Refund,About 600,None reported,Consumers should immediately stop using the recalled Coloring Set and return it to a Primark store for a full refund in the form of the original payment.,Sold At,"Primark stores in the northeast and in Florida, Maryland, and Illinois from October 2024 through July 2025 for between $1.45 and $4.50.","Primark US Corp. of Boston, Massachusetts",,,China,,
26-227,,29-Jan-26,,Sunneday and Blue Bay Above-Ground Pools 48 Inches and Taller Recalled Due to Drowning Hazard; Manufactured by Starmatrix Group,Sunneday and Blue Bay brand 48-inch and taller above-ground pools,"This recall involves all Sunneday and Blue Bay brand above-ground pools 48 inches and taller. Model information and the Sunneday or Blue Bay logo are printed on the liner on the outside of the pool. Pool models subject to this recall include:ModelDescriptionUPC Code70018Sunneday Oasis Cottage 18’x52”85002285852970024Sunneday Oasis Cottage 24’x52”850022858536358015WBlue Bay Softsided Pool 15’x48”191127003583359015GBlue Bay Softsided Pool 15’x48”191127003590360018WBlue Bay Softsided Pool 18’x52”191127003606361018GBlue Bay Softsided Pool 18’x52”191127003613380018TBlue Bay Softsided Pool 18’x52”191127003804The recalled above-ground pools contain a compression strap (also referred to as a reinforcing belt) that wraps around the pool on the outside of the vertical support poles, and may create a foothold, allowing a child to access the pool and drown.Children can still gain access to the pools using these footholds even if the ladder is removed.CPSC’s website&nbsp;www.PoolSafely.gov has free, downloadable educational materials available to the public on pool safety including information on barriers, covers, alarms and other safety information.","The compression strap that surrounds the outside of the pool legs may create a foothold, allowing a child access to the pool, posing a drowning risk.",,,Repair,"About 2,390",None reported,"Consumers should contact Starmatrix to request a free repair kit. In the interim, consumers should ensure that children cannot access the pool unattended or, alternatively, drain the pool until the repair can be installed.",Sold Online At,"Amazon.com and www.sunneday.com from January 2024 through October 2025 for between $500 and $1,210 depending on the size and model of the pool and accessories purchased.",,"Starmatrix Group Inc., of China",,China,,
26-226,,29-Jan-26,,Hobby Lobby Recalls Giraffe and Llama Plush Toys with Clips Due to Choking Hazard,"Giraffe Plush Toy with clip, Llama Plush Toy with clip",This recall involves a Giraffe Plush Toy with clip and a Llama Plush Toy with clip. The Giraffe with clip has a yellow body with a yellow claw clip. The legs of the giraffe are orange and blue with various colored paws. The ears are black and white animal print. The Giraffe measures about nine inches long. The Giraffe has “HL699436 or HL731481” printed on the white sewn-in label.&nbsp;The hang tag on the Giraffe has “2553675” printed on the front left corner. The Llama with clip has a white body with a green claw clip. The body has a mirror and orange triangle teether attached to the body. The legs of the Llama are orange and yellow with various colored paws. The Llama measures about 12 inches long. “HL699436” is printed on the white sewn-in label attached to the body. The hang tag on the plush has “2553634” printed on the front left corner.,"The legs of the plush toy can detach from the body allowing the release of small beads that are on the legs, posing a choking hazard to young children.",,,Refund,"About 21,230","The firm has received one report of the leg detaching from the body of the plush toy, allowing the small beads to detach from the leg. No injuries have been reported.",Consumers should immediately stop using the Giraffe Plush Toy with clip and the Llama Plush Toy with clip and return to the nearest Hobby Lobby Store for a full refund.,Sold At,Hobby Lobby Stores nationwide and online at hobbylobby.com from May 2025 through December 2025 for between $6 (Giraffe) and $8 (Llama).,"Hobby Lobby Stores, Inc. of Oklahoma City, Oklahoma",,,China,,
26-224,,29-Jan-26,,Northern Tool + Equipment Recalls Hot Water Pressure Washers Due to Fire Hazard,NorthStar Hot Water Pressure Washers,"This recall involves three models of NorthStar pressure washers: NorthStar Gas Wet Steam and Hot Water Pressure Washers with item number 157310, NorthStar Gas Hot Water Commercial Pressure Washers with item number 157594, and NorthStar Trailer-Mounted Hot Water Commercial Pressure Washers with item number 157595. The item number and the serial number are printed on a label located on the engine. Only pressure washers with a MONTHYEAR code in the product serial number between 0125 (January 2025) and 0825 (August 2025), and a WEEKYEAR burner date code between 0125 and 2625 (weeks 01 to 26 of 2025) are included in this recall. The burner date code is printed on a separate label. The location varies per product.Product NameItem Number&nbsp;Item Number and Serial Number location&nbsp;Burner Date Code locationNorthStar Gas Wet Steam and Hot Water Pressure Washer&nbsp;157310Label on engineLabel under battery boxNorthStar Gas Hot Water Commercial Pressure Washer&nbsp;157594Label on engineLabel under ball valve assemblyNorthStar Trailer-Mounted Hot Water Commercial Pressure Washer157595Label on engineLabel under NorthStar logo","The fan wheel on the recalled pressure washers can fail, causing abnormal burner operation that can produce smoke and/or bursts of flames during use, posing a fire hazard.",,,Repair,"About 1,416",None reported,Consumers should immediately stop using the recalled pressure washers and contact Northern Tool + Equipment to request a free repair by an authorized technician at a Northern Tool + Equipment service center or a Northern Tool + Equipment authorized third-party servicer. Consumers should visit https://www.northerntool.com/recall-details-pw to schedule the repair.,Sold At,"Northern Tool + Equipment stores nationwide and online at NorthernTool.com, Amazon.com, Ebay.com, and GNEDI.com from January 2025 through August 2025 for between $5,000 and $10,000.",,"Northern Tool + Equipment Manufacturing, of Faribault, Minnesota",,United States,,
26-222,,29-Jan-26,,LuxJet Submersible LED Lights Recalled Due to Risk of Serious Injury or Death from Battery Ingestion; Violates Mandatory Standard for Consumer Products with Coin Batteries,LuxJet Submersible LED Lights,"This recall involves LuxJet Submersible LED Lights. The LED lights were sold in sets of 10 LED color changing lights, two remote controls, 20 preinstalled CR2450 lithium batteries in the lights and four preinstalled CR2032 lithium batteries in the remote controls. Each light is about 3.5 cm in diameter.","The recalled LED lights violate the mandatory standard for consumer products containing button cell or coin batteries&nbsp;because they contain lithium coin batteries that can be accessed easily by children, posing an ingestion hazard. Additionally, the LED lights do not have the warnings required by&nbsp;https://www.cpsc.gov/Business--Manufacturing/Business-Education/Busines…’s Law. When button cell and coin batteries are swallowed, the ingested batteries can cause serious injuries, internal chemical burns, and death.",,,Refund,"About 9,150",None reported,Consumers should immediately stop using the recalled LED Lights&nbsp;and contact LuxJet for instructions on how to destroy the product and obtain a full refund.&nbsp;Consumers should send a photo of the destroyed product to LuxJet via email at&nbsp;info@luxjet.com.cn.Note:&nbsp;Button cell and coin batteries are hazardous. Batteries should be disposed of or recycled by following local hazardous waste procedures.,Sold Online At,Amazon.com from January 2022 through November 2025 for about $23.,,,,China,Retailer:,"Shenzhen Shimei Lighting Co., Ltd dba as Luxjet, of China"
26-221,,29-Jan-26,,Mindbodygreen Recalls Ultimate Multivitamin+ Dietary Supplement Bottles Due to Risk of Serious Injury or Death from Child Poisoning; Violates Mandatory Standard for Child-Resistant Packaging,Ultimate Multivitamin+ Dietary Supplement Bottles,"This recall involves Mindbodygreen Ultimate Multivitamin+ dietary supplement bottles with the following UPC, lot numbers and manufacturing dates (Month/Year format). The dietary supplements come in eight-ounce amber glass bottles with black caps, each containing 60 capsules. The UPC, lot numbers and manufacturing dates are printed on the bottle.UPCLot NumberManufacturing Date8500279751770515I109/20210130B201/20220187I208/20220324J210/20220309A312/20220368L212/20220272B302/2023&nbsp;0408H306/20230143A412/20230179C402/2024850027975429402113105/2024403321107/2024408084110/2024A01061103/2025A02121103/2025","The bottles are filled with dietary supplements containing iron, which must be in child-resistant packaging, as required by the https://www.cpsc.gov/Business--Manufacturing/Business-Education/Busines… Prevention Packaging Act. The packaging is not child-resistant, posing a risk of serious injury or death from poisoning if the contents are swallowed by young children.",,,Replace,"About 148,370",None reported,"Consumers should immediately secure the recalled bottles out of sight and reach of children and contact Mindbodygreen for a free, child-resistant replacement cap. Once the supplements are secured, consumers can continue to use the supplements as directed.",Sold Online At,"Mindbodygreen.com from November 2021 through November 2025 for between $40 and $70, depending on subscription.",,"Arizona Nutritional Supplements, of Chandler, Arizona and VitaQuest, of Caldwell, New Jersey","Mindbodygreen, of Miami, Florida",USA,,
26-220,,29-Jan-26,,Rear Bolts on Trek and Electra Electric Bicycles Recalled Due to Fall Hazard; Manufactured by Hyena,Rear wheel bolts installed on model year 2026 Trek FX+ 1 and Electra Townie Go! electric bicycles,"This recall involves the rear wheel bolts on model year 2026 Trek-branded FX+ 1 Midstep, FX+ 1S Midstep, FX+ 1 Stepover, and FX+ 1S Stepover, and Electra-branded Townie Go! Step Thru and Townie Go! S Step Thru electric bicycles sold before October 28, 2025. The bicycles come in various colors and sizes. The Trek bicycles have the word “TREK” printed on the downtube of the frame and “FX+” is printed on the top tube. The Electra bicycles have the word “townie” printed on the downtube, “electra” on the seat stay, and “go!” on the chain guard. The original rear wheel bolts are black and connect the motor to the rear frame of the bicycles.","The rear wheel bolts can break when torqued, causing the wheel to separate from the bicycle, posing a fall hazard.",,,Repair,"About 19,890",The firm has received seven reports of the rear wheel bolts breaking on affected bicycles. No injuries have been reported.,"Consumers should immediately stop using the bicycles with recalled bolts and contact an authorized Trek or Electra dealer to schedule a free repair at the dealer’s location. The dealer will replace the original black rear wheel bolts with new silver rear wheel bolts. Consumers can locate their nearest dealer at https://www.trekbikes.com./us/en_US/store-finder/. Trek will provide consumers who participate in the recall with a $10 in-store credit toward any Trek, Electra or Bontrager merchandise. The credit is valid through December 31, 2026.",Sold At,"Trek stores and Trek authorized retailers nationwide and online from April 2025 through October 2025 for about $2,100.",,"Hyena, Inc., of Taiwan",,Taiwan,,
26-219,,29-Jan-26,,AiTuiTui Pull String Teething Toys Recalled Due to Risk of Serious Injury or Death from Choking; Violate Mandatory Standard for Toys; Sold on Amazon by Vanfun,AiTuiTui Pull String Teething Toys,This recall involves the AiTuiTui Pull String Teething Toy. The teething toy is an off-white disc shape with either a red ball or blue ball in the middle and six long pull string “tentacles” of various colors running through the ball. There are also three free-spinning rings on one side and soft push buttons on the disc. “Model: 688-59” is printed on the product packaging.,"The recalled teething toys violate the mandatory standard for toys because the silicone strings are smaller than permitted. The silicone strings can reach the back of the throat and become lodged,&nbsp;posing a risk of respiratory distress, serious choking hazard, and death.",,,Refund,"About 49,410",CPSC is aware of 15 choking incidents and two incidents of children able to bite pieces off the silicone strings.,"Consumers should stop using the teething toy immediately and contact Vanfun for full refund remedy. Consumers should cut and discard all string tentacles, write “DESTROYED” on the off-white main body of the toy using a permanent marker, and email a photograph of the destroyed product to&nbsp;recallmls@outlook.com.",Sold Online At,Amazon.com from August 2022 to September 2025 for about $10.,,,,China,Retailer:,"Shenzhen Mailesi Technology Co., Ltd., dba Vanfun, of China"
26-218,,29-Jan-26,,Sefudun 5% Minoxidil Hair Growth Serum Kits Recalled Due to Risk of Serious Injury or Death from Child Poisoning; Violates Mandatory Standard for Child-Resistant Packaging; Sold on Amazon by Nengmiaokeji,Sefudun Hair Growth Serum Kits,This recall involves Sefudun 5% Minoxidil Hair Growth Serum Kit . The hair serum comes in a black glass bottle with a black and golden dropper cap and a black and white label. The kit included a black plastic applicator. The hair serum has “SEFUDUN HAIR GROWTH SERUM” and “BIOTIN 5% MINOXIDIL” printed on labels located on the front of the bottle.,"The hair growth serum contains minoxidil, which must be in child-resistant packaging, as required by the https://www.cpsc.gov/Business--Manufacturing/Business-Education/Busines… Prevention Packaging Act. The serum bottle is not child-resistant, posing a risk of serious injury or death from poisoning if the contents are swallowed by young children.",,,Replace,"About 7,000",None reported,"Consumers should immediately secure the recalled serum bottles out of sight and reach of children and contact Nengmiaokeji for a free replacement bottle of serum. Consumers will be asked to pour the contents of the bottle into the trash, take a photo of the empty bottle in the trash and email it to&nbsp;sesuall@outlook.com.",Sold Online At,Amazon.com from December 2023 through August 2025 for about $15.,,,"Ganzhounengmiaokejiyouxiangongsi dba Nengmiaokeji, of China",China,,
26-215,,22-Jan-26,,Mikario Trading Convertible Baby Gyms Recalled Due to Risk of Serious Injury or Death from Suffocation; Violate Mandatory Standard for Infant Support Cushions; Sold on TikTok Shop,Mikario Trading 5-in-1 Convertible Baby Gyms,"This recall involves Mikario Trading’s 5-in-1 baby gyms. The recalled baby gyms convert from an activity center to a tummy-time pillow mat. They were sold in pink and have a toy bar, six detachable plush toys and a set of milestone cards. “Baby Gym” and “Item No.: CBPBG-PIN” are printed on a label stitched to the product on the edge of the mat at the bottom.","The recalled baby gyms violate the mandatory safety standard for&nbsp;https://www.cpsc.gov/Business--Manufacturing/Business-Education/Busines… support cushions because the floor mats can obstruct an infant’s breathing, posing a serious risk of injury or deadly suffocation hazard.",,,Refund,About 500,None reported,"Consumers should immediately stop using the baby gyms and contact Mikario Trading for a full refund. Consumers should remove the toy bar, cut the cushion in half and send a photo of the destroyed gyms to&nbsp;mikariorecall@gmail.com.",Sold Online At,TikTok Shop from May 2025 through October 2025 for about $50.,,"Ningbo Resoul Digital Technology Co., Ltd., of China",,China,Retailer:,"Mikario Trading, Inc., of China"
26-210,,22-Jan-26,,Iristar Minoxidil Spray Bottles for Hair and Beard Growth Recalled Due to Risk of Serious Injury or Death from Child Poisoning; Violates Mandatory Standard for Child-Resistant Packaging; Sold on Amazon by Moralowen,Iristar Minoxidil Spray Bottles,"This recall involves Iristar Minoxidil Spray Bottles, 5% minoxidil with biotin for hair and beard growth. The sprays come in black plastic bottles with navy blue labels and white highlights with a spray cap. The bottles and outer packaging are labeled “Iristar” and “Minoxidil Spray” on the front and ingredients and directions for use are found on the back.","The recalled spray bottles contain minoxidil, which must be in child-resistant packaging, as required by the&nbsp;https://www.cpsc.gov/Business--Manufacturing/Business-Education/Busines… Prevention Packaging Act. The packaging is not child-resistant, posing a risk of serious injury or death from poisoning if the contents are swallowed by young children.",,,Replace,"About 29,000",None reported,"Consumers should immediately secure the recalled spray bottles out of sight and reach of children and contact Moralowen for a free replacement bottle with a child-resistant closure. Consumers are instructed to transfer the contents of the recalled bottle into the new child-resistant bottle. Once the product is transferred, consumers can continue to use the product as directed.",Sold Online At,Amazon.com from December 2024 through September 2025 for about $18.,,"Shaoshan Leiluo Trading Co., Ltd. of Shaoshan, Hunan of China",,China,Retailer:,"Moralowen, of South Korea"
26-209,,22-Jan-26,,Aborder Products Recalls Cumbor Retractable Safety Gates Due to Risk of Serious Injury or Death to Children from Entrapment; Violates Mandatory Standard for Gates and Enclosures,Cumbor Retractable Safety Gates,"This recall involves&nbsp;Cumbor-branded&nbsp;retractable safety gates.&nbsp;The recalled gates have a metal frame and a mesh screen that measures about 34 inches high with an adjustable width up to 55 inches. The gates were sold in black, gray, and white and came with one or more suction cups. “Model Name: Retractable Safety Gate,” “Model Number: S5V2” and “Cohort Information: A202504S5V2A001” are printed on a label sewn to the mesh screen.","The recalled gates violate the mandatory standard for&nbsp;https://www.federalregister.gov/documents/2020/07/06/2020-12561/safety-… gates and expandable enclosures because a child’s torso can fit through the opening between the gate and the floor, posing a risk of serious injury or death due to entrapment.",,,Refund,"About 4,520",None reported,Consumers should immediately stop using the recalled gates and contact Aborder Products for a full refund. Consumers must destroy the gate by cutting through the mesh and send a photo of the destroyed gate to&nbsp;recall@cumbor.cn.,Sold Online At,Amazon.com in September 2025 for about $40.,"Aborder Products of Irving, Texas",,,China,,
26-208,26-009,22-Jan-26,9-Oct-25,Vndueey Magnetic Men Toy Sets Recalled Due to Risk of Serious Injury or Death from Magnet Ingestion; Violates Mandatory Standard for Toys,Vndueey Magnetic Men Toy Sets,"This recall involves&nbsp;Vndueey Magnetic&nbsp;Men toy sets.&nbsp;The toy sets consist of 10 flexible, stick figures in red, orange, pink, yellow, blue, bright red, bright green and transparent.&nbsp;Each stick figure has four small magnets, one in each hand and foot.","The recalled magnetic stick figure toy sets violate the mandatory standard for toys because the sets contain loose magnets, posing an ingestion hazard to children. When high-powered magnets are swallowed, they can attract each other, or other metal objects, and become lodged in the digestive system. This can result in perforations, twisting, and/or blockage of the intestines, blood poisoning and death.",,"WASHINGTON, D.C. –&nbsp;The U.S. Consumer Product Safety Commission (CPSC) is warning consumers to immediately stop using&nbsp;Vndueey Magnet Men Toy Sets&nbsp;because the toy sets violate the magnet requirements of the mandatory standard for&nbsp;toys. The toy men contain multiple magnets that fit within CPSC’s small parts cylinder and are stronger than permitted, posing a risk of serious injury or death if ingested by children.CPSC issued a Notice of Violation to the seller,&nbsp;Shanghai Zhidi Network Technology Co., Ltd., doing business as online seller Vndueey, of China. Vndueey has not agreed to recall the&nbsp;Magnet Men Toy Sets&nbsp;or offer a remedy to consumers.&nbsp;When high-powered magnets are swallowed, the ingested magnets can attract to each other, or to another metal object, and become lodged in the digestive system. This can result in serious injuries such as intestinal perforations, twisting and/or blockage, infection, blood poisoning and death.&nbsp;The toy sets were sold online on Amazon from October 2023 through August 2025 for about $25. The products may have also been sold on other websites.&nbsp;The magnet men toys come in 10-piece sets of flexible, person-shaped figures in clear packaging. The magnet men pieces are red, orange, pink, yellow, blue, bright red, bright green and transparent.&nbsp;Each piece has small magnets in the hands and feet of the toys.&nbsp;These products were manufactured in China.CPSC urges consumers to stop using the&nbsp;Magnet Men Toy Set immediately, take them away from children, and dispose of them. Do not sell or give away these hazardous magnet men toy sets.&nbsp;",Refund,"About 1,600",None Reported,"Consumers should immediately stop using the recalled magnetic toy sets, keep them away from children and contact Vndueey for a full refund. Consumers will be asked to cut all the magnetic stick figures in half and send a photo of the destroyed toy set to&nbsp;vndueeyrecall@outlook.com. Consumers should then dispose of the destroyed toy set.",Sold Online At,Amazon.com from June 2025 through August 2025 for about $10.,,,,China,Retailer:,"Shanghai Zhidi Network Technology Co., Ltd., dba Vndueey, of China"
26-207,,22-Jan-26,,Based Online Fidget Magnet Ball Toys Recalled Due to Risk of Serious Injury or Death from Magnet Ingestion; Violate Mandatory Standard for Toys,Based Online Fidget Magnet Ball Toys,"This recall involves Based Online Fidget Magnet Ball Toy Sets. Each set includes four textured, silicone-covered magnet balls in white, yellow, blue and purple. Each ball is about 1.24 inches in diameter. The magnet toys come in a black fabric zippered case. There are no identifying marks on the magnet toys.","The&nbsp;magnet ball toys violate the mandatory standard for toys because they are loose high-powered magnets, posing an ingestion hazard to children. When high-powered magnets are swallowed, they can attract each other, or other metal objects, and become lodged in the digestive system. This can result in perforations, twisting, and/or blockage of the intestines, blood poisoning and death.",,,Refund,"About 9,300",None reported,"Consumers should stop using the recalled magnet ball toys immediately, take them away from children and contact Based Online to receive a full refund. Consumers should throw the magnet ball toys away and email photo of the disposal to Based Online at&nbsp;recall@mail.goclimber.cn.",Sold Online At,Amazon.com from February 2025 through October 2025 for about $6.,,,,China,Retailer:,"Xiaofei He, dba Based Online, of China"
26-206,,22-Jan-26,,Topkay Lighters Recalled Due to Risk of Serious Injury or Death from Fire and Burn Hazards; Violates Mandatory Standard for Multipurpose Lighters; Sold on Amazon by Xiyude,Topkay Torch Lighters,This recall involves Topkay Torch Lighters. The metal lighters are black and come in a two-pack. “Honest” is printed on the front of lighter.,"The recalled lighters violate the mandatory standard for multipurpose&nbsp;https://www.cpsc.gov/Business--Manufacturing/Business-Education/Busines…; because they do not have the required child-resistant mechanisms, posing a risk of serious injury or death from fire and burn hazards.",,,Refund,"About 7,500",None reported,"Consumers should immediately stop using the recalled lighters and contact Xiyude for a full refund. Consumers should destroy the lighters by pulling out the black adjuster knob on the top of the product, then contact&nbsp;BCLighterService@outlook.com and submit a photo of proof of destruction to receive a full refund. Consumers should dispose of the recalled lighters in accordance with state and local waste disposal procedures.",Sold Online At,Amazon from September 2025 through October 2025 for about $15.,,,,China,Retailer:,"Xinyude Shenzhen Keji Youxiangongsi, dba Xiyude, of China"
26-205,,22-Jan-26,,Gagaku Children’s Ice Cream Toy Playsets Recalled Due to Risk of Serious Injury or Death from Magnet Ingestion Hazard; Violate Mandatory Standard for Toys; Sold on Amazon by Brandworl.USA,Gagaku Wooden Ice Cream Shop Toy Playsets,"This recall involves Gagaku-branded ice cream shop toy playsets. The recalled toy set includes 16 wooden pieces: a cash register, three ice cream cones, six scoops of ice cream, four popsicles, and two cupcakes in varying colors or “flavors.” It also comes with one plastic credit card, five plastic dollar bills, one plastic menu and a two-level pink display box labeled “ICE-CREAM” on the front, with a black sign on the side. “GAGAKU” and “Model: KABI-0176 G062401IC” are printed on a label on the underside of the toy.","The recalled toys violate the mandatory standard for toys because they contain high-powered magnets which can&nbsp;loosen and detach, posing an ingestion hazard to children. When high-powered magnets are swallowed, the ingested magnets can attract each other, or other metal objects, and become lodged in the digestive system. This can result in perforations, twisting and/or blockage of the intestines, blood poisoning and death.",,,Refund,About 340,None reported,"Consumers should immediately stop using the recalled toys, take them away from children and contact Brandworl.USA for a full refund. Consumers should destroy the toy by writing “RECALLED” with permanent marker on each piece of the toy and send a photo of the destroyed toy to&nbsp;Brandworl@gmail.com. Consumers should then dispose of the recalled toy.",Sold Online At,Amazon.com from October 2024 through June 2025 for between $17 and $30.,,,,China,Retailer:,"Brandworl Management Co., Limited, dba Brandworl.USA, of Hong Kong"
26-204,,22-Jan-26,,Yetonamr Pull String Teething Toys Recalled Due to Risk of Serious Injury or Death from Choking; Violate Mandatory Standard for Toys; Sold on Amazon by Longyanguiheng,Yetonamr Pull String Teething Toys,"This recall involves the Yetonamr Pull String Teething Toy. The teething toy is an off-white disc shape with either a red ball or blue ball in the middle and six long, silicone pull string “tentacles” of various colors running through the ball. There are also three free-spinning rings and soft push buttons on the disc. “Model no. 688-59” is printed on the product packaging.","The recalled teething toys violate the mandatory standard for toys because the silicone strings are smaller than permitted. The silicone strings can reach the back of the throat and become lodged, posing a risk of respiratory distress, serious choking hazard and death.",,,Refund,"About 6,800",CPSC is aware of 32 choking incidents.,"Consumers should stop using the teething toy immediately, take it away from children and contact Longyanguiheng to receive a full refund. Consumers should cut and discard all silicone string tentacles, write “DESTROYED” on the main body of the toy using a permanent marker, and email a photograph of the destroyed product to&nbsp;yetonamr_recall@163.com.",Sold Online At,Amazon.com from June 2025 through October 2025 for between $10 and $16.,"Longyan Xinluo District Guiheng E-Commerce Co. Ltd., dba Longyanguiheng, of China",,,China,,
26-203,,22-Jan-26,,Johnson Health Tech Expands Recall to Include Matrix Retail and Vision Treadmills Due to Fire Hazard,"Matrix Retail T30, TF30, T50, TF50, and T75 treadmills, Vision T9800, TF20, T40, and T80 treadmills","This recall involves Matrix Retail models T30, TF30, T50, TF50, and T75 treadmills, and Vision models T9800, TF20, T40, and T80 treadmills with certain serial numbers. The treadmills have a running platform that measures 60 inches long by 20 inches wide, a 33-inch-wide console, and were sold with a straight power cord with no power cord bracket. “Matrix” or “Vision” is printed on the treadmill and treadmill belt. The model number and frame serial number are located on the lower front crossbar near the power switch. The serial number includes the letters TM, a three-digit model number, and the manufacture date in YY/MM format followed by a five-digit serial. The recalled treadmills were manufactured from June 2007 through January 2024 and do not come with a power cord bracket.&nbsp;&nbsp;This recall is an expansion of the prior recall of Matrix T1 and T3 Series Commercial Treadmills, which were also recalled because the power cord can become loose from the treadmill’s power socket. The remedy in the prior recall of commercial treadmills is a power cord bracket that requires tools for installation. For this recall expansion, the remedy for consumers is a power cord with an automatic locking-style plug that does not require any tools for installation.&nbsp;&nbsp;Model Name/ NumberRecalled Serial Number(s) or RangeMatrix RetailT30 (TM729)TM7291709CA00001 - TM7292104C00380TF30 (TM693, TM693B)TM6931606CA00001 - TM6931705CA00178TM693B1707CA00001 - TM693B2201C00601T50 (TM695, TM767)TM6951607CA00001 - TM6952009C00840TM7672009C00001 - TM76722011C00051TF50 (TM694, TM694B, TM768)TM6941607CA00001 - TM69482009C00514TM694B1605C00008 - TM694B2009K03263TM7682009C00001 - TM7682104C00580T75 (TM703, TM703B, TM703C, TM703E)&nbsp;TM7031607CA00001 - TM70381903C00088TM70382311C00229TM703B1609CA00015 - TM703B1908C00050TM703B2309C00164, TM703B2311C00282TM703C1810C00001 - TM703C2212C00127TM703C2305C00049, TM703C2308C00409TM703E2304C00002 - TM703E2401C00087VisionT9800 (TM87)TM87D070600070, TM87D080600128, TM87D0940059, TM87D120100125, and TM87D1206000127TF20 (TM432, TM432C)TM4321108BD00255 - TM4321610CA00033TM432C1210CA00002 - TM432C1606CA00200T40 (TM433, TM433C)TM4331201BD00466 - TM4331510BD00004TM433C1408CJ00001 - TM433C1602CA00631T80 (TM445)TM4451210BC00001 - TM4451505BC00150TM4451212BD00002 - TM4451406BD00125","The power cord can become loose from the treadmill’s power socket, posing a fire hazard.",,,Repair,"About 47,000",The firm has received 27 reports of overheating at the power cord-socket connection. No injuries have been reported.,"Consumers should inspect their treadmills to confirm whether they have a power cord bracket installed on the unit. &nbsp;If there is no power cord bracket, consumers should ensure that the power cord is completely inserted into the treadmill’s power socket before each use, until the treadmill is repaired. Consumers should contact Johnson Health Tech North America to receive a free replacement power cord with an automatic locking-style plug by mail for self-installation. To facilitate consumer participation in this recall, the installation of the replacement power cord does not require any tools.",Sold At,"JFW, G&amp;G Fitness, Precision Fitness, Fitness Expo, Fitcorp USA, Better Body Fitness of Montana Inc, BGI Fitness, Treadmill Outlet, Colorado Home Fitness and other retailers, and online at matrixhomefitness.com, visionfitness.com and various other online retailers from April 2012 through May 2025 for between $2,100 and $8,100.","Johnson Health Tech Trading, Inc., of Cottage Grove, Wisconsin",,,China,,
26-202,,22-Jan-26,,Academy Sports + Outdoors Recalls Magellan Odyssey Rocker Chairs Due to Injury and Fall Hazards,Magellan Odyssey Rocker Chairs,"This recall involves Academy Sports + Outdoors’&nbsp;Magellan-branded Odyssey&nbsp;Rocker Chairs with date codes 07/2025 or 08/2025 sold from September 2025 to October 2025.&nbsp;The recalled folding chairs were sold in charcoal, navy, olive green and teal and measure about 25.2” long by 5.5” deep by 37.4” high when folded or 25.4” long by 25.2” deep by 37.4” high when opened. They have a metal frame with a mesh backrest, a carrying handle and a drink holder on the side. The Magellan Outdoors logo is printed on the front of the backrest. Only chairs manufactured between July 2025 through August 2025 are included in this recall. “ACADEMY, LTD,” “177296” and the manufacture date in MM/YYYY format are printed on the tracking label sewn onto the seat of the chair.","The recalled chairs’ legs can break, posing&nbsp;injury and fall&nbsp;hazards to consumers.",,,Refund,"About 35,300",Academy Sports + Outdoors has received one report of the chair’s legs breaking. No injuries have been reported.,Consumers should immediately stop using the recalled chairs and return them to any Academy Sports + Outdoors store for a full refund.&nbsp;Consumers can&nbsp;also contact Academy’s Customer Care to return the chair by mail at no cost.,Sold At,Academy Sports + Outdoors stores nationwide and online at academy.com from September 2025 through October 2025 for about $50.,"Academy Ltd., dba Academy Sports + Outdoors, of Katy, Texas",,,Cambodia,,
26-201,,22-Jan-26,,Thrasio Recalls Angry Orange Enzyme Stain Removers Due to Risk of Exposure to Bacteria,Angry Orange Enzyme Stain Removers,"This recall involves Angry Orange Enzyme Stain Removers in Fresh Clean Scent and Orange Twist Scent sold in 24-oz, 32-oz and 1-gallon sizes. The bottles are orange and white and have “Angry Orange” and “Stain &amp; Odor Remover” written on the front. Some units were sold as a bundle with a UV light that attaches to the spray bottle.","The recalled products can contain bacteria, including Pseudomonas aeruginosa, an environmental organism found widely in soil and water. People with weakened immune systems, external medical devices, or underlying lung conditions who are exposed to Pseudomonas aeruginosa face a risk of serious infection that may require medical treatment. The bacteria can enter the body if inhaled, through the eyes, or through a break in the skin. People with healthy immune systems are usually not affected by bacteria.",,,Refund,"About 1,500,000 (In addition, about 43,700 were sold in Canada)",None reported,"Consumers should immediately stop using the recalled Angry Orange Enzyme Stain Remover products and contact Thrasio for a full refund. To receive a refund, consumers should take a picture of the product with “recalled” and their initials written on it in marker and email the photo to&nbsp;productrecall@angryorange.com. Consumers should then dispose of the product in its container with household trash. Do not empty the product prior to disposal. Do not attempt to recycle the product bottle.",Sold At,"Walmart, Target, The Home Depot, Meijer, Staples, TJ Maxx and other major retailers nationwide and online at Amazon.com, Walmart.com, Target.com, AngryOrange.com and Chewy.com from March 2019 through December 2025 for between $4 and $60.",,,"Thrasio, LLC, of Boston, Massachusetts",United States,,
26-199,,15-Jan-26,,Curtis International Expands Recall of Frigidaire-brand Minifridges Due to Fire and Burn Hazards,"Frigidaire-brand Minifridges, model EFMIS121, with limited serial numbers.","This recall expansion involves Curtis International 6-can minifridge model EFMIS121. This is in addition to certain minifridges with model numbers EFMIS129, EFMIS137, EFMIS149 and EFMIS175 that were previously recalled. “Frigidaire” is printed on the front of the units. The model and serial numbers are on a label on the back of the minifridge. This recall includes only the serial numbers identified below. The minifridges were sold in red at Target stores.&nbsp;&nbsp;Model Number&nbsp;&nbsp;Serial Number&nbsp;&nbsp;EFMIS121&nbsp;Between A2001 and A2310&nbsp;","The minifridges’ internal electrical components can short circuit and ignite the surrounding plastic housing, posing fire and burn hazards.&nbsp;",,,Refund,"About 330,000, Curtis International previously recalled 634,000 minifridges in July 2024.","Curtis International has received at least six reports of the model EFMIS121 minifridges catching fire, with property damages.",Consumers should immediately stop using the recalled minifridges and follow the instructions to register for a refund at www.recallrtr.com/minifridge. Consumers should unplug and cut the power cord and write “Recall” using a permanent marker on the front door of the unit. Consumers should dispose of the recalled minifridges in accordance with local and state regulations.&nbsp;&nbsp;&nbsp;,Sold At,Exclusively at Target stores nationwide and online at Target.com from January 2020 through October 2023 for around $30.,"Curtis International Ltd., of Canada  ","ShangYu North Electron Manufacture Co. Ltd., of China",,China,,
26-198,,15-Jan-26,,RootStim Recalls Beard Growth Serum Spray Bottles Due to Risk of Serious Injury or Death from Child Poisoning; Violate Mandatory Standard for Child-Resistant Packaging,"RootStim Beard Growth Serum, 5% Minoxidil","This recall involves RootStim Beard Growth Serums spray bottles. The serums come in black boxes with orange and white lettering and have an orange mustache icon on its front panel. The boxes have “Beard Growth Treatment” and “5% Minoxidil – Biotin &amp; Rice Water” printed on its front, directions and warnings printed on its sides, and “Distributed By RootStim LLC” on the bottom. The bottles are black with black spray cap, transparent top cap, and an orange and black wraparound label bearing the same information as the box.","The beard growth serum contains minoxidil, which must be in child-resistant packaging, as required by the Poison Prevention Packaging Act. The serum’s packaging is not child-resistant, posing a risk of serious injury or death from poisoning if the contents are swallowed by young children.&nbsp;",,,Replace,"About 16,900",None reported,"Consumers should immediately secure the recalled serum bottles out of sight and reach of children, and contact RootStim for instructions on receiving a replacement product. Consumers will be asked to discard the original bottle.&nbsp;",Sold Online At,Amazon.com from November 2024 through September 2025 for about $20.&nbsp;,,"Ronghui Intelligent Manufacturing Technology (Guangzhou) Co., Ltd., of China&nbsp;","RootStim LLC, of Lanham, Maryland",China,,
26-195,,15-Jan-26,,Greatale Recalls Self-Feeding Pillows Due to Risk of Serious Injury or Death from Aspiration and Suffocation,Self-Feeding Pillows,This recall involves Greatale self-feeding pillows. The recalled self-feeding pillows are made of stuffed fabric and have an elastic sleeve to hold a bottle in front of an infant’s face. They were sold in white with angel wing shaped decorations. “Greatale” is on a label sewn into the seam of the pillow.,"The recalled self-feeding pillows hold the bottle at an unsafe angle while keeping it fixed in place so the infant cannot pull away. This can lead to aspiration of milk or formula, posing a risk of suffocation.",,,Refund,"About 1,260",None reported,"Consumers should immediately stop using the recalled self-feeding pillows and contact Greatale for a full refund. Consumers will be instructed to cut the self-feeding pillow with scissors and submit a photo of the destroyed recalled product, including the product’s tag, to&nbsp;greatale-recall@outlook.com. If the product’s tag was previously removed, consumers can demonstrate eligibility by providing their Amazon proof of purchase in the email.",Sold Online At,Amazon.com from September 2024 through July 2025 for between $10 and $20.,"Xiamen Weiqiaoerwangluokeji Co., Ltd., dba Greatale, of China",,,China,,
26-194,,15-Jan-26,,HEZI Brand Power Strips Recalled Due to Risk of Serious Injury or Death from Electrocution; Sold by HEZI HOME,HEZI Branded Power Strips,This recall involves HEZI brand power strips. The HEZI power strip has either a gray or yellow metal enclosure with eight receptacles made of black plastic. There are a power and a circuit breaker switch located at the end of the metal enclosure closest to the power cord.,"The power strips have an ungrounded metal enclosure that poses an electrocution hazard if energized, resulting in serious injury or death.",,,Refund,"About 1,320",None reported,Consumers should stop using the recalled power strips immediately and contact HEZI HOME for a full refund.,Sold Online At,"Amazon.com, Ebay.com, Kmart.com and Sears.com from May 2024 through October 2025 for about $35 to $56.","Shenzhenshihezijiajuyongpinyouxiangongsi dba HEZI HOME, of China","Dongguan Keben Electrical Appliance Co Ltd, of China",,China,,
26-193,,15-Jan-26,,Morgan Lane Recalls Children’s Pajama Sets Due to Risk of Serious Injury or Death from Burn Hazard; Violate Mandatory Flammability Standards for Children’s Sleepwear,Asher Pajama Sets,"This recall involves Morgan Lane Asher Pajama Sets, Style 816TR in Petal. The recalled children’s pajama sets are printed with tiny roses and have blue cotton piping and imitation mother-of-pearl buttons. The pajamas were sold in sizes 2T to 14. “MORGAN LANE” and “PURE COTTON” are printed on labels located in the neck and waistband, and “100% Cotton Made in India” is printed on the side seam label.","The recalled children’s pajamas violate the mandatory standards for flammability of children’s sleepwear, posing a risk of serious injury and deadly burn hazards to children.",,,Refund,About 95,None reported,"Consumers should immediately stop using the recalled children’s pajamas and contact Morgan Lane for a full refund. Consumers should cut the pajamas in half, take a photo of the destroyed garments, dispose of them and email the photo of the destroyed garments toinfo@morgan-lane.com to receive the refund.",Sold Online At,Morgan-Lane.com from March 2024 through May 2025 for about $80.,,,,India,Retailer:,"Morgan Lane, LLC of New York, NY"
26-192,,15-Jan-26,,Adams Manufacturing Recalls Adirondack Patio Chairs Due to Injury and Fall Hazards,Adams RealComfort and StyleWell Adirondack Patio Chairs,"This recall involves Adirondack-style patio chairs sold under two different brands: Adams RealComfort and StyleWell. The resin chairs with slat backs and seats were sold in blue, dark gray, navy blue, taupe, light blue, lime green and teal. “ML837-15” and the manufacture date of August 2025 are molded on the underside of the recalled chairs.&nbsp;The manufacture date is indicated by a dot on a grid, located at the intersection of column ""A"" and row ""25"".","The recalled chairs can crack and collapse, posing injury and fall hazards.",,,Refund,"About 6,100",None reported,Consumers should immediately stop using the recalled chairs and return them to any Lowe’s or Home Depot store for a full refund.,Sold At,Lowe’s and The Home Depot stores nationwide from August 2025 through October 2025 for about $25.,,"Adams Manufacturing Corp., of Portersville, Pennsylvania",,United States,,
26-191,,15-Jan-26,,Yixing Trading Recalls KEAWIS Crib Mattresses Due to Risk of Serious Injury or Death from Entrapment and Suffocation; Violates Mandatory Standard for Crib Mattresses,KEAWIS Crib Mattress,"This recall involves&nbsp;KEAWIS&nbsp;crib mattresses.&nbsp;KEAWIS&nbsp;crib mattresses were sold in white, pink, and light blue and measure about 38 inches by 24 inches. Model number “XX-BM-01” is printed on a label sewn on the side of the mattress.","The aftermarket mattresses violate the mandatory standard for https://www.federalregister.gov/documents/2022/02/15/2022-02414/safety-… lang=""EN-US"">crib mattresses, as the mattresses may not adequately fit certain play yards or non-full-sized cribs, which could create gaps posing a deadly entrapment hazard. Babies can face a risk of suffocation in gaps between an undersized mattress, or extra padding, and side walls of a product, especially when the infant’s face becomes trapped against the side and the mattress, preventing the infant from breathing.",,,Refund,"About 1,700",None reported,"Consumers should stop using the crib mattresses immediately and contact Yixing Trading for a full refund. Consumers should cut a large “X” across the main surface of the mattress, write the consumer’s name and date directly on the mattress surface, take a photo and email the photo of the destroyed mattress to Yixing Trading at support@keawis.com to receive a full refund.&nbsp;",Sold Online At,Amazon.com from August 2024 through July 2025 for between $50 and $60.,"Yixing Trading of Richmond, Kentucky",,,China,,
26-188,,15-Jan-26,,R.X.Y Bicycle Helmets Recalled Due to Risk of Serious Injury or Death from Head Injury; Violates Mandatory Standard for Bicycle Helmets,R.X.Y Bicycle Helmets,"This recall involves R.X.Y-branded adult bike helmets. The recalled helmets were sold in one size fitting a head circumference of about 22.44 to 24.41 inches. The helmets are blue with black and have gray padding, black straps with a silver reflective pattern in the center and a black and red buckle with a gray chin strap. The helmets have a black plastic knob at the back of the helmet for adjusting the fitting. Item number “Kx012” is printed on the helmet’s instruction manual.","The recalled helmets violate the mandatory safety standard for&nbsp;https://www.cpsc.gov/Business--Manufacturing/Business-Education/Busines… helmets because the helmets do not comply with the impact attenuation, positional stability, labeling and certification requirements. The helmets can fail to protect the user in the event of a crash, posing a serious risk of injury or death due to head injury.",,,Refund,About 170,None reported,Consumers should immediately stop using the recalled helmets and contact R.X.Y for a full refund. Consumers should destroy the helmet by cutting the straps and uploading photos of the helmet with the straps cut off to&nbsp;RXY-recall@outlook.com.,Sold Online At,Amazon.com from September 2025 through November 2025 for about $23.,,,,China,Retailer:,"Tanghexianjinyuanliyueshangmao Co., Ltd. (Tanghe County Jinyuan Liyue Commerce and Trade Co., Ltd.) dba R.X.Y, of China"
26-185,,15-Jan-26,,BBWOO Baby Loungers Recalled Due to Risk of Serious Injury or Death from Entrapment and Fall Hazards; Violate Mandatory Standard for Infant Sleep Products; Sold on Amazon by LSY Direct,BBWOO Baby Loungers,This recall involves BBWOO baby loungers. The recalled baby loungers are made of a foam sleeping pad and padded bumpers with a cloth cover and have a ribbon tie at one end. The model number is located on a tracking label stitched on the outside cover. The baby loungers were sold in the following styles and models:StyleModel NumberGray DinosaurBLG26BEBlue CarBLG23BDGreen LineBLG04BDGray FeatherBLG01BEPink DeerBLG17BIPink ElephantBLG32BIGray LineBLG04BEBlueCZC44GrayCZC41Khaki-Cotton &amp; VelvetCZC43RedCZC42,"The recalled baby loungers violate the mandatory safety standard for&nbsp;https://www.cpsc.gov/Business--Manufacturing/Business-Education/Busines… Sleep Products. The sides are too low to contain an infant and the enclosed openings at the foot of the loungers are wider than allowed, posing serious risks of fall and entrapment hazards to infants. In addition, the baby loungers do not have a stand, posing a fall hazard if used on elevated surfaces. These violations create an unsafe sleeping environment and can cause death or serious injury.",,,Refund,"About 11,900",None reported,"Consumers should immediately stop using the recalled baby loungers and contact LSY Direct for a full refund. Consumers should remove the foam and pads from the baby lounger’s cover and cut the cover, foam, and pad in half. Consumers should email photos of the destroyed pieces to&nbsp;bbwoorecall@163.com&nbsp;to obtain a full refund.",Sold Online At,Amazon.com from July 2024 through November 2025 for between $34 and $39.,,,,China,Retailer:,"91440300MA5HFP8E78, dba LSY Direct, of China"
26-183,,15-Jan-26,,Energizer Recalls Rechargeable Lanterns Due to Overheating,Energizer® Large Power Indicator Lanterns,"This recall involves the Energizer® Large Power Indicator Lantern. The lantern is a cone-shaped portable light with an opaque lens and “Energizer” displayed on the side. The top portion of the lantern is gray with a large power button on top and a red handle. The model number of the lantern is BGAAL9 and the SKU number is 039800143341 or 039800143334. The model is located on the bottom of the light, on the removable cover that provides access to the charging cord storage area. The SKU is located on the packaging. Only lanterns with a date code of June 2024 located on the base of the unit, are part of this recall.&nbsp; The date code is shown using two circles, one circle has an arrow pointing to the year (“24”), and the other has an arrow pointing to the month (“6”).","The lithium-ion batteries installed in the lanterns can overheat, posing a burn hazard to consumers.",,,Refund,"About 4,100",The firm reported one incident of the lithium-ion battery in a lantern overheating. No injuries have been reported.,"Consumers should immediately stop using the recalled lanterns and contact Energizer for instructions on how to receive a full refund. Consumers will be asked to register for the recall by providing proof of the affected date code. Consumers will then be sent prepaid shipping materials to return their recalled lantern. Once the lantern is returned, consumers will be issued a refund.&nbsp;Note: Do not throw this recalled lithium-ion battery or device in the trash, the general recycling stream (e.g., street-level or curbside recycling bins), or used battery recycling boxes found at various retail and home improvement stores. Recalled lithium-ion batteries must be disposed of differently than other batteries, because they present a greater risk of fire. Your municipal household hazardous waste (HHW) collection center may accept this recalled lithium-ion battery or device for disposal. Before taking your battery or device to a HHW collection center, contact that office ahead of time and ask whether it accepts recalled lithium-ion batteries. If it does not, contact your municipality for further guidance.”",Sold At,"Meijer, Blain, and Fleet Wholesale stores nationwide and online at Amazon.com between January and November 2025 for between $35 to $45. In addition, approximately 100 lanterns were distributed to reviewers through the Bazaarvoice marketing program.","Energizer Holdings, Inc., of Clayton, Missouri",,,China,,
26-182,,15-Jan-26,,Ruahouine Hair Growth Serum Bottles Recalled Due to Risk of Serious Injury or Death from Child Poisoning; Violates Mandatory Standard for Child-Resistant Packaging; Sold on Amazon by Ruahouine,Ruahouine Hair Growth Serum Bottles,"This recall involves Ruahouine Hair Growth Serum. The serum comes in 60ml (2.11 fl. oz.) transparent amber dropper bottles. “Ruahouine”, “Minoxidil Hair Growth Serum”, and “5% Minoxidil With Biotin” are printed on labels wrapped around the bottles.&nbsp;","The serum bottles contain minoxidil, which must be in child-resistant packaging, as required by the https://www.cpsc.gov/Business--Manufacturing/Business-Education/Busines… lang=""EN-US"">Poison Prevention Packaging Act. The serum’s packaging is not child-resistant, posing a risk of serious injury or death from poisoning if the contents are swallowed by young children.",,,"Refund, Replace","About 25,000",None reported ,Consumers should immediately secure the recalled serum bottles and place them out of sight and reach of children. Contact Ruahouine for instructions on how to destroy the recalled bottles and how to receive a refund or replacement bottle. Consumers will be asked to pour the contents of the bottle into the trash and take a photo of the bottle in the trash and email it to ruahouine@gmail.com.&nbsp;,Sold Online At,Amazon.com from January 2025 through July 2025 for about $10&nbsp;,,,,China,Retailer:,"Ruahouine, of China&nbsp;"
26-181,,8-Jan-26,,Joyful Journeys Recalls Baby Loungers Due to Risk of Serious Injury or Death from Entrapment and Fall Hazards; Violates Mandatory Standard for Infant Sleep Products,Joyful Journeys Baby Loungers,"This recall involves Joyful Journeys baby loungers. The recalled baby loungers are made of a foam sleeping pad and padded bumpers with a cloth cover. The recalled baby loungers zip up into a bag with a strap at the top. The recalled baby loungers were sold in the following styles: green avocado, blue dinosaur, blue lambs, blue zoo animals, green minky, neutral elephants, pink zoo animals, and white minky. “Joyful Journeys” can be found on a tag stitched on the outside of the lounger cover and on a label stitched directly onto the back of the lounger.&nbsp;","The recalled baby loungers violate the mandatory safety standard for https://www.cpsc.gov/Business--Manufacturing/Business-Education/Busines… Sleep Products. The sides are too low to contain an infant and the enclosed openings at the foot of the loungers are wider than allowed, posing serious risks of fall and entrapment hazards to infants. In addition, the baby loungers do not have a stand, posing a fall hazard if used on elevated surfaces. These violations create an unsafe sleeping environment and can cause death or serious injury to infants.&nbsp;&nbsp;",,,Refund,"About 9,300  ",None reported. ,"Consumers should immediately stop using the recalled baby loungers and contact Joyful Journeys for a full refund. Consumers should remove the foam and pads from the baby lounger’s cover and cut the cover, foam, and pad in half. Consumers should email photos of the destroyed pieces to joyfuljourneysrecalls@myjoyfuljourneys.com to obtain a full refund.&nbsp; &nbsp;&nbsp;",Sold Online At,Amazon.com and Walmart.com from December 2023 through October 2025 for between $40 and $60.&nbsp;,,,,China,Retailer:,"Sarnia Sales LLC, dba Joyful Journeys, of Issaquah, Washington&nbsp;"
26-180,,8-Jan-26,,PNW Components Recalls Aluminum Alloy Bicycle Pedals Due to Crash Hazard,Loam Pedal Gen 2 aluminum alloy bicycle pedals,"This recall involves the PNW Components Loam Pedal Gen 2 aluminum alloy mountain bike pedal. These pedals were sold after market through online retailers and bicycle shops. The pedal is a platform style (non-clip) pedal and can be identified by a “Tectonic” logo laser etched onto the pedal body on the left corner, on the same side as the threaded axle. The pedals are available in black, silver, green, orange and purple.","The pedal axle can crack, causing the pedal to detach from the crank, posing a fall hazard to the rider.",,,Replace,"About 1,200",The firm has received four reports of the pedal axle cracking and detaching from the crank. No injuries have been reported.,"Consumers should immediately stop using the Loam Pedal Gen 2 and contact PNW Components to receive free replacement axles once they become available. In the interim PNW Components is providing consumers with the Range Pedal, free of charge. PNW Components will follow up with consumers regarding the replacement axle system, estimated to begin shipping out to customers on January 5, 2026.",Sold At,"Independent bicycle dealers and online at PNWComponents.com, REI.com, Backcountry.com and JensonUSA.com from June 2025 through November 2025 for about $160 per pair.","PNW Components, Inc., of Seattle, Washington",,,Taiwan,,
26-179,,8-Jan-26,,Isla Rae Magnetic Wireless Chargers Recalled Due to Fire and Burn Hazards; Sold by TJX at T.J. Maxx and Marshalls Stores,Isla Rae Magnetic Wireless Chargers,"This recall involves magnetic wireless chargers sold under the Isla Rae brand. The chargers are compatible with magnetic charging systems and attach magnetically to the back of a phone to charge the device. The chargers were sold in the following colors: white, pink, and purple. The model number “RM5PBM” can be found on the side of the magnetic wireless charger, below the markings “5000 mAh 3.7V.”&nbsp;Note:&nbsp;Do not throw this recalled lithium-ion battery or device in the trash, the general recycling stream (e.g., street-level or curbside recycling bins), or used battery recycling boxes found at various retail and home improvement stores. Recalled lithium-ion batteries must be disposed of differently than other batteries, because they present a greater risk of fire. Your municipal household hazardous waste (HHW) collection center may accept this recalled lithium-ion battery or device for disposal. Before taking your battery or device to a HHW collection center, contact that office ahead of time and ask whether it accepts recalled lithium-ion batteries. If it does not, contact your municipality for further guidance.","The chargers can explode while in use, posing a fire and burn hazard.",,,Refund,"About 13,200 (In addition, about 7,000 units were sold in Canada)",None reported,"Consumers should immediately stop using the recalled magnetic wireless chargers and go to&nbsp;https://www.recallrtr.com/powerbank to register for the recall and for instructions on how to receive a full refund. After registering, consumers should dispose of the power bank in accordance with local and state regulations and not discard it in the household trash.",Sold At,Marshalls and T.J. Maxx stores nationwide between June 2024 and November 2025 for $15.,"Hello to Green dba Press Play Products of Bell, California",,,China,Retailer:,"The TJX Companies Inc., of Framingham, Massachusetts"
26-178,,8-Jan-26,,Kori Gey Water Toy Kits Recalled Due to Risk of Serious Injury or Death from Battery Ingestion; Violates Mandatory Standard for Toys; Sold on Amazon by Qaniy,Kori Gey Water Elf Toy Kits,"This recall involves Kori Gey-branded water elf toy kits. The recalled kits are a children’s craft toy that uses colored gel dropped into water to form soft, squishy jelly-like figures. The toy kit consists of 22 bottles of water gel (12 non-sparkly and 10 sparkly), 22 molds in various shapes, a plastic strainer, a plastic jar labeled magic powder, extra magic powder packet, a paint brush, disposable gloves and a LED light with a button cell battery. The toy sets come in a plastic jar with lid. “Kori Gey” and “Water Elf Kit” are printed on the front of the toy kits.&nbsp;","The recalled toy kits violate the mandatory standard for toys containing button cell batteries because the compartment that holds the batteries can be easily accessed and opened by children, posing a deadly ingestion hazard to children. When button cell and coin batteries are swallowed, the ingested batteries can cause serious injuries, internal chemical burns and death.",,,Refund,"About 2,240",None Reported,"Consumers should immediately stop using the recalled toy’s light up luminous gasket (a LED light containing a button cell battery), take it away from children, and remove and properly dispose of the battery. Contact Qaniy for a full refund. Consumers should throw the toy’s gasket away and send a photo of the product in the trash to changshaaoyuan@outlook.com.&nbsp;Note: Button cell batteries are hazardous. Batteries should be disposed of or recycled by following local hazardous waste procedures.&nbsp;",Sold Online At,Amazon.com from March 2025 to July 2025 for about $30.,,,,China,,
26-177,,8-Jan-26,,RH Recalls Natural Antler Chandeliers Due to Impact Hazard,48” and 60” Natural Antler Chandeliers,"This recall involves RH 48” and 60” diameter Natural Antler Chandeliers manufactured between September 2021 and October 2024 per customer special order and hung at an angle on a vaulted ceiling or sloped beam. The chandeliers are made from naturally shed elk antlers and were sold in three finishes: natural, sun-bleached and black. The 48” diameter chandelier measures about 48” tall and weighs about 40 pounds and was sold with SKU numbers 10036671NAT, 10036671SUNB and 10036671BLK. The 60” diameter chandelier measures about 36” tall and weighs about 45 pounds and was sold with SKU numbers 10035099NAT, 10035099SUNB and 10035099BLK. The SKU number is located on the order confirmation and printed on the receipt.","If the chandelier is hung at an angle on a vaulted ceiling or a sloped beam, the chandelier canopy hardware can break, causing the chandelier to detach and fall from the ceiling, posing an impact hazard.",,,Repair,About 320,"The firm has received four reports of canopy hardware components breaking and chandeliers detaching, including one report in which the chandelier fell to the floor. No injuries have been reported.",Consumers should keep clear of the area directly beneath the chandelier hung on a vaulted ceiling or sloped beam and contact RH to schedule a free in-home repair.&nbsp;A technician will replace the canopy hardware of 48” and 60” chandeliers installed on a vaulted ceiling or sloped beam.,Sold At,"RH galleries and online at https://rh.com/us/en/ from September 2021 through October 2024 and RH Outlets nationwide from September 2021 through September 2025 for between $1,700 and $7,700.&nbsp;",,,,United States,Retailer:,"RH US, LLC, of Corte Madera, California&nbsp;&nbsp;"
26-176,,8-Jan-26,,Pounding Toys Recalled Due to Risk of Serious Injury or Death from Magnet Ingestion Hazard; Violate Mandatory Standard for Toys; Sold on Amazon by Findriver and Weeksome,Lterfear Multifunction Pounding Game,"This recall involves the Lterfear Multifunction Pounding Game, model No. D888.&nbsp; The wooden multifunction pounding game includes four games: whack-a-mole, fishing, xylophone, and carrot cutting. The toy has a xylophone, gears, a clock, holes to insert various fruit shapes, and “moles” for pounding. The toy is sold with accessories, including xylophone mallets, a fishing rod, a pounding mallet, four wooden fish, four wooden carrots, wooden fruit and wooden knives. There are no markings on the product.","The recalled pounding toys violate the mandatory standard for toys because they contain high-powered magnets, which can detach, posing an ingestion hazard to children. When high-powered magnets are swallowed, the ingested magnets can attract each other, or other metal objects, and become lodged in the digestive system. This can result in perforations, twisting and/or blockage of the intestines, blood poisoning, and death.",,,Refund,"About 3,500  ",None reported,"Consumers should immediately stop using the recalled pounding toys and contact Findriver to receive a full refund. Consumers should write “RECALLED” on the base of the product with permanent marker, throw the product away, and send a photo of the disposed product to Findriverpoundingtoysrecall@outlook.com.&nbsp;",Sold Online At,Amazon.com from June 2025 through September 2025 for between $24 and $28.&nbsp;,,,,China,Retailer:,"Shenzhen Haichuan International Travel Service Co., Ltd., dba Findriver and Weeksome,&nbsp;&nbsp;&nbsp;"
26-175,,8-Jan-26,,YOLAAH Adult Portable Bed Rails Recalled Due to Risk of Serious Injury or Death from Entrapment and Asphyxiation Hazards; Violate Mandatory Standard for Adult Portable Bed Rails,YOLAAH Portable Bed Rails,"This recall involves YOLAAH Bed Rails, model BR-01. The bed rail has a black rubber hand grip, storage pocket, and white metal base. The bed rails measure 15.8 inches tall by 26.8 inches wide. The bed rail has “YOLAAH” printed on the storage pocket.","The recalled bed rails violate the mandatory standard for https://www.cpsc.gov/Business--Manufacturing/Business-Education/Busines… lang=""EN-US"">adult portable bed rails, because when the bed rails are attached to a bed, users can become entrapped within the bed rail or between the bed rail and the side of the mattress, posing a serious entrapment hazard and risk of death by asphyxiation. In addition, the bed rails do not bear the required hazard warning labels.",,,Refund,"About 14,250",None reported ,"Consumers should immediately stop using the YOLAAH Bed Rail and contact YOLAAH for a refund. Consumers should use scissors to cut the black fabric mesh bag off the upper rail and cut the black safety strap in half. Then, using a permanent marker, write “RECALLED” on both the upper and lower rails. Finally, take a photo of the marked bed rails and email the photo to yolaahproductrecall@outlook.com. Consumers should then dispose of the recalled product in accordance with state and local waste disposal procedures.&nbsp;",Sold Online At,Amazon.com from September 2025 through October 2025 for about $35.&nbsp;,,,,China,Retailer:,"Guangzhou Aowei Technology Co., Ltd. dba Yolaah, of China"
26-174,,8-Jan-26,,Vasicar 18-Drawer Dressers Recalled Due to Risk of Serious Injury or Death from Tip-Over and Entrapment; Violates Mandatory Standard for Clothing Storage Units,Vasicar 18-Drawer Dressers,"This recall involves Vasicar 18-Drawer Dressers. The dressers were sold in black, white, gray, and mixed colors. They have a metal frame, wooden top, and 18 collapsable fabric drawers. The dressers are 37.8 inches long by 11.8 inches wide by 57.1 inches tall. Some of the dressers have “VR-US18D-Black,” “VR-US18D-White,” “VR-US18D-Gray,” and “VR-US18D-Mixed” printed on the product packaging.","The recalled dressers are unstable if they are not anchored to the wall, posing tip-over and entrapment hazards that can result in risks of serious injuries or death to children. The dressers violate the mandatory standard as required by the https://www.cpsc.gov/Business--Manufacturing/Business-Education/Busines… lang=""EN-US"">STURDY Act.",,,Refund,"About 4,155",None reported,"Consumers should immediately stop using the recalled dressers, if they are not anchored to the wall, and place them in an area that children cannot access. Contact Vasicar for instructions on how to dispose of the dressers to receive a full refund. Consumers must submit a photo to vasicarus2025@outlook.com showing disposal of the product.&nbsp;",Sold Online At,Amazon.com from September 2025 through November 2025 for about $120.&nbsp;&nbsp;,,,,China,Retailer:,"Shanghai Jingtin Technology Co., Ltd., doing business as Vasicar of China"
26-173,,8-Jan-26,,Sangohe Adult Portable Bed Rails Recalled Due to Risk of Serious Injury or Death from Entrapment and Asphyxiation; Violate Mandatory Standard for Adult Portable Bed Rails,Sangohe Bed Rails,"This recall involves Sangohe-branded adult portable bed rails. The black, trapezoidal-shaped bed rails measure about 22.4 inches wide by 32 inches tall and have an extendable handle with gray padding and a storage mesh pocket. Model number “KDB504A01FT” is printed on a label located on the frame, either on the bottom foot tube or on the horizontal cross tube. “Sangohe” is printed on the product packaging.","The recalled bed rails violate the mandatory standard for https://www.cpsc.gov/Business--Manufacturing/Business-Education/Busines… lang=""EN-US"">adult portable bed rails because when the bed rails are attached to a bed, users can become entrapped within the bed rail or between the bed rail and the side of the mattress, posing a serious entrapment hazard and risk of death by asphyxiation. In addition, the bed rails do not bear the required hazard warning labels.",,,Refund,"About 26,200",None reported,"Consumers should immediately stop using the recalled bed rails and contact Sangohe for a full refund. Consumers should destroy the bed rails by cutting the handrails’ foam padding and writing “RECALLED” on the upper and lower rails with permanent marker, take a photo of the destroyed rails and email the photo to SGHproductrecall@163.com.&nbsp;&nbsp;",Sold Online At,Amazon.com and Walmart.com from August 2023 through October 2025 for between $50 and $80.,,,"Zhongshan Biankang Medical Equipment Co., Ltd., dba Sangohe, of China",China,,
26-172,,8-Jan-26,,Rattan 6-Drawer Dressers Recalled Due to Risk of Serious Injury or Death from Tip-Over and Entrapment; Violate Mandatory Standard for Clothing Storage Units; Sold on Amazon by Rattan,Rattan 6-Drawer Dressers,"This recall involves Rattan 6-Drawer Dressers, model YD001. The dressers are a natural wood color. They are made of wood, have six drawers with woven rattan drawer fronts, gold handles, and measure 43.3 inches by 15.7 inches by 29.5 inches. The model number “YD001” can be found on the product packaging.&nbsp;","The recalled dressers are unstable if they are not anchored to the wall, posing tip-over and entrapment hazards that can result in a risk of serious injuries or death to children. The dressers violate the mandatory standard as required by the https://www.cpsc.gov/Business--Manufacturing/Business-Education/Busines… lang=""EN-US"">STURDY Act.&nbsp;",,,Refund,About 870,None reported ,"Consumers should immediately stop using the recalled dressers, if they are not anchored to the wall, and place them in an area that children cannot access. Consumers should write “RECALLED” on the front, side, and back with permanent marker, take photos and email them to FUQARHYrecall@outlook.com. Consumers should then dispose of the recalled product in accordance with state and local waste disposal procedures.",Sold Online At,Amazon.com from September 2025 through November 2025 for about $150.&nbsp;,,"Fuzhou Sunrise Creation Corporation Co., Ltd., of China&nbsp;",,China,Retailer:,"Ningbo Honghui E-Commerce Co., Ltd., dba Rattan, of China"
26-171,,8-Jan-26,,NFSVLB Baby Bath Seats Recalled Due to Risk of Serious Injury or Death to Children from Drowning and Entrapment; Violate Mandatory Standard for Infant Bath Seats; Sold on Amazon by NFSVLB,NFSVLB Baby Bath Seats (blue),This recall involves NFSVLB-branded Baby Bath Seats. They are blue and white and have detachable arms that serve as a restraint. There are four suction cups on the seat’s bottom. “Model No.: ZY2025” is printed on a label located on the side of the bath seat.&nbsp;,"The recalled bath seats violate the mandatory standard for https://www.cpsc.gov/Business--Manufacturing/Business-Education/Busines… lang=""EN-US"">infant bath seats because they are unstable and can tip over while in use, and have leg openings that allow the child to slip down until the child's torso can become entrapped, posing a risk of serious injury or death due to drowning and entrapment.&nbsp;",,,Refund,"About 1,430  ",None reported,"Consumers should immediately stop using the recalled bath seats and contact NFSVLB to request a full refund. Consumers should write “Recalled” on the front of the bath seat in permanent marker, disassemble the bath seat by removing the back rest and arm restraints, discard the screws, cut the four suction cups on the bottom and send a photo of the disassembled recalled bath seat to NFSVLB at amzmaihuayd@163.com. Upon receipt of the photo, NFSVLB will provide the consumer with a full refund.&nbsp;",Sold Online At,Amazon.com from May 2025 through October 2025 for between $25 and $40.&nbsp;,,,,China,Retailer:,"Shenzhen Maihua Trading Co., Ltd., dba NFSVLB, of China&nbsp;"
26-170,,8-Jan-26,,Marcus Adler Glove Recalls Julie and Judah Pajama Pants and Shorts Due to Burn Hazard; Violates Mandatory Flammability Standards for Children’s Sleepwear,Julie and Judah pajama pants and shorts,"This recall involves Julie and Judah pajama and lounge pants and shorts sold separately in various prints, including Fuzzy Heart, Gummy Bear, Star, Star Multi, Teddy Bear, Candy, Graffiti, Sprinkle, Smiley Flower, Shooting Star, Ribbon, Cloud, Boys Varsity Sports (pants only) and Boys Gaming (pants only). The pants were sold in sizes “S”, “M” and “L”.&nbsp;The shorts were sold in sizes “S” and “M”. “Julie and Judah” appear on the main label sewn into the pants and shorts.","The pajama pants and shorts violate the mandatory standards for flammability of children’s sleepwear, posing a risk of burn injuries to children.",,,Refund,"About 18,700",None reported,"Consumers should immediately stop using the pajama pants and shorts and contact Marcus Adler Glove for a full refund. Consumers will be asked to destroy the pajama pants and shorts by cutting them as directed and permanently marking them with the word “Recall” and a unique identifier. Consumers will be asked to email a photo of the destroyed garment to info@julieandjudahaccessories.com. Upon receipt of the refund, consumers should dispose of the recalled product in the trash.",Sold At,"Groove, J &amp; S Kidswear, Just Between Friends, Mortons and Stella Mara stores nationwide and online at julieandjudahaccessories.com and marcusadlerny.com from March 2023 through May 2025 for between $16 and $36.","Marcus Adler Glove Co., of New York, New York",,,China,,
26-169,,8-Jan-26,,The Kalencom Corporation Recalls SARO Braided Crib Bumpers Due to Risk of Serious Injury or Death from Suffocation; Violates Federal Crib Bumper Ban,SARO Braided Crib Bumpers,"This recall involves SARO Braided Crib Bumpers, Model 1374. The crib bumpers were sold in salmon, gray and mint colors. “Ref. 1374” is printed on a tag sewn into the crib bumpers and on a tag attached to the product packaging.","The recalled padded crib bumpers violate the federal ban on crib bumpers because they can obstruct an infant’s breathing, posing a risk of serious injury or death, due to suffocation.&nbsp;This creates an unsafe sleeping environment for infants. Padded crib bumpers are banned by the federal&nbsp;https://www.cpsc.gov/Business--Manufacturing/Business-Education/Busines… Sleep for Babies Act.",,,Refund,About 55,None reported,"Consumers should stop using the crib bumpers immediately and request a full refund in one of the following ways:For SARO Braided Crib Bumpers purchased in store at MacroBaby in Orlando, Florida, consumers should return the item to the store for a refund.&nbsp; &nbsp;&nbsp;For SARO Braided Crib Bumpers purchased online, consumers should email&nbsp;info@kalencom.com with the subject line “Crib Bumper Recall – Refund Request” and include name and phone number, along with a photo showing the crib bumper cut in half as proof of destruction.&nbsp;",Sold At,"MacroBaby, of Orlando, Florida and online at Kalencombaby.com and Target.com from May 2024 through October 2025 for about $60.","The Kalencom Corporation, of New Orleans, Louisiana",,,China,,
26-168,,8-Jan-26,,Infant Innovations Recalls BabyBond Retractable Safety Gates Due to Risk of Serious Injury or Death to Children from Entrapment; Violates Mandatory Standard for Gates and Enclosures,BabyBond Retractable Safety Gates,"This recall involves&nbsp;BabyBond-branded&nbsp;retractable safety gates. The recalled safety gates were&nbsp;sold in black, gray and white and have a metal frame. They measure about 33 inches high with an adjustable width up to 55 inches. “Retractable Safety Gate” and model number “SH20.006DB” are&nbsp;printed on a white label stitched to the mesh fabric on the side of the gate.","The recalled gates violate the mandatory standard for&nbsp;https://www.federalregister.gov/documents/2020/07/06/2020-12561/safety-… gates and expandable enclosures because a child’s torso can fit through the opening between the gate and the floor, becoming entrapped, posing a risk of serious injury or death.",,,Refund,About 280,None reported,Consumers should immediately stop using the recalled gates and contact Infant Innovations at&nbsp;elsie@BabyBond-global.com&nbsp;for instructions to return the gates to any Target store for a full refund.,Sold Online At,Target.com from November 2024 through October 2025 for about $50.,,,,China,Retailer:,"Infant Innovations,&nbsp;dba BabyBond, of Sheridan, Wyoming"
26-166,,8-Jan-26,,DR Power Equipment Reannounces and Expands Recall of Leaf Vacuums Due to Laceration Hazard; New Remedy Available,Walk-Behind Leaf Vacuums and Tow-Behind Leaf Vacuums,This recall involves DR Power Equipment walk-behind leaf vacuums and tow-behind leaf vacuums with the following model numbers:&nbsp;Unit TypeModel Numbers&nbsp;Walk Behind Leaf Vacuum&nbsp;&nbsp;&nbsp;&nbsp;&nbsp;WL33006DMNWL35008DENSD&nbsp;&nbsp;&nbsp;WL33006DMNRWL35008DMN&nbsp;&nbsp;&nbsp;WL35008DENWL35008DMNR&nbsp;&nbsp;&nbsp;WL35008DENRWL35008DMNSD&nbsp;&nbsp;&nbsp;WL33106DMNWL35108DEN&nbsp;&nbsp;&nbsp;WL33106DMNRWL35108DENR&nbsp;&nbsp;&nbsp;&nbsp;WL35108DENSD&nbsp;&nbsp;Tow Behind LL3&nbsp;&nbsp;&nbsp;&nbsp;&nbsp;LL31027DMNLL33032DENLL33032DENR&nbsp;&nbsp;LL33032DENSDLL33032DMNLL35045DEN&nbsp;&nbsp;LL35045DMNLL35045DMNRLL37045DEN&nbsp;&nbsp;LL37045DMNLL37045DMNRLL37045DMNSD&nbsp;&nbsp;LL37060DENLL37060DENRLL37145DEN&nbsp;&nbsp;LL31127DMNLL33132DMNLL37160DEN&nbsp;&nbsp;LL31127DMNRLL33132DMNR&nbsp;&nbsp;&nbsp;LL33132DENLL35145DEN&nbsp;&nbsp;&nbsp;LL33132DENSDLL35145DMN&nbsp;&nbsp;Tow Behind LL2&nbsp;&nbsp;&nbsp;&nbsp;&nbsp;LL21009DMNLL21009DMNRLL21009DMNSD&nbsp;&nbsp;LL23009DENLL23009DENRLL23009DENSD&nbsp;&nbsp;LL23009DMNLL23009DMNRLL23009DMNT&nbsp;&nbsp;LL25013DENLL25013DENRLL25013DENSD&nbsp;&nbsp;LL25013DMNLL25013DMNRLL25013DMNSD&nbsp;&nbsp;LL27016DENLL27016DENRLL27016DENSD&nbsp;&nbsp;LL27016DMNLL27016DMNRLL27016DMNSD&nbsp;Additional LL2 Models&nbsp;*Note:&nbsp; These model numbers may or may not have spaces as printed on the data tags.&nbsp;&nbsp;&nbsp;&nbsp;&nbsp;LLVX13EDTDV3BF1LLVX13EDTDVBBF1LLVX13ENTDV3BF3&nbsp;&nbsp;LLVX13ENTDVBBF3LLVX13MDTDV3BF0LLVX13MDTDV3BF1&nbsp;&nbsp;LLVX13MDTDVBBF1LLVX13MNTDV3BF3LLVX13MNTDVBBF3&nbsp;&nbsp;LLVX16ELLVX16EDTDV3BF1LLVX16EDTDVBBF1&nbsp;&nbsp;LLVX16ENTDV2BF3LLVX16ENTDV3BF3LLVX16ENTDVBBF3&nbsp;&nbsp;LLVX16MDTDV2BF1LLVX16MDTDV3BF1LLVX16MDTDVBBF1&nbsp;&nbsp;LLVX16MNTDV2BF3LLVX16MNTDV3BF3LLVX16MNTDVBBF3&nbsp;&nbsp;LLVX9AMDTDVBBF3LLVX9AMNTDVBBF3LLVX9GMNTDVBBF3&nbsp;&nbsp;LLVXX9EDTDV3BF1LLVXX9EDTDVBBF1LLVXX9ENTDV3BF3&nbsp;&nbsp;LLVXX9ENTDVBBF3LLVXX9MDTDV3BF1LLVXX9MDTDVBBF1&nbsp;&nbsp;LLVXX9MNTDV3BF3LLVXX9MNTDVBBF3LLVXX9MNTDVBTF3&nbsp;&nbsp;&nbsp;“DR” is printed on the motor housing. The model number on the walk-behind leaf vacuum is located on the front right side of the unit behind the wheel. The model number on the tow-behind leaf vacuum is on the impeller housing beside the engine.&nbsp;,"Pieces from the recalled leaf vacuums can come loose inside the unit, or debris can pierce the chute, resulting in material ejecting and posing a laceration hazard to users and bystanders.",,,Repair,"About 60,250 (In addition, about 1,023 were sold in Canada) DR Power Equipment previously recalled 57,200 leaf blowers and vacuums in May 2024.  New models of leaf vacuums have been added to this recall.",The firm has received 46 reports of loose pieces being ejected from the units. No injuries have been reported.,Consumers should immediately stop using the recalled leaf vacuums and contact DR Power for a free repair kit that includes a metal outer shield to be bolted onto the existing chute of the recalled leaf vacuums and installation instructions.&nbsp; Consumers can contact DR Power for information and assistance on making the repair.&nbsp; Consumers who responded to the original recall should nevertheless contact DR Power for the new remedy.,Sold At,"Independent power equipment stores nationwide and online at drpower.com from September 2014 through June 2025 for between $1,300 and $4,000.",,"Generac Power Systems Inc., of Waukesha, Wisconsin","DR Power Equipment, of South Burlington, Vermont",United States,,
26-165,,8-Jan-26,,Agrish Adult Portable Bed Rails Recalled Due to Risk of Serious Injury or Death from Entrapment and Asphyxiation; Violate Mandatory Standard for Adult Portable Bed Rails; Sold on Amazon by Agrish Direct,Agrish Adult Portable Bed Rails,"This recall involves Agrish-branded adult portable bed rails, models&nbsp;2512, 2513, and&nbsp;2516, for use on adult beds.&nbsp;The model numbers are printed in the owner’s manual. The recalled bed rails have white tubing with rounded gray foam rubber handle grips. Some models include a gray fabric pouch, support legs and a motion-sensor light.Recalled Bed Rails:&nbsp;Model NumbersSize2512About 11 inches wide and 39 inches in height2513About 12 inches wide and 42 inches in height2516About&nbsp;37 inches wide and 45 inches in height","The recalled bed rails violate the mandatory standard for&nbsp;https://www.cpsc.gov/Business--Manufacturing/Business-Education/Busines… portable bed rails because when the bed rails are attached to a bed, users can become entrapped within the bed rail or between the bed rail and the side of the mattress, posing a serious entrapment hazard and risk of death by asphyxiation.",,,Refund,"About 5,000",The firm has received one report of a consumer fall involving an Agrish adult bed rail with model number 2512.,Consumers should immediately stop using the recalled adult portable bed rails and contact Agrish Direct for a full refund. Consumers should go to&nbsp;http://www.agrish.online/recall to register for the recall and receive instructions on how to dispose of the recalled bed rail.,Sold Online At,Amazon.com from April 2025 through October 2025 for between $50 and $80.,"Shenzhen Yunshangqinyang E-commerce Ltd. dba Agrish Direct, of China","Zhongshan Lebo Medical Co., Ltd., of China",,China,,
